ISO-10303-21;
HEADER;
FILE_DESCRIPTION (( 'STEP AP214' ),
    '1' );
FILE_NAME ('头部连接件迭代.STEP',
    '2026-05-21T15:37:20',
    ( '' ),
    ( '' ),
    'SwSTEP 2.0',
    'SolidWorks 2022',
    '' );
FILE_SCHEMA (( 'AUTOMOTIVE_DESIGN' ));
ENDSEC;

DATA;
#1 = EDGE_CURVE ( 'NONE', #2308, #1378, #1883, .T. ) ;
#2 = CARTESIAN_POINT ( 'NONE',  ( -4.459102015370124406, -7.121333703898282685, -13.65353439024022286 ) ) ;
#3 = CARTESIAN_POINT ( 'NONE',  ( 3.199999999999996625, 0.8584408497449129705, 14.87402397592106595 ) ) ;
#4 = LINE ( 'NONE', #2238, #24 ) ;
#5 = CARTESIAN_POINT ( 'NONE',  ( 0.4277704545484047882, 7.070408937953709838, -8.905342409781043855 ) ) ;
#6 = CARTESIAN_POINT ( 'NONE',  ( 4.750676689965245281, 8.249895957623740728, -13.65353439024021398 ) ) ;
#7 = ORIENTED_EDGE ( 'NONE', *, *, #911, .T. ) ;
#8 = DIRECTION ( 'NONE',  ( 0.000000000000000000, 0.000000000000000000, -1.000000000000000000 ) ) ;
#9 = CARTESIAN_POINT ( 'NONE',  ( -10.20702516543046912, 11.41973567553709223, -3.557211016089484978 ) ) ;
#10 = EDGE_CURVE ( 'NONE', #339, #497, #2253, .T. ) ;
#11 = CARTESIAN_POINT ( 'NONE',  ( -4.222561573683755398, 7.315092688795437503, -13.65353439024021220 ) ) ;
#12 = CARTESIAN_POINT ( 'NONE',  ( 10.70143366444252742, 0.3782099134911260929, -11.80707896918884003 ) ) ;
#13 = CARTESIAN_POINT ( 'NONE',  ( -10.57667898939264894, -0.09849210089354222541, -12.04877936932064664 ) ) ;
#14 = DIRECTION ( 'NONE',  ( -0.000000000000000000, -0.000000000000000000, 1.000000000000000000 ) ) ;
#15 = CARTESIAN_POINT ( 'NONE',  ( -3.469446951953614189E-15, -6.938893903907228378E-15, -24.76024934587180226 ) ) ;
#16 = VERTEX_POINT ( 'NONE', #4843 ) ;
#17 = CARTESIAN_POINT ( 'NONE',  ( 1.864429235938914520, -7.692860500418469805, 13.40799355303541596 ) ) ;
#18 = CARTESIAN_POINT ( 'NONE',  ( -10.74363129832245534, -0.1324072820885276724, -11.79026653059679575 ) ) ;
#19 = CARTESIAN_POINT ( 'NONE',  ( -1.721033627192096072, -9.477037460641708932, -12.71396401338926729 ) ) ;
#20 = CARTESIAN_POINT ( 'NONE',  ( -3.811272667616095511, -7.458001254896970522, -13.65353439024021043 ) ) ;
#21 = ORIENTED_EDGE ( 'NONE', *, *, #659, .T. ) ;
#22 = ORIENTED_EDGE ( 'NONE', *, *, #2916, .F. ) ;
#23 = AXIS2_PLACEMENT_3D ( 'NONE', #1100, #2036, #2006 ) ;
#24 = VECTOR ( 'NONE', #3537, 1000.000000000000000 ) ;
#25 = CARTESIAN_POINT ( 'NONE',  ( 11.86724107556538854, 2.874916293913042153, -8.608274133168224651 ) ) ;
#26 = CARTESIAN_POINT ( 'NONE',  ( -12.25000000000004619, -0.1409475013605216709, -9.318132811047551201 ) ) ;
#27 = CARTESIAN_POINT ( 'NONE',  ( -6.758397202608378507, 3.938840784872682299, -13.65353439024021398 ) ) ;
#28 = CARTESIAN_POINT ( 'NONE',  ( -6.249999999999998224, -5.227723404215887548, -8.524723339147932677 ) ) ;
#29 = CARTESIAN_POINT ( 'NONE',  ( 6.357123196948250234E-16, -10.28104244438774550, -24.76024934587180937 ) ) ;
#30 = CARTESIAN_POINT ( 'NONE',  ( 7.029418785840207740, 12.17531048475404098, -6.025986191255835678 ) ) ;
#31 = DIRECTION ( 'NONE',  ( 1.000000000000000000, 0.000000000000000000, 0.000000000000000000 ) ) ;
#32 = CARTESIAN_POINT ( 'NONE',  ( -3.381860963260066466, 6.742778644355559514, -9.452476124401039570 ) ) ;
#33 = CARTESIAN_POINT ( 'NONE',  ( 4.203688048570607627, 7.324728599045857713, -13.65353439024022997 ) ) ;
#34 = EDGE_CURVE ( 'NONE', #1136, #4087, #5034, .T. ) ;
#35 = ORIENTED_EDGE ( 'NONE', *, *, #5304, .T. ) ;
#36 = DIRECTION ( 'NONE',  ( 1.000000000000000000, 0.000000000000000000, 0.000000000000000000 ) ) ;
#37 = CARTESIAN_POINT ( 'NONE',  ( -7.495082897782416431, 1.429992247379630488, -16.56226468677081343 ) ) ;
#38 = CARTESIAN_POINT ( 'NONE',  ( -4.218251516697987036, 7.317428432351388068, -13.65353439024021576 ) ) ;
#39 = CARTESIAN_POINT ( 'NONE',  ( 10.73643844966013816, 0.1616096204033013184, -11.79141414120865150 ) ) ;
#40 = CARTESIAN_POINT ( 'NONE',  ( 11.87933610953258423, -2.399044891258638401, -8.905224430740616981 ) ) ;
#41 = CARTESIAN_POINT ( 'NONE',  ( 9.699999999999999289, 5.676028709390968707, -8.243681327512442536 ) ) ;
#42 = ADVANCED_FACE ( 'NONE', ( #4461 ), #4490, .F. ) ;
#43 = CARTESIAN_POINT ( 'NONE',  ( -3.797213619550849018, -6.576966916254618489, 13.40799355303541596 ) ) ;
#44 = VERTEX_POINT ( 'NONE', #4058 ) ;
#45 = CARTESIAN_POINT ( 'NONE',  ( -0.2907054990615087764, -1.343638720657869046, 15.23975065412817287 ) ) ;
#46 = CARTESIAN_POINT ( 'NONE',  ( 7.811825646387161370, -15.04274960149093232, -11.65353439024021753 ) ) ;
#47 = DIRECTION ( 'NONE',  ( 0.000000000000000000, 0.000000000000000000, 1.000000000000000000 ) ) ;
#48 = CARTESIAN_POINT ( 'NONE',  ( 7.811825646387161370, -1.894127441243125931, -11.65353439024021753 ) ) ;
#49 =( BOUNDED_SURFACE ( )  B_SPLINE_SURFACE ( 3, 2, ( 
 ( #2802, #4100, #2832 ),
 ( #3708, #4846, #1304 ),
 ( #5195, #954, #25 ),
 ( #1725, #1831, #74 ),
 ( #4333, #1752, #2609 ),
 ( #446, #4763, #4305 ),
 ( #4791, #3107, #930 ),
 ( #899, #1778, #5082 ),
 ( #53, #2256, #523 ),
 ( #1355, #3956, #5271 ),
 ( #2635, #1272, #4358 ),
 ( #3981, #474, #2178 ),
 ( #3907, #2999, #846 ),
 ( #3477, #2580, #4387 ),
 ( #3879, #3080, #4734 ),
 ( #3502, #101, #5222 ),
 ( #2206, #2689, #3934 ),
 ( #420, #4413, #1329 ) ),
 .UNSPECIFIED., .F., .F., .T. ) 
 B_SPLINE_SURFACE_WITH_KNOTS ( ( 4, 2, 2, 2, 2, 2, 2, 2, 4 ),
 ( 3, 3 ),
 ( 0.02024204981530234454, 0.02208849380581835720, 0.02301171580107636699, 0.02347332679870536842, 0.02370413229751987261, 0.02381953504692712470, 0.02387723642163074728, 0.02390608710898255856, 0.02393493779633437332 ),
 ( 0.000000000000000000, 1.000000000000000000 ),
 .UNSPECIFIED. ) 
 GEOMETRIC_REPRESENTATION_ITEM ( )  RATIONAL_B_SPLINE_SURFACE ( (
 ( 1.000000000000000000, 0.9487013744395420556, 1.000000000000000000),
 ( 1.000000000000000000, 0.9497596280448040718, 1.000000000000000000),
 ( 1.000000000000000000, 0.9509543858141220607, 1.000000000000000000),
 ( 1.000000000000000000, 0.9539447405354162246, 1.000000000000000000),
 ( 1.000000000000000000, 0.9551276342340052627, 1.000000000000000000),
 ( 1.000000000000000000, 0.9576628675447779182, 1.000000000000000000),
 ( 1.000000000000000000, 0.9586393804850118494, 1.000000000000000000),
 ( 1.000000000000000000, 0.9605006969953315821, 1.000000000000000000),
 ( 1.000000000000000000, 0.9611885887499767023, 1.000000000000000000),
 ( 1.000000000000000000, 0.9623826012637602956, 1.000000000000000000),
 ( 1.000000000000000000, 0.9628092877839294905, 1.000000000000000000),
 ( 1.000000000000000000, 0.9634927154487955558, 1.000000000000000000),
 ( 1.000000000000000000, 0.9637277382425830652, 1.000000000000000000),
 ( 1.000000000000000000, 0.9640731289054926823, 1.000000000000000000),
 ( 1.000000000000000000, 0.9641875073429031495, 1.000000000000000000),
 ( 1.000000000000000000, 0.9643954062173156760, 1.000000000000000000),
 ( 1.000000000000000000, 0.9644982057882193205, 1.000000000000000000),
 ( 1.000000000000000000, 0.9645145105621956150, 1.000000000000000000) ) ) 
 REPRESENTATION_ITEM ( '' )  SURFACE ( )  );
#50 = ADVANCED_FACE ( 'NONE', ( #179 ), #3583, .T. ) ;
#51 = ORIENTED_EDGE ( 'NONE', *, *, #4724, .T. ) ;
#52 = ORIENTED_EDGE ( 'NONE', *, *, #76, .T. ) ;
#53 = CARTESIAN_POINT ( 'NONE',  ( 12.24999999999999112, 0.3025862721290873969, -8.712300151428550521 ) ) ;
#54 = AXIS2_PLACEMENT_3D ( 'NONE', #2659, #3150, #4865 ) ;
#55 = CARTESIAN_POINT ( 'NONE',  ( -3.555182337826453765, -7.521258025238523715, -13.65353439024020332 ) ) ;
#56 = CARTESIAN_POINT ( 'NONE',  ( -4.996124101430183373, -6.335548272093890709, -13.65353439024021220 ) ) ;
#57 = FACE_BOUND ( 'NONE', #600, .T. ) ;
#58 = CARTESIAN_POINT ( 'NONE',  ( -11.85870231649371043, -5.344558402081251103, -6.527480963698661043 ) ) ;
#59 = CARTESIAN_POINT ( 'NONE',  ( 6.335548272093882716, -4.996124101430172715, -8.749999997787799799 ) ) ;
#60 = CARTESIAN_POINT ( 'NONE',  ( 4.690532659533715787, 8.282749213412142097, -13.65353439024022286 ) ) ;
#61 = DIRECTION ( 'NONE',  ( 1.000000000000000000, 0.000000000000000000, 0.000000000000000000 ) ) ;
#62 = CARTESIAN_POINT ( 'NONE',  ( 11.88388006472142777, 5.599621544212628699, 6.717371246241587990 ) ) ;
#63 = CARTESIAN_POINT ( 'NONE',  ( -4.220104534263801277, 7.316438871894686891, -13.65353439024021576 ) ) ;
#64 = CARTESIAN_POINT ( 'NONE',  ( 10.57786719367685002, 0.08507447040058237209, -12.04773748382994114 ) ) ;
#65 = CARTESIAN_POINT ( 'NONE',  ( 11.97115296434014198, 0.000000000000000000, -9.794801864921515389 ) ) ;
#66 = CARTESIAN_POINT ( 'NONE',  ( -8.925446771053765715, -15.04274960149093410, -13.31481341276963093 ) ) ;
#67 = ORIENTED_EDGE ( 'NONE', *, *, #5171, .T. ) ;
#68 = ORIENTED_EDGE ( 'NONE', *, *, #1447, .T. ) ;
#69 = CARTESIAN_POINT ( 'NONE',  ( 11.89550688829851843, -5.439786974697151223, 6.853555111758789842 ) ) ;
#70 = CARTESIAN_POINT ( 'NONE',  ( 1.721033627192336546, 9.477037460641694722, -12.71396401338927085 ) ) ;
#71 = CARTESIAN_POINT ( 'NONE',  ( 6.520607978663559123, 4.333230450545547896, -13.65353439024021576 ) ) ;
#72 = ORIENTED_EDGE ( 'NONE', *, *, #3323, .T. ) ;
#73 = CARTESIAN_POINT ( 'NONE',  ( -11.83994652290029848, 4.646487327198089545, -7.217935900620489953 ) ) ;
#74 = CARTESIAN_POINT ( 'NONE',  ( 11.89003829903445997, 2.010121014813672335, -9.135282489535027750 ) ) ;
#75 = ADVANCED_FACE ( 'NONE', ( #1084 ), #2914, .T. ) ;
#76 = EDGE_CURVE ( 'NONE', #2764, #4380, #4764, .T. ) ;
#77 = CARTESIAN_POINT ( 'NONE',  ( 11.87426052245292851, 5.439786974697151223, 6.896586955619309123 ) ) ;
#78 = DIRECTION ( 'NONE',  ( -1.000000000000000000, 0.000000000000000000, 1.095185450775958527E-16 ) ) ;
#79 = CARTESIAN_POINT ( 'NONE',  ( -11.80947616854980531, -2.961130681997645731, 8.816256811318966768 ) ) ;
#80 = CIRCLE ( 'NONE', #615, 0.8999999999999999112 ) ;
#81 = DIRECTION ( 'NONE',  ( 1.000000000000000000, 0.000000000000000000, 0.000000000000000000 ) ) ;
#82 = CARTESIAN_POINT ( 'NONE',  ( 8.201400691253645903, 4.839244551548063100, -12.71224979594100368 ) ) ;
#83 = CARTESIAN_POINT ( 'NONE',  ( 4.668460143793639716, 8.294156317701334657, -13.65353439024024240 ) ) ;
#84 = AXIS2_PLACEMENT_3D ( 'NONE', #1545, #3269, #4584 ) ;
#85 = DIRECTION ( 'NONE',  ( 0.000000000000000000, 0.000000000000000000, 1.000000000000000000 ) ) ;
#86 = CARTESIAN_POINT ( 'NONE',  ( 3.199999999999998845, -12.62357961230940262, 7.308896613794404473 ) ) ;
#87 = DIRECTION ( 'NONE',  ( -0.000000000000000000, -0.000000000000000000, 1.000000000000000000 ) ) ;
#88 = CARTESIAN_POINT ( 'NONE',  ( -5.237806738377832616, 8.642591174899870055, -12.75544105500606129 ) ) ;
#89 = CARTESIAN_POINT ( 'NONE',  ( -4.213278513402689995, 7.320005246823770406, -13.65353439024021576 ) ) ;
#90 = CARTESIAN_POINT ( 'NONE',  ( 6.284120534251916190, 5.167167424983727386, -13.26482531009111376 ) ) ;
#91 = ORIENTED_EDGE ( 'NONE', *, *, #905, .F. ) ;
#92 = ORIENTED_EDGE ( 'NONE', *, *, #1940, .F. ) ;
#93 = CARTESIAN_POINT ( 'NONE',  ( -4.223171334864573190, 7.314747321054080764, -11.65353439024021576 ) ) ;
#94 = CARTESIAN_POINT ( 'NONE',  ( 3.199999995179072965, -5.542562567520256778, 13.83072458560983442 ) ) ;
#95 = DIRECTION ( 'NONE',  ( 1.000000000000000000, 0.000000000000000000, 0.000000000000000000 ) ) ;
#96 = CARTESIAN_POINT ( 'NONE',  ( -6.255022669899759080, 7.159775680012426591, -7.020844722651194303 ) ) ;
#97 = VERTEX_POINT ( 'NONE', #1346 ) ;
#98 = EDGE_LOOP ( 'NONE', ( #5207, #306, #1954, #1162 ) ) ;
#99 = EDGE_CURVE ( 'NONE', #3927, #2579, #310, .T. ) ;
#100 = CARTESIAN_POINT ( 'NONE',  ( -11.88082662494147890, 6.057617642063538810, -5.700133597719980294 ) ) ;
#101 = CARTESIAN_POINT ( 'NONE',  ( 12.24999999999997335, 0.05514781125794101374, -9.322980034501609836 ) ) ;
#102 = CARTESIAN_POINT ( 'NONE',  ( 11.89569333884093894, 5.439786974697151223, 6.853555111758852014 ) ) ;
#103 = AXIS2_PLACEMENT_3D ( 'NONE', #331, #5418, #4994 ) ;
#104 = CARTESIAN_POINT ( 'NONE',  ( -12.24999999999999467, -0.7237388365518481192, 8.299843488900236821 ) ) ;
#105 = AXIS2_PLACEMENT_3D ( 'NONE', #3255, #1142, #4573 ) ;
#106 = AXIS2_PLACEMENT_3D ( 'NONE', #4212, #2825, #4553 ) ;
#107 = ADVANCED_FACE ( 'NONE', ( #4266 ), #2460, .T. ) ;
#108 = B_SPLINE_CURVE_WITH_KNOTS ( 'NONE', 3,
 ( #2126, #1244, #2971, #3034 ),
 .UNSPECIFIED., .F., .F.,
 ( 4, 4 ),
 ( 3.974750819240313445E-18, 0.0001837030362920363108 ),
 .UNSPECIFIED. ) ;
#109 = CARTESIAN_POINT ( 'NONE',  ( -11.79646442563454478, -0.7004949681737402400, 9.592499565699482034 ) ) ;
#110 = CARTESIAN_POINT ( 'NONE',  ( -11.90278586330766153, -6.741100326465246262, -4.700084114859255813 ) ) ;
#111 = CARTESIAN_POINT ( 'NONE',  ( 5.056631844582018864, 8.758343269986552215, -12.75869244000834435 ) ) ;
#112 = CARTESIAN_POINT ( 'NONE',  ( 5.035834281802471502, 8.770205065453632542, -12.75863237043250820 ) ) ;
#113 = CARTESIAN_POINT ( 'NONE',  ( 6.054825691177108560, 5.575570227178383576, -12.38706392941234213 ) ) ;
#114 = CARTESIAN_POINT ( 'NONE',  ( 3.200000000000000622, -11.95052444235216882, 8.478212588889713075 ) ) ;
#115 = CARTESIAN_POINT ( 'NONE',  ( -4.631120213454461343, 6.951307177048531294, -13.65353439024021043 ) ) ;
#116 = CARTESIAN_POINT ( 'NONE',  ( -3.887565830218649765, 7.437759676962615529, -13.65353439024021576 ) ) ;
#117 = CARTESIAN_POINT ( 'NONE',  ( 11.89780282429566682, -1.758856467132879464, -9.274933921712673168 ) ) ;
#118 = ORIENTED_EDGE ( 'NONE', *, *, #2312, .F. ) ;
#119 = ORIENTED_EDGE ( 'NONE', *, *, #976, .F. ) ;
#120 = CARTESIAN_POINT ( 'NONE',  ( -10.73077460073704437, 0.2153705134645028385, -11.79329091686227571 ) ) ;
#121 = CARTESIAN_POINT ( 'NONE',  ( -6.463294073681795204, -4.555459156559162892, -13.65353439024021576 ) ) ;
#122 = CARTESIAN_POINT ( 'NONE',  ( -9.967202855135383288, -0.7120877844498479936, -12.55482911582174843 ) ) ;
#123 = DIRECTION ( 'NONE',  ( 0.000000000000000000, -0.000000000000000000, 1.000000000000000000 ) ) ;
#124 = CARTESIAN_POINT ( 'NONE',  ( 5.726199813745941114, -5.962120290137220557, -13.64072734507227302 ) ) ;
#125 = CARTESIAN_POINT ( 'NONE',  ( -3.086272258368426544E-15, 10.28104244438736536, -24.76024934587180937 ) ) ;
#126 = VERTEX_POINT ( 'NONE', #5602 ) ;
#127 = CARTESIAN_POINT ( 'NONE',  ( -12.25000000000000888, 3.799602078408075290, -6.346792429940498081 ) ) ;
#128 = CARTESIAN_POINT ( 'NONE',  ( -12.24999999999999645, 7.089160035074845110E-14, 8.380125194933041755 ) ) ;
#129 = CARTESIAN_POINT ( 'NONE',  ( 6.826120071911883969, -6.958831463261885730, -12.71827702392456061 ) ) ;
#130 = ADVANCED_FACE ( 'NONE', ( #5084 ), #2891, .F. ) ;
#131 = CARTESIAN_POINT ( 'NONE',  ( 10.55508992698979398, -5.439786974697152111, 9.059175098636696788 ) ) ;
#132 = AXIS2_PLACEMENT_3D ( 'NONE', #1375, #4381, #2730 ) ;
#133 = CARTESIAN_POINT ( 'NONE',  ( -11.89702899626474952, -6.656354753696222204, 5.399492414409685637 ) ) ;
#134 = CARTESIAN_POINT ( 'NONE',  ( 7.811825646387155153, -1.894127441243119048, -11.65353439024021576 ) ) ;
#135 = CARTESIAN_POINT ( 'NONE',  ( -6.249999999999996447, 3.000000000000024425, 5.196152422706619589 ) ) ;
#136 = CARTESIAN_POINT ( 'NONE',  ( 10.33876738601225043, -0.06338234865946920649, -12.24980682247694652 ) ) ;
#137 = CARTESIAN_POINT ( 'NONE',  ( -10.28104244438774373, -5.432281094608359541E-16, -24.76024934587180937 ) ) ;
#138 = CARTESIAN_POINT ( 'NONE',  ( 3.199999999999998845, -9.671376790021385617, 11.21194733401362420 ) ) ;
#139 = CARTESIAN_POINT ( 'NONE',  ( 4.788004787716968913, -8.228064431044222360, -13.65353439024021398 ) ) ;
#140 = CARTESIAN_POINT ( 'NONE',  ( -4.932844887185730443, 8.132384878484769430, -13.65353439024019444 ) ) ;
#141 = CARTESIAN_POINT ( 'NONE',  ( 4.837197200817708875, 8.870536752944103043, -12.75467446785751413 ) ) ;
#142 = EDGE_CURVE ( 'NONE', #1962, #249, #1681, .T. ) ;
#143 = CARTESIAN_POINT ( 'NONE',  ( 5.638694495012885000, 6.014640251876826937, -11.18788165402437684 ) ) ;
#144 = ORIENTED_EDGE ( 'NONE', *, *, #2287, .T. ) ;
#145 = VERTEX_POINT ( 'NONE', #2862 ) ;
#146 = CARTESIAN_POINT ( 'NONE',  ( -10.57283927838959947, 0.1352180540604391856, -12.05214666233006149 ) ) ;
#147 = CARTESIAN_POINT ( 'NONE',  ( -5.500000000000000888, -12.51779168172441992, 6.499999999999999112 ) ) ;
#148 = CARTESIAN_POINT ( 'NONE',  ( 3.000992371711417306, 9.333181313935181578, -12.72184764928356238 ) ) ;
#149 = CARTESIAN_POINT ( 'NONE',  ( -5.536055863933075472, 6.086448037301035896, -10.95547958029341551 ) ) ;
#150 = CARTESIAN_POINT ( 'NONE',  ( -6.249999999999997335, 7.347529074084025780, -6.785175864815699676 ) ) ;
#151 = ORIENTED_EDGE ( 'NONE', *, *, #2795, .T. ) ;
#152 = VERTEX_POINT ( 'NONE', #4621 ) ;
#153 = CARTESIAN_POINT ( 'NONE',  ( -12.25000000000215827, 5.937676853481085537, 5.549909017454615956 ) ) ;
#154 = SPHERICAL_SURFACE ( 'NONE', #1372, 2.000000000000000000 ) ;
#155 = CARTESIAN_POINT ( 'NONE',  ( 5.194333081000475971, -8.678841250766470949, -12.75869266638677146 ) ) ;
#156 = CARTESIAN_POINT ( 'NONE',  ( -10.28104244438774373, -5.432281094608359541E-16, -24.76024934587180937 ) ) ;
#157 = CARTESIAN_POINT ( 'NONE',  ( -12.25000000000000355, -5.269822354935616460, 5.358208593158582111 ) ) ;
#158 = CARTESIAN_POINT ( 'NONE',  ( 10.64448023800528453, 0.5781694018115308698, -11.84054038408412524 ) ) ;
#159 = CARTESIAN_POINT ( 'NONE',  ( 2.210124844629793195, -2.930396377564078225, -8.749999997787799799 ) ) ;
#160 = DIRECTION ( 'NONE',  ( 0.000000000000000000, 0.000000000000000000, 1.000000000000000000 ) ) ;
#161 = CARTESIAN_POINT ( 'NONE',  ( -8.249999999999998224, 0.000000000000000000, 9.035279968901654336E-16 ) ) ;
#162 = CARTESIAN_POINT ( 'NONE',  ( 10.66933305314342029, -0.5047205652861459502, -11.82513613422130483 ) ) ;
#163 = CARTESIAN_POINT ( 'NONE',  ( 6.463378840537933101, -4.555155535558171209, -13.65353439024021576 ) ) ;
#164 = PLANE ( 'NONE',  #3553 ) ;
#165 = EDGE_CURVE ( 'NONE', #126, #2837, #4283, .T. ) ;
#166 = CARTESIAN_POINT ( 'NONE',  ( 4.223315953933154177, -7.314663046164556093, -13.65353439024022286 ) ) ;
#167 = CARTESIAN_POINT ( 'NONE',  ( -5.649920854803418102, 8.304294050743362021, -12.74195580351767632 ) ) ;
#168 = CARTESIAN_POINT ( 'NONE',  ( -1.417419954544569372, 7.791628106808252241, -13.65353439024021220 ) ) ;
#169 = CARTESIAN_POINT ( 'NONE',  ( 7.496646891116844458, 12.98457330181771141, -3.557211016089472988 ) ) ;
#170 = AXIS2_PLACEMENT_3D ( 'NONE', #685, #2443, #4542 ) ;
#171 = ORIENTED_EDGE ( 'NONE', *, *, #1038, .T. ) ;
#172 = VERTEX_POINT ( 'NONE', #5506 ) ;
#173 = CARTESIAN_POINT ( 'NONE',  ( -10.34961971017871640, 6.221447008437342966E-14, -12.24063838753781397 ) ) ;
#174 = EDGE_CURVE ( 'NONE', #1457, #1821, #2591, .T. ) ;
#175 = CARTESIAN_POINT ( 'NONE',  ( 12.25000000000000178, -3.155209212591744805, -6.891022069788620641 ) ) ;
#176 = CARTESIAN_POINT ( 'NONE',  ( 4.873675150361112429, 8.173602898796145766, -13.65353439024020155 ) ) ;
#177 = CARTESIAN_POINT ( 'NONE',  ( -5.068395367396192341, -8.751506274581092981, -12.75867216765849221 ) ) ;
#178 = CARTESIAN_POINT ( 'NONE',  ( -11.85890039949158847, 5.278239008052250547, 7.094896869552037799 ) ) ;
#179 = FACE_OUTER_BOUND ( 'NONE', #5616, .T. ) ;
#180 = CARTESIAN_POINT ( 'NONE',  ( -12.24999999999999112, 7.107729039775716906, 1.043810525616012397 ) ) ;
#181 = CARTESIAN_POINT ( 'NONE',  ( -6.249999999999998224, 5.254212196540689384, -12.59322687635411064 ) ) ;
#182 = CARTESIAN_POINT ( 'NONE',  ( 4.223171334864728621, 7.314747321053991058, -13.65353439024021931 ) ) ;
#183 = CARTESIAN_POINT ( 'NONE',  ( 5.037545621682990138, -8.769240826067274952, -12.75864225789580253 ) ) ;
#184 = CARTESIAN_POINT ( 'NONE',  ( -11.90600765364792402, -6.839180281656876303, -4.524332626621720088 ) ) ;
#185 = CARTESIAN_POINT ( 'NONE',  ( 10.34835139409002558, 0.01628208237561122596, -12.24171066757734216 ) ) ;
#186 = CARTESIAN_POINT ( 'NONE',  ( -12.17845653014346041, -7.445938289308951852, 2.179931270084545680 ) ) ;
#187 = CARTESIAN_POINT ( 'NONE',  ( 10.34839238278794404, -0.01617573806896181743, -12.24167601774621872 ) ) ;
#188 = AXIS2_PLACEMENT_3D ( 'NONE', #735, #1222, #764 ) ;
#189 = CARTESIAN_POINT ( 'NONE',  ( -4.258678632462816083, 7.290814765375171369, -13.65353439024021220 ) ) ;
#190 = CIRCLE ( 'NONE', #5009, 7.750000000000000000 ) ;
#191 = CARTESIAN_POINT ( 'NONE',  ( -3.540567916993783371, 7.524920202851292039, -13.65353439024021043 ) ) ;
#192 = CARTESIAN_POINT ( 'NONE',  ( 6.284670851385762091, 10.88536922344735380, -8.814338527120403555 ) ) ;
#193 = EDGE_CURVE ( 'NONE', #4949, #497, #477, .T. ) ;
#194 = AXIS2_PLACEMENT_3D ( 'NONE', #4832, #3192, #4937 ) ;
#195 = ORIENTED_EDGE ( 'NONE', *, *, #800, .T. ) ;
#196 = ORIENTED_EDGE ( 'NONE', *, *, #1630, .T. ) ;
#197 = CARTESIAN_POINT ( 'NONE',  ( -3.940713593307394902, 0.7676566186148469084, -20.83958864581943260 ) ) ;
#198 = CARTESIAN_POINT ( 'NONE',  ( 11.95802673203816546, -0.3964198678096408357, -9.766623513899467923 ) ) ;
#199 = CARTESIAN_POINT ( 'NONE',  ( 4.772433874169719203, 8.237311431015799101, -13.65353439024021043 ) ) ;
#200 = CARTESIAN_POINT ( 'NONE',  ( -4.818008838635157609, -8.209677989616235294, -13.65353439024020155 ) ) ;
#201 = EDGE_CURVE ( 'NONE', #1353, #152, #3788, .T. ) ;
#202 = CARTESIAN_POINT ( 'NONE',  ( 1.040834085586080155E-14, -1.802777518484593756E-14, -24.76024934587180582 ) ) ;
#203 = ORIENTED_EDGE ( 'NONE', *, *, #2871, .T. ) ;
#204 = CARTESIAN_POINT ( 'NONE',  ( -12.25000000000174971, 4.058341389330605509, 7.444160241868338801 ) ) ;
#205 = CARTESIAN_POINT ( 'NONE',  ( 15.40468664080962746, -5.439786974697151223, 6.623978672808902957 ) ) ;
#206 = CARTESIAN_POINT ( 'NONE',  ( -0.6544890075644328453, 1.133608214096953670, 15.23975065412816754 ) ) ;
#207 = EDGE_CURVE ( 'NONE', #2121, #3660, #2509, .T. ) ;
#208 = CARTESIAN_POINT ( 'NONE',  ( 4.222867083592552362, -7.314921239027280642, -13.65353439024021576 ) ) ;
#209 = DIRECTION ( 'NONE',  ( 0.5898471994742073843, 0.7040885960475500305, -0.3953979390288024920 ) ) ;
#210 = CARTESIAN_POINT ( 'NONE',  ( -12.24999999999913314, -7.214358078139064823, -2.569555326603068401 ) ) ;
#211 = CARTESIAN_POINT ( 'NONE',  ( -4.223632903336668853, 7.314475633376490649, -13.65353439024021220 ) ) ;
#212 = CARTESIAN_POINT ( 'NONE',  ( -7.399510874385340387, -12.81632878559389077, 4.294159011543782434 ) ) ;
#213 = CARTESIAN_POINT ( 'NONE',  ( 10.34936072896238990, -0.006498766340182837199, -12.24085735547541631 ) ) ;
#214 = CARTESIAN_POINT ( 'NONE',  ( 6.544306079036710244, 5.410912499711579393, -8.631563252735841019 ) ) ;
#215 = CARTESIAN_POINT ( 'NONE',  ( -8.925446771053765715, -1.892881048235034891, -13.31481341276963093 ) ) ;
#216 = CYLINDRICAL_SURFACE ( 'NONE', #928, 0.8999999999999998002 ) ;
#217 = CARTESIAN_POINT ( 'NONE',  ( -3.801147467873681407, 7.461046370310230991, -13.65353439024021043 ) ) ;
#218 = CARTESIAN_POINT ( 'NONE',  ( 1.018156617541584374, 0.9236446215810985017, 15.23975065412816932 ) ) ;
#219 = ORIENTED_EDGE ( 'NONE', *, *, #2229, .F. ) ;
#220 = VERTEX_POINT ( 'NONE', #3830 ) ;
#221 = CARTESIAN_POINT ( 'NONE',  ( 6.494181741279661857, -7.373159447920932585, -12.72322168412213905 ) ) ;
#222 = B_SPLINE_CURVE_WITH_KNOTS ( 'NONE', 3,
 ( #4945, #3286, #3228, #1053, #2783, #1080, #1985, #2811, #4541, #654, #2383, #4108 ),
 .UNSPECIFIED., .F., .F.,
 ( 4, 2, 2, 2, 2, 4 ),
 ( 0.005081030746435122314, 0.005809879854774912741, 0.006174304408944808822, 0.006356516686029758598, 0.006447622824572234353, 0.006538728963114709240 ),
 .UNSPECIFIED. ) ;
#223 = CARTESIAN_POINT ( 'NONE',  ( 12.25000000000000178, -2.678800214960772585, -7.279518790719937016 ) ) ;
#224 = CARTESIAN_POINT ( 'NONE',  ( 5.080874153997897658, 8.744148669077148384, -12.75861132246500595 ) ) ;
#225 = CARTESIAN_POINT ( 'NONE',  ( -4.251734928554081527, -7.295857773745389352, -13.65353439024022109 ) ) ;
#226 = CARTESIAN_POINT ( 'NONE',  ( -6.249999999999999112, 7.452523528074622483, -6.667825212428279080 ) ) ;
#227 = CARTESIAN_POINT ( 'NONE',  ( 3.940713593307399787, 2.385244779468109755E-15, -20.83958864581943260 ) ) ;
#228 = ORIENTED_EDGE ( 'NONE', *, *, #583, .F. ) ;
#229 = CARTESIAN_POINT ( 'NONE',  ( -11.82722787855055913, 3.922580959712442361, 8.213309567350439266 ) ) ;
#230 = CARTESIAN_POINT ( 'NONE',  ( -6.249999999999996447, 5.369163498533646717, -11.78951998980902616 ) ) ;
#231 = CYLINDRICAL_SURFACE ( 'NONE', #2432, 8.750000000000001776 ) ;
#232 = CARTESIAN_POINT ( 'NONE',  ( 3.200000000000000622, -0.4736978334948830915, 14.90003172573305967 ) ) ;
#233 = EDGE_LOOP ( 'NONE', ( #4032, #2389, #151 ) ) ;
#234 = EDGE_CURVE ( 'NONE', #2764, #1476, #3515, .T. ) ;
#235 = CARTESIAN_POINT ( 'NONE',  ( 11.58553550955589984, 5.952959558267614248, -6.422788601080931414 ) ) ;
#236 = CARTESIAN_POINT ( 'NONE',  ( -12.24999999999784883, -7.711709052733405123, 0.5910492751562960168 ) ) ;
#237 = B_SPLINE_CURVE_WITH_KNOTS ( 'NONE', 3,
 ( #1006, #632, #2391, #2283 ),
 .UNSPECIFIED., .F., .F.,
 ( 4, 4 ),
 ( 0.000000000000000000, 0.008785577466467053495 ),
 .UNSPECIFIED. ) ;
#238 = CARTESIAN_POINT ( 'NONE',  ( -5.065151448448874660, 8.753399358112359252, -12.75868207678972510 ) ) ;
#239 = CARTESIAN_POINT ( 'NONE',  ( -5.063498206653915368, -8.031844904178811362, -13.65353439024021043 ) ) ;
#240 = CARTESIAN_POINT ( 'NONE',  ( -6.667948780324604918, 3.716352418475743935, -4.638893128080517236 ) ) ;
#241 = CARTESIAN_POINT ( 'NONE',  ( 10.34923319146076182, -0.008115750077094995019, -12.24096518527430355 ) ) ;
#242 = CARTESIAN_POINT ( 'NONE',  ( -11.94535572291905545, 0.6441387110977969677, -9.716571617324310850 ) ) ;
#243 = PLANE ( 'NONE',  #1066 ) ;
#244 = CARTESIAN_POINT ( 'NONE',  ( -9.111921075175219542, 3.135269078842222168, -12.71496859228720666 ) ) ;
#245 = CARTESIAN_POINT ( 'NONE',  ( 4.240349440075090293, 9.082252612340598219, -12.73909390619621185 ) ) ;
#246 = CARTESIAN_POINT ( 'NONE',  ( 14.79902174877078203, 3.496072188400706438, 4.294159011543763782 ) ) ;
#247 = CARTESIAN_POINT ( 'NONE',  ( 12.10283287189323076, 2.399313247433045859, -8.420730239421004626 ) ) ;
#248 = ORIENTED_EDGE ( 'NONE', *, *, #1910, .F. ) ;
#249 = VERTEX_POINT ( 'NONE', #1279 ) ;
#250 = CARTESIAN_POINT ( 'NONE',  ( -4.220768265579377676, -7.316076982684662333, -13.65353439024022997 ) ) ;
#251 = CARTESIAN_POINT ( 'NONE',  ( 5.968962672748140186, -7.984359086205365941, -12.73318081177625771 ) ) ;
#252 = CARTESIAN_POINT ( 'NONE',  ( 11.85018122532556895, -3.913429536259533492, -7.820818814724138868 ) ) ;
#253 = CARTESIAN_POINT ( 'NONE',  ( 4.811499572180580664, 8.213750027134611997, -13.65353439024024773 ) ) ;
#254 = CARTESIAN_POINT ( 'NONE',  ( -6.885594224706428790, 3.767179631582850963, -10.00500790202455725 ) ) ;
#255 = CARTESIAN_POINT ( 'NONE',  ( 6.742414928316104117, 7.354405073956627348, -6.776512275942931929 ) ) ;
#256 = CARTESIAN_POINT ( 'NONE',  ( 14.05883757168012771, 8.673617379884035472E-16, -6.025986191255825908 ) ) ;
#257 = VERTEX_POINT ( 'NONE', #2588 ) ;
#258 = CARTESIAN_POINT ( 'NONE',  ( -11.94788448830702698, 8.159653667599087612, -0.5681581207755296292 ) ) ;
#259 = CARTESIAN_POINT ( 'NONE',  ( -9.203409378099928873, 1.603727358507483824, -13.12848406840537230 ) ) ;
#260 = PLANE ( 'NONE',  #3157 ) ;
#261 = CARTESIAN_POINT ( 'NONE',  ( 3.200000000000000178, -1.887833354110296735, 14.77067258657084814 ) ) ;
#262 = ORIENTED_EDGE ( 'NONE', *, *, #4464, .T. ) ;
#263 = CARTESIAN_POINT ( 'NONE',  ( -1.711810389878736904, 6.991103876853492771, -9.042429503538539137 ) ) ;
#264 = CARTESIAN_POINT ( 'NONE',  ( -12.24999999999999289, -5.475723366670145253, -4.558969676413381578 ) ) ;
#265 = CARTESIAN_POINT ( 'NONE',  ( -4.764508370298713658, 8.241940146903013797, -13.65353439024021043 ) ) ;
#266 = CARTESIAN_POINT ( 'NONE',  ( -5.221206054230072446, 6.252862278273741303, -13.65353439024021576 ) ) ;
#267 = CARTESIAN_POINT ( 'NONE',  ( -12.24999999999999822, -3.937587043073528470, 6.675171029885262897 ) ) ;
#268 = EDGE_CURVE ( 'NONE', #5058, #5230, #3007, .T. ) ;
#269 = CARTESIAN_POINT ( 'NONE',  ( -12.24999999999998224, 0.04629690282477393060, -9.323188210192725478 ) ) ;
#270 = FACE_OUTER_BOUND ( 'NONE', #564, .T. ) ;
#271 = DIRECTION ( 'NONE',  ( -0.7666829504623099423, -0.6420258978190890309, 0.000000000000000000 ) ) ;
#272 = CARTESIAN_POINT ( 'NONE',  ( 10.76052236877132096, 2.939555049828095346, 11.03005007641327317 ) ) ;
#273 = CARTESIAN_POINT ( 'NONE',  ( 12.25000000000000000, 0.1747299227346826578, -8.748255223420336790 ) ) ;
#274 = CARTESIAN_POINT ( 'NONE',  ( 5.480168048434473249, 6.122365244445346910, -13.65004700420705852 ) ) ;
#275 = VECTOR ( 'NONE', #528, 1000.000000000000000 ) ;
#276 = AXIS2_PLACEMENT_3D ( 'NONE', #1193, #2011, #4653 ) ;
#277 = ORIENTED_EDGE ( 'NONE', *, *, #3285, .T. ) ;
#278 = VERTEX_POINT ( 'NONE', #416 ) ;
#279 = CARTESIAN_POINT ( 'NONE',  ( -4.746395257624800301, -8.252329328322948854, -13.65353439024022286 ) ) ;
#280 = CARTESIAN_POINT ( 'NONE',  ( 6.820872811710893657, -3.833796809195948452, -13.65353439024021043 ) ) ;
#281 = CARTESIAN_POINT ( 'NONE',  ( 11.94014149427337657, -0.7472892166077412801, -9.689501570398345365 ) ) ;
#282 = CARTESIAN_POINT ( 'NONE',  ( 5.174417964191492914, 7.938529418208379873, -13.65353439024056748 ) ) ;
#283 = CARTESIAN_POINT ( 'NONE',  ( -5.075610925780694949, -8.747263284263290473, -12.75864064331060810 ) ) ;
#284 = CARTESIAN_POINT ( 'NONE',  ( 10.76052236877131030, 0.000000000000000000, 11.03005007641328028 ) ) ;
#285 = AXIS2_PLACEMENT_3D ( 'NONE', #4847, #1833, #4360 ) ;
#286 = CARTESIAN_POINT ( 'NONE',  ( 13.21609793467851901, 2.602085213965210642E-15, 7.923703456781644228 ) ) ;
#287 = ORIENTED_EDGE ( 'NONE', *, *, #4834, .T. ) ;
#288 = CARTESIAN_POINT ( 'NONE',  ( -6.284670851385847357, -10.88536922344732361, -8.814338527120410660 ) ) ;
#289 = LINE ( 'NONE', #4063, #815 ) ;
#290 = CARTESIAN_POINT ( 'NONE',  ( 4.120864672064439738, -7.360117729926677121, -13.65353439024021576 ) ) ;
#291 = VERTEX_POINT ( 'NONE', #3471 ) ;
#292 = CARTESIAN_POINT ( 'NONE',  ( 7.070393896041109016, 9.287345689728979461E-15, -11.74999999778779980 ) ) ;
#293 = EDGE_CURVE ( 'NONE', #1206, #629, #3294, .T. ) ;
#294 = CARTESIAN_POINT ( 'NONE',  ( -12.25000000000000355, -7.108871245550433926, -0.4218506900107810154 ) ) ;
#295 = CARTESIAN_POINT ( 'NONE',  ( -4.223200214992714585, 7.314730390859867093, -13.65353439024021043 ) ) ;
#296 = CARTESIAN_POINT ( 'NONE',  ( -5.577069772065087250, -8.372245731904925492, -12.74426402551567250 ) ) ;
#297 = CARTESIAN_POINT ( 'NONE',  ( -12.24787644258232788, -4.555155744603379020, 6.280639300817671078 ) ) ;
#298 = CARTESIAN_POINT ( 'NONE',  ( -11.97115296434012599, 8.190384643818188872E-14, -9.794801864921501178 ) ) ;
#299 = FILL_AREA_STYLE ('',( #645 ) ) ;
#300 = CARTESIAN_POINT ( 'NONE',  ( -6.249999999999996447, -5.100000000000000533, 0.000000000000000000 ) ) ;
#301 = CARTESIAN_POINT ( 'NONE',  ( -1.018156617541584374, -0.9236446215810985017, 15.23975065412816932 ) ) ;
#302 = CARTESIAN_POINT ( 'NONE',  ( 4.999999999999999112, -0.0002019602996343742218, -11.74999999778779980 ) ) ;
#303 = CARTESIAN_POINT ( 'NONE',  ( 0.7207510980299759451, 7.817945856206903521, -13.65353439024022286 ) ) ;
#304 = CARTESIAN_POINT ( 'NONE',  ( 3.747541448891296589, 6.490932192949835589, -16.56226468677082053 ) ) ;
#305 = ORIENTED_EDGE ( 'NONE', *, *, #874, .T. ) ;
#306 = ORIENTED_EDGE ( 'NONE', *, *, #1180, .F. ) ;
#307 = CARTESIAN_POINT ( 'NONE',  ( -4.955211959596010018, -8.813576939211953842, -12.75753835728700381 ) ) ;
#308 = CARTESIAN_POINT ( 'NONE',  ( 6.300098443635001821, -7.614684191228806576, -12.72606966964758435 ) ) ;
#309 = B_SPLINE_CURVE_WITH_KNOTS ( 'NONE', 3,
 ( #2148, #3785, #443, #3386, #869, #2085, #1694, #4759, #2604, #320, #2175, #19, #4699, #3816, #5588, #1266, #4328, #5558, #5525, #1299, #2995, #4302, #2055, #1748 ),
 .UNSPECIFIED., .F., .F.,
 ( 4, 2, 2, 2, 2, 2, 2, 2, 2, 2, 2, 4 ),
 ( -5.999999997748446924E-08, 0.0001599924264611610040, 0.0003200448529222994797, 0.0006401497058445786538, 0.001280359411689135484, 0.002560778823378244157, 0.005121617646756462805, 0.007682456470134680152, 0.008962875881823787957, 0.009603085587668343595, 0.009923190440590619679, 0.01024329529351289750 ),
 .UNSPECIFIED. ) ;
#310 = CIRCLE ( 'NONE', #2134, 1.999999999999970468 ) ;
#311 = ADVANCED_FACE ( 'NONE', ( #4698 ), #1176, .F. ) ;
#312 = LINE ( 'NONE', #5579, #5223 ) ;
#313 = CARTESIAN_POINT ( 'NONE',  ( 4.333051787143158862, 7.233198017403709379, -13.65353439024022109 ) ) ;
#314 = CARTESIAN_POINT ( 'NONE',  ( -9.231312193429101143, -2.264110098105117874, -13.10977970618395183 ) ) ;
#315 = CARTESIAN_POINT ( 'NONE',  ( 8.429569411924076050, -9.647011462136140025, -8.814338527120410660 ) ) ;
#316 = CARTESIAN_POINT ( 'NONE',  ( 1.018272516067385114, -0.9235777075360319666, 15.23975065412817287 ) ) ;
#317 = ORIENTED_EDGE ( 'NONE', *, *, #4086, .F. ) ;
#318 = CARTESIAN_POINT ( 'NONE',  ( -1.970356796653720766, -3.412758080842866804, -20.83958864581944326 ) ) ;
#319 = CARTESIAN_POINT ( 'NONE',  ( 8.925446771053765715, -1.894127441243125931, -13.31481341276963093 ) ) ;
#320 = CARTESIAN_POINT ( 'NONE',  ( -3.428110946710078544, -9.270407521747882740, -12.72548110869215598 ) ) ;
#321 = CARTESIAN_POINT ( 'NONE',  ( 4.353357009799489141, -8.427045391497790305, -13.65353439024226390 ) ) ;
#322 = ORIENTED_EDGE ( 'NONE', *, *, #3911, .T. ) ;
#323 = B_SPLINE_CURVE_WITH_KNOTS ( 'NONE', 3,
 ( #2615, #3938, #3, #5277, #3987, #4876, #4338, #5201 ),
 .UNSPECIFIED., .F., .F.,
 ( 4, 2, 2, 4 ),
 ( 6.698135912716082971E-18, 0.001287817409464142408, 0.002575634818928278745, 0.005151269637856552286 ),
 .UNSPECIFIED. ) ;
#324 = DIRECTION ( 'NONE',  ( 0.000000000000000000, 0.000000000000000000, -1.000000000000000000 ) ) ;
#325 = CARTESIAN_POINT ( 'NONE',  ( -12.25000000000000178, -0.007921377327722705156, -8.776158686302981238 ) ) ;
#326 = SPHERICAL_SURFACE ( 'NONE', #4060, 2.000000000000000000 ) ;
#327 = CARTESIAN_POINT ( 'NONE',  ( -5.968818017573273238, -7.985202187311716493, -12.73314331452232295 ) ) ;
#328 = CARTESIAN_POINT ( 'NONE',  ( 12.17620933726084687, -1.790648188475543856, -8.570786446712164164 ) ) ;
#329 = CARTESIAN_POINT ( 'NONE',  ( 5.218123294184478844, -8.656343157053473902, -12.75601655989707872 ) ) ;
#330 = CARTESIAN_POINT ( 'NONE',  ( -12.24999999999999112, 0.1557994904323675156, -8.753318079398114904 ) ) ;
#331 = CARTESIAN_POINT ( 'NONE',  ( -8.249999999999998224, 2.999999999999952482, -5.196152422706657781 ) ) ;
#332 = CARTESIAN_POINT ( 'NONE',  ( -6.520607978663552018, -4.333230450545556778, -13.65353439024021576 ) ) ;
#333 = CARTESIAN_POINT ( 'NONE',  ( -11.94763582053952433, -8.162165142912749971, -0.3615431687185458598 ) ) ;
#334 = CARTESIAN_POINT ( 'NONE',  ( 12.25000000000000000, 0.5009414168537200673, -8.741739763170492949 ) ) ;
#335 = CARTESIAN_POINT ( 'NONE',  ( -2.964774647456374090, 6.820496753171743087, -9.326847255116202717 ) ) ;
#336 = CARTESIAN_POINT ( 'NONE',  ( 2.794918686556697285, -4.840941168139898387, 14.20551631998219122 ) ) ;
#337 = ADVANCED_FACE ( 'NONE', ( #4327 ), #4638, .F. ) ;
#338 = ORIENTED_EDGE ( 'NONE', *, *, #293, .T. ) ;
#339 = VERTEX_POINT ( 'NONE', #809 ) ;
#340 = CARTESIAN_POINT ( 'NONE',  ( -4.717991338870544560, -8.268115410331322579, -13.65353439024021398 ) ) ;
#341 = CARTESIAN_POINT ( 'NONE',  ( -14.99329378223372444, 3.125211623426522145, -3.557211016089472988 ) ) ;
#342 = CARTESIAN_POINT ( 'NONE',  ( -4.163123621707711663, 7.790547645223007578, -6.270668218756184409 ) ) ;
#343 = B_SPLINE_CURVE_WITH_KNOTS ( 'NONE', 3,
 ( #695, #4181, #1970, #2794, #2425, #4151, #4524, #5497, #2028, #724, #3759, #263, #3731, #5435, #1150, #3238 ),
 .UNSPECIFIED., .F., .F.,
 ( 4, 2, 2, 2, 2, 2, 2, 4 ),
 ( 1.734723475976807094E-18, 0.002595473201295758325, 0.003893209801943636836, 0.004542078102267576092, 0.005190946402591514915, 0.006488683003239394294, 0.007786419603887274540, 0.01038189280518303330 ),
 .UNSPECIFIED. ) ;
#344 = CARTESIAN_POINT ( 'NONE',  ( 7.496254277517933495, 4.875688759637732517, -13.65353439024258897 ) ) ;
#345 = CARTESIAN_POINT ( 'NONE',  ( -10.22293458419951406, -0.9685912125127242867, -12.35145898229984951 ) ) ;
#346 = CARTESIAN_POINT ( 'NONE',  ( 3.797213619550847241, -6.576966916254619377, 13.40799355303542839 ) ) ;
#347 = EDGE_CURVE ( 'NONE', #249, #5352, #3385, .T. ) ;
#348 = CARTESIAN_POINT ( 'NONE',  ( 6.608048967339227531, -11.44547655033465539, 7.923703456781640675 ) ) ;
#349 = ORIENTED_EDGE ( 'NONE', *, *, #763, .F. ) ;
#350 = CARTESIAN_POINT ( 'NONE',  ( -12.24999999999999467, 1.240039259873720878, 8.164430961791753205 ) ) ;
#351 = DIRECTION ( 'NONE',  ( -9.912705577010324317E-17, 0.000000000000000000, -1.000000000000000000 ) ) ;
#352 = VECTOR ( 'NONE', #5280, 1000.000000000000000 ) ;
#353 = CARTESIAN_POINT ( 'NONE',  ( 4.200000000000000178, 5.439786974697152111, 15.23975065412817465 ) ) ;
#354 = CARTESIAN_POINT ( 'NONE',  ( 4.508947439262903423, -8.367259129441322330, -13.65353439024037208 ) ) ;
#355 = VERTEX_POINT ( 'NONE', #319 ) ;
#356 = CARTESIAN_POINT ( 'NONE',  ( -10.31720926751604672, 0.1296718618139788282, -12.26797526197762700 ) ) ;
#357 = CIRCLE ( 'NONE', #4979, 17.35143634042886163 ) ;
#358 = CARTESIAN_POINT ( 'NONE',  ( 0.2907054990615181578, 1.343638720657866825, 15.23975065412817287 ) ) ;
#359 = CARTESIAN_POINT ( 'NONE',  ( -12.25000000000021316, -0.02733716153366251220, -9.323645886976832386 ) ) ;
#360 = CARTESIAN_POINT ( 'NONE',  ( -5.086028313581193672, 8.741075352533119514, -12.75857187611583221 ) ) ;
#361 = CARTESIAN_POINT ( 'NONE',  ( -5.844128616641737217, -7.241794470649485227, -13.65353439024045024 ) ) ;
#362 = LINE ( 'NONE', #4248, #1552 ) ;
#363 = CARTESIAN_POINT ( 'NONE',  ( -11.85831843854785639, 5.330744307707873553, -6.543578163106182899 ) ) ;
#364 = CARTESIAN_POINT ( 'NONE',  ( -4.345203965304807348, -7.222861933590364103, -13.65353439024021043 ) ) ;
#365 = DIRECTION ( 'NONE',  ( -0.000000000000000000, -0.000000000000000000, 1.000000000000000000 ) ) ;
#366 = CARTESIAN_POINT ( 'NONE',  ( -12.25000000000000000, 7.044341179745278572E-14, -8.776159399017434026 ) ) ;
#367 = CARTESIAN_POINT ( 'NONE',  ( -3.887565826375631417, 7.437759664365893642, -13.65353439024021043 ) ) ;
#368 = CARTESIAN_POINT ( 'NONE',  ( -1.705087189033139605, 7.007270804549653676, -9.018312861341177822 ) ) ;
#369 = CARTESIAN_POINT ( 'NONE',  ( -1.305546663549968844, 3.796586390150289425, -20.83958864581943260 ) ) ;
#370 = VERTEX_POINT ( 'NONE', #3443 ) ;
#371 = CARTESIAN_POINT ( 'NONE',  ( -4.213486895346981065, -7.319882999859872008, -13.65353439024022109 ) ) ;
#372 = CARTESIAN_POINT ( 'NONE',  ( -6.284670851385693702, 10.88536922344740887, -8.814338527120410660 ) ) ;
#373 =( GEOMETRIC_REPRESENTATION_CONTEXT ( 3 ) GLOBAL_UNCERTAINTY_ASSIGNED_CONTEXT ( ( #2570 ) ) GLOBAL_UNIT_ASSIGNED_CONTEXT ( ( #612, #4071, #4965 ) ) REPRESENTATION_CONTEXT ( 'NONE', 'WORKASPACE' ) );
#374 = CARTESIAN_POINT ( 'NONE',  ( 2.774882276648374280, 7.935946709054796600, -6.085070347499876853 ) ) ;
#375 = EDGE_CURVE ( 'NONE', #1240, #1586, #2261, .T. ) ;
#376 = CARTESIAN_POINT ( 'NONE',  ( -8.925446771053765715, 1.894127441243134591, -13.31481341276963093 ) ) ;
#377 = CARTESIAN_POINT ( 'NONE',  ( -10.73643844966013816, -0.1616096204032752559, -11.79141414120866038 ) ) ;
#378 = MECHANICAL_DESIGN_GEOMETRIC_PRESENTATION_REPRESENTATION (  '', ( #2288 ), #3624 ) ;
#379 = AXIS2_PLACEMENT_3D ( 'NONE', #5057, #4624, #2069 ) ;
#380 = CARTESIAN_POINT ( 'NONE',  ( 0.6739644181558772651, -1.167340614739582172, -23.48981541844718990 ) ) ;
#381 = DIRECTION ( 'NONE',  ( -0.000000000000000000, -1.002010156928930384E-16, 1.000000000000000000 ) ) ;
#382 = ORIENTED_EDGE ( 'NONE', *, *, #142, .F. ) ;
#383 = CARTESIAN_POINT ( 'NONE',  ( -5.345654675927679733, -9.258945498424782983, -12.01109144709619514 ) ) ;
#384 = B_SPLINE_CURVE_WITH_KNOTS ( 'NONE', 3,
 ( #3608, #628, #4489, #1565, #686, #3640, #1533, #5008, #5350, #4084, #4602, #1455, #3179, #1030, #2843, #658, #2332, #3289, #178, #1909, #5377, #5039, #3690, #2814, #1481, #3203, #1056, #716, #4544, #5427 ),
 .UNSPECIFIED., .F., .F.,
 ( 4, 2, 2, 2, 2, 2, 2, 2, 2, 2, 2, 2, 2, 2, 4 ),
 ( -5.999999999886898066E-08, 0.002770728181370060543, 0.004156122272055090203, 0.005541516362740119862, 0.008312304544110178314, 0.01108309272548023763, 0.01246848681616526816, 0.01385388090685029695, 0.01523927499753532575, 0.01662466908822035627, 0.01801006317890538680, 0.01939545726959041386, 0.02078085136027544438, 0.02147354840561796138, 0.02216624545096047491 ),
 .UNSPECIFIED. ) ;
#385 = DIRECTION ( 'NONE',  ( 1.000000000000000000, -0.000000000000000000, -1.095185450775958527E-16 ) ) ;
#386 = EDGE_CURVE ( 'NONE', #2014, #5165, #5595, .T. ) ;
#387 = CARTESIAN_POINT ( 'NONE',  ( -6.249999999999996447, -6.000000000000000000, 0.9000000000000004663 ) ) ;
#388 = AXIS2_PLACEMENT_3D ( 'NONE', #3166, #2749, #2347 ) ;
#389 = CARTESIAN_POINT ( 'NONE',  ( 4.015528754465194972, -7.397733359468150027, -13.65353439024021043 ) ) ;
#390 = ORIENTED_EDGE ( 'NONE', *, *, #4300, .F. ) ;
#391 = CARTESIAN_POINT ( 'NONE',  ( -8.249999999999998224, -6.000000000000000000, 0.9000000000000007994 ) ) ;
#392 = B_SPLINE_CURVE_WITH_KNOTS ( 'NONE', 3,
 ( #1637, #2091, #2179, #3823, #1307, #876, #2610, #4928, #4818, #4467, #3983, #3532 ),
 .UNSPECIFIED., .F., .F.,
 ( 4, 2, 2, 2, 2, 4 ),
 ( 1.178846396057143106E-16, 9.176049053669283785E-05, 0.0001835209810732677958, 0.0003670419621464177389, 0.0007340839242927192513, 0.001468167848585322493 ),
 .UNSPECIFIED. ) ;
#393 = CARTESIAN_POINT ( 'NONE',  ( 12.25000000000000000, -0.06016780702311319562, -8.776159399017402052 ) ) ;
#394 = ADVANCED_FACE ( 'NONE', ( #2576 ), #779, .F. ) ;
#395 = CARTESIAN_POINT ( 'NONE',  ( -11.92586263716731487, -1.044093701105940131, -9.593041886826187081 ) ) ;
#396 = CARTESIAN_POINT ( 'NONE',  ( -7.417726757953128747, 2.725984899988200372, -13.65353439024021753 ) ) ;
#397 = CARTESIAN_POINT ( 'NONE',  ( 9.467739228626474102, -1.318853259419476176, -12.93871280934029144 ) ) ;
#398 = CARTESIAN_POINT ( 'NONE',  ( -11.84640778273042194, 4.150887852235497277, -7.637796893618578942 ) ) ;
#399 = FACE_OUTER_BOUND ( 'NONE', #4120, .T. ) ;
#400 = CARTESIAN_POINT ( 'NONE',  ( -6.301190814082880287, -5.099999999998990674, -1.837311417054560235E-12 ) ) ;
#401 = CARTESIAN_POINT ( 'NONE',  ( -11.93864636560876136, -7.958800614747869595, 2.378454694669864367 ) ) ;
#402 = CARTESIAN_POINT ( 'NONE',  ( 11.87003213217600894, 5.700036720631670661, 6.638680696000572645 ) ) ;
#403 = CARTESIAN_POINT ( 'NONE',  ( -6.249999999999996447, -6.000000000000000000, 6.844909067349736789E-16 ) ) ;
#404 = CARTESIAN_POINT ( 'NONE',  ( 3.199999995179072965, -5.542562567520256778, 13.83072458560983442 ) ) ;
#405 = EDGE_LOOP ( 'NONE', ( #3850, #3602, #5584, #1448 ) ) ;
#406 = FACE_OUTER_BOUND ( 'NONE', #4581, .T. ) ;
#407 = CARTESIAN_POINT ( 'NONE',  ( -7.110765538825359222, 8.239858266581293833, -12.01109144709619514 ) ) ;
#408 = CARTESIAN_POINT ( 'NONE',  ( -6.249999999999999112, 7.452523528074622483, -6.667825212428279080 ) ) ;
#409 = CARTESIAN_POINT ( 'NONE',  ( 10.58060319023880780, 0.01962318162069519659, -12.04534122229465787 ) ) ;
#410 = CARTESIAN_POINT ( 'NONE',  ( -10.31885726209886656, -0.1246276768923095524, -12.26658856913217122 ) ) ;
#411 = CARTESIAN_POINT ( 'NONE',  ( 7.622665490670612165, 2.313065767936858474, -13.65353439024021753 ) ) ;
#412 = CARTESIAN_POINT ( 'NONE',  ( -1.347928836311760081, -0.2522833301104082104, -23.48981541844718990 ) ) ;
#413 = ORIENTED_EDGE ( 'NONE', *, *, #347, .F. ) ;
#414 = VECTOR ( 'NONE', #2735, 1000.000000000000000 ) ;
#415 = CARTESIAN_POINT ( 'NONE',  ( 4.274534918971800632E-15, -6.474076149427953156E-15, -24.76024934587180226 ) ) ;
#416 = CARTESIAN_POINT ( 'NONE',  ( -8.249999999999998224, 9.491012693391989759E-16, -7.750000000000000000 ) ) ;
#417 = DIRECTION ( 'NONE',  ( 0.000000000000000000, 0.000000000000000000, -1.000000000000000000 ) ) ;
#418 = CARTESIAN_POINT ( 'NONE',  ( 3.570000611536270352, -8.636697552280056200, -13.65353439024114124 ) ) ;
#419 = EDGE_LOOP ( 'NONE', ( #1744, #5450, #3601, #5553 ) ) ;
#420 = CARTESIAN_POINT ( 'NONE',  ( 12.25000000000000355, 0.000000000000000000, -8.776159399017421592 ) ) ;
#421 = CARTESIAN_POINT ( 'NONE',  ( 6.608048967339387403, 11.44547655033456479, 7.923703456781640675 ) ) ;
#422 = CARTESIAN_POINT ( 'NONE',  ( -12.24999999999999112, -0.06276014171978570866, -8.771085585147829988 ) ) ;
#423 = CARTESIAN_POINT ( 'NONE',  ( 11.86557216793883462, -5.527338103618694376, 6.826712069588372067 ) ) ;
#424 = DIRECTION ( 'NONE',  ( -0.000000000000000000, 1.000000000000000000, -0.000000000000000000 ) ) ;
#425 = EDGE_CURVE ( 'NONE', #3099, #1821, #978, .T. ) ;
#426 = EDGE_CURVE ( 'NONE', #5230, #5352, #5265, .T. ) ;
#427 = CARTESIAN_POINT ( 'NONE',  ( -12.24999999999998224, 2.424914571485954795, 7.674168235588027187 ) ) ;
#428 = CARTESIAN_POINT ( 'NONE',  ( -6.012579148777835059, 5.638939379756902959, -13.63413819270497740 ) ) ;
#429 = CARTESIAN_POINT ( 'NONE',  ( -12.12788869457202523, 6.597623650321187583, -4.132039593070932604 ) ) ;
#430 = DIRECTION ( 'NONE',  ( -1.000000000000000000, 0.000000000000000000, 0.000000000000000000 ) ) ;
#431 = CARTESIAN_POINT ( 'NONE',  ( 5.022817202234421075, 8.777482311070739840, -12.75853727444770946 ) ) ;
#432 = ORIENTED_EDGE ( 'NONE', *, *, #34, .F. ) ;
#433 = CYLINDRICAL_SURFACE ( 'NONE', #3098, 1.999999999999980904 ) ;
#434 = LINE ( 'NONE', #1317, #4550 ) ;
#435 = CARTESIAN_POINT ( 'NONE',  ( -4.747491875508419668, 8.251707886002531467, -13.65353439024021576 ) ) ;
#436 = CARTESIAN_POINT ( 'NONE',  ( 10.14346922605197854, 0.4562566155354550457, -12.41221384395595528 ) ) ;
#437 = CARTESIAN_POINT ( 'NONE',  ( -10.72601398456358446, -0.2479508780858425132, -11.79518695187955757 ) ) ;
#438 = LINE ( 'NONE', #4350, #4907 ) ;
#439 = CARTESIAN_POINT ( 'NONE',  ( -7.594427239101724680, -2.234136706974556130, 13.40799355303542839 ) ) ;
#440 = ORIENTED_EDGE ( 'NONE', *, *, #34, .T. ) ;
#441 = CARTESIAN_POINT ( 'NONE',  ( -11.16413781580654074, 7.585689603625109476E-14, -11.13217203128679245 ) ) ;
#442 = CARTESIAN_POINT ( 'NONE',  ( 7.070393896041109016, 9.287295642215402315E-15, -8.749999997787798023 ) ) ;
#443 = CARTESIAN_POINT ( 'NONE',  ( -4.961015395082777779, -8.811202933912280599, -12.75774742958314434 ) ) ;
#444 = CARTESIAN_POINT ( 'NONE',  ( -3.783258677291070349, -8.591604739545690705, -13.65353439024082149 ) ) ;
#445 = ORIENTED_EDGE ( 'NONE', *, *, #3973, .T. ) ;
#446 = CARTESIAN_POINT ( 'NONE',  ( 12.24999999999999112, 0.7311301257574117640, -8.534935211797243682 ) ) ;
#447 = B_SPLINE_CURVE_WITH_KNOTS ( 'NONE', 3,
 ( #2915, #1186, #4647, #3366 ),
 .UNSPECIFIED., .F., .F.,
 ( 4, 4 ),
 ( 0.000000000000000000, 0.003931347527833533792 ),
 .UNSPECIFIED. ) ;
#448 = CARTESIAN_POINT ( 'NONE',  ( -12.24999999999999112, -0.03932991042567595547, -8.773840617683932308 ) ) ;
#449 = EDGE_CURVE ( 'NONE', #1586, #2014, #4299, .T. ) ;
#450 = CIRCLE ( 'NONE', #5074, 5.000000000000000000 ) ;
#451 = CARTESIAN_POINT ( 'NONE',  ( -12.25000000000000178, -1.842951222348403695, -7.888586898116516366 ) ) ;
#452 = DIRECTION ( 'NONE',  ( 0.000000000000000000, 0.000000000000000000, 1.000000000000000000 ) ) ;
#453 = CYLINDRICAL_SURFACE ( 'NONE', #554, 17.35143634042885807 ) ;
#454 = ADVANCED_FACE ( 'NONE', ( #3101 ), #4028, .T. ) ;
#455 = FACE_OUTER_BOUND ( 'NONE', #1379, .T. ) ;
#456 = CARTESIAN_POINT ( 'NONE',  ( -12.12583209803831608, 7.351790147531090724, -2.479246427882852100 ) ) ;
#457 = CARTESIAN_POINT ( 'NONE',  ( 1.108175610838655123, 8.033222798263610187, -5.955623472564615106 ) ) ;
#458 = CARTESIAN_POINT ( 'NONE',  ( 4.220768265579361689, 7.316076982684676544, -13.65353439024021576 ) ) ;
#459 = VERTEX_POINT ( 'NONE', #1823 ) ;
#460 = CARTESIAN_POINT ( 'NONE',  ( 7.298395773248102181, 5.439786974697156552, 12.04142481599394721 ) ) ;
#461 = CARTESIAN_POINT ( 'NONE',  ( -5.345654675927550059, 9.258945498424855813, -12.01109144709619514 ) ) ;
#462 = CARTESIAN_POINT ( 'NONE',  ( -4.955837520125544238, 8.813271466401857879, -12.75755797717552298 ) ) ;
#463 = CARTESIAN_POINT ( 'NONE',  ( 10.56940144761097322, 0.1581954477356213307, -12.05516086964954248 ) ) ;
#464 = CARTESIAN_POINT ( 'NONE',  ( 2.635166929757389198, 3.028929771535464166, -20.83958864581943260 ) ) ;
#465 = CARTESIAN_POINT ( 'NONE',  ( -5.000000000000000000, -0.0002019602996345369605, -11.74999999778779980 ) ) ;
#466 = CARTESIAN_POINT ( 'NONE',  ( 0.000000000000000000, 0.000000000000000000, 15.23975065412817465 ) ) ;
#467 = AXIS2_PLACEMENT_3D ( 'NONE', #2152, #5623, #3056 ) ;
#468 = ORIENTED_EDGE ( 'NONE', *, *, #193, .T. ) ;
#469 = CARTESIAN_POINT ( 'NONE',  ( 0.6544890075644409499, -1.133608214096949007, 15.23975065412816754 ) ) ;
#470 = CARTESIAN_POINT ( 'NONE',  ( 11.97115296434013132, 1.550012627120719657E-15, -9.794801864921501178 ) ) ;
#471 = CARTESIAN_POINT ( 'NONE',  ( 0.000000000000000000, 0.000000000000000000, -6.000000000000000000 ) ) ;
#472 = ORIENTED_EDGE ( 'NONE', *, *, #4143, .F. ) ;
#473 = CIRCLE ( 'NONE', #3636, 8.750000000000001776 ) ;
#474 = CARTESIAN_POINT ( 'NONE',  ( 12.25000000000002132, 0.1967413122338750875, -9.312335760010656216 ) ) ;
#475 = CARTESIAN_POINT ( 'NONE',  ( 8.812374492146771487, -3.729670690596437854, -12.71336148916773467 ) ) ;
#476 = CARTESIAN_POINT ( 'NONE',  ( -6.249999999999998224, 0.000000000000000000, 0.000000000000000000 ) ) ;
#477 = B_SPLINE_CURVE_WITH_KNOTS ( 'NONE', 3,
 ( #400, #4190, #3370, #3738 ),
 .UNSPECIFIED., .F., .F.,
 ( 4, 4 ),
 ( 0.0004869219244913181033, 0.0009724283377901481824 ),
 .UNSPECIFIED. ) ;
#478 = DIRECTION ( 'NONE',  ( 1.000000000000000000, 0.000000000000000000, -1.095185450775958527E-16 ) ) ;
#479 = CARTESIAN_POINT ( 'NONE',  ( 6.335548272093880051, -4.996124101430178932, -8.662490632786193245 ) ) ;
#480 = CARTESIAN_POINT ( 'NONE',  ( -12.24110524974009095, 3.348710057889731306, -6.998716144630333424 ) ) ;
#481 = CARTESIAN_POINT ( 'NONE',  ( 9.700000000000001066, 0.000000000000000000, 0.000000000000000000 ) ) ;
#482 = CARTESIAN_POINT ( 'NONE',  ( 4.752292224310526336, 8.248977508533352321, -13.65353439024021043 ) ) ;
#483 = ORIENTED_EDGE ( 'NONE', *, *, #1621, .T. ) ;
#484 = CARTESIAN_POINT ( 'NONE',  ( 11.44391196140071898, 5.439786974697136124, 7.677138029943945341 ) ) ;
#485 = CARTESIAN_POINT ( 'NONE',  ( -5.500000000000001776, -7.599342076785336353, 6.499999999999995559 ) ) ;
#486 = CARTESIAN_POINT ( 'NONE',  ( -4.966952995233670620, 8.807551183371199244, -12.75777503112947997 ) ) ;
#487 = CARTESIAN_POINT ( 'NONE',  ( 10.55014679855376869, 0.2548535772644668906, -12.07202388358492762 ) ) ;
#488 = CARTESIAN_POINT ( 'NONE',  ( 3.469446951953614189E-15, 6.938893903907228378E-15, -24.76024934587180226 ) ) ;
#489 = CARTESIAN_POINT ( 'NONE',  ( 9.700000000000001066, 0.000000000000000000, 0.000000000000000000 ) ) ;
#490 = CARTESIAN_POINT ( 'NONE',  ( -3.747541448891200222, -6.490932192949874668, -16.56226468677081343 ) ) ;
#491 = ORIENTED_EDGE ( 'NONE', *, *, #3353, .T. ) ;
#492 = EDGE_CURVE ( 'NONE', #688, #4380, #3824, .T. ) ;
#493 = CARTESIAN_POINT ( 'NONE',  ( -10.08839109847203375, -1.618606831764839882, -12.22639585352259495 ) ) ;
#494 = CARTESIAN_POINT ( 'NONE',  ( -3.420968534330590671, 9.272310786793697801, -12.72530102556602749 ) ) ;
#495 = CARTESIAN_POINT ( 'NONE',  ( 7.811825646387161370, -1.894127441243118160, -13.65353439024021576 ) ) ;
#496 = EDGE_LOOP ( 'NONE', ( #748, #3685, #3125, #4861, #248, #593, #3181, #3042, #5178, #2418, #3097, #3877, #4025, #777, #3872 ) ) ;
#497 = VERTEX_POINT ( 'NONE', #4811 ) ;
#498 = CARTESIAN_POINT ( 'NONE',  ( -11.86792404568424253, 2.892240443330875710, -8.584641910630454120 ) ) ;
#499 = CARTESIAN_POINT ( 'NONE',  ( 11.87016496064935644, -5.698931349095967214, 6.639243464483415735 ) ) ;
#500 = CARTESIAN_POINT ( 'NONE',  ( 5.567781676934233204, -8.382396770629640059, -12.74452786693043294 ) ) ;
#501 = CARTESIAN_POINT ( 'NONE',  ( 7.622648796150623518, -2.314150781126139478, -13.65353439024021753 ) ) ;
#502 = CARTESIAN_POINT ( 'NONE',  ( -12.25000000000009948, -0.3173098589570578221, 9.082156353270191218 ) ) ;
#503 = CARTESIAN_POINT ( 'NONE',  ( 11.86543708362625793, 5.528284108062665680, 6.826416497734200561 ) ) ;
#504 = CARTESIAN_POINT ( 'NONE',  ( 11.86311921788939117, 5.439786974686687593, 6.917910327364887202 ) ) ;
#505 = CARTESIAN_POINT ( 'NONE',  ( 4.220164381167597512, 7.316401494709065645, -13.65353439024021043 ) ) ;
#506 = CARTESIAN_POINT ( 'NONE',  ( 4.996124101430188702, 6.335548272093886268, -13.65353439024021576 ) ) ;
#507 = DIRECTION ( 'NONE',  ( -0.9999999952423108684, -9.754679970269149571E-05, 0.000000000000000000 ) ) ;
#508 = CARTESIAN_POINT ( 'NONE',  ( 5.065151448448993676, -8.753399358112289974, -12.75868207678973043 ) ) ;
#509 = CARTESIAN_POINT ( 'NONE',  ( -7.375493421785709103, 6.163887761832663514, -12.71468074548718263 ) ) ;
#510 = CARTESIAN_POINT ( 'NONE',  ( -4.182925030142578215, 7.334419472343976842, -13.65353439024022286 ) ) ;
#511 = DIRECTION ( 'NONE',  ( -0.000000000000000000, -1.002010156928930384E-16, 1.000000000000000000 ) ) ;
#512 = ADVANCED_FACE ( 'NONE', ( #516 ), #2250, .T. ) ;
#513 = EDGE_LOOP ( 'NONE', ( #2470, #4332, #203, #856 ) ) ;
#514 = VERTEX_POINT ( 'NONE', #94 ) ;
#515 = CARTESIAN_POINT ( 'NONE',  ( 6.270576690887663673, 5.212212843661188089, -12.74853429418408624 ) ) ;
#516 = FACE_OUTER_BOUND ( 'NONE', #5378, .T. ) ;
#517 = DIRECTION ( 'NONE',  ( 1.000000000000000000, 0.000000000000000000, 0.000000000000000000 ) ) ;
#518 = CARTESIAN_POINT ( 'NONE',  ( 9.700000000000001066, 0.000000000000000000, -8.749999997787799799 ) ) ;
#519 = EDGE_CURVE ( 'NONE', #2628, #2423, #5585, .T. ) ;
#520 = ORIENTED_EDGE ( 'NONE', *, *, #2161, .F. ) ;
#521 = EDGE_LOOP ( 'NONE', ( #5460, #3197, #4837, #2511, #2954, #52, #3079 ) ) ;
#522 = CARTESIAN_POINT ( 'NONE',  ( -11.84100661620833250, 4.746149892266527281, -7.128286300873469372 ) ) ;
#523 = CARTESIAN_POINT ( 'NONE',  ( 11.94553144822928914, 0.6399359682439781372, -9.719038642254218985 ) ) ;
#524 = CARTESIAN_POINT ( 'NONE',  ( 8.202369394324302121, -4.837507824531110501, -12.71225469725227164 ) ) ;
#525 = CARTESIAN_POINT ( 'NONE',  ( -12.24999999999999289, -1.769044363021014199, 7.977846533955106345 ) ) ;
#526 = B_SPLINE_CURVE_WITH_KNOTS ( 'NONE', 3,
 ( #5055, #5572, #1583, #4742, #428, #3426, #5174, #4192 ),
 .UNSPECIFIED., .F., .F.,
 ( 4, 2, 2, 4 ),
 ( 0.000000000000000000, 0.0004307501170857652175, 0.0008615002341715304350, 0.001723000468343062822 ),
 .UNSPECIFIED. ) ;
#527 = CARTESIAN_POINT ( 'NONE',  ( -12.24999999999998401, -0.9888519793133758728, 8.239012680448372095 ) ) ;
#528 = DIRECTION ( 'NONE',  ( -0.000000000000000000, -0.000000000000000000, 1.000000000000000000 ) ) ;
#529 = CARTESIAN_POINT ( 'NONE',  ( 5.323000461139580253, 8.584935379204221562, -12.75282427920955186 ) ) ;
#530 = CARTESIAN_POINT ( 'NONE',  ( 4.746395257624151043, 8.252329328323321889, -13.65353439024021753 ) ) ;
#531 = CARTESIAN_POINT ( 'NONE',  ( 5.789536590623027834, 5.880236174255616177, -11.58625536994005500 ) ) ;
#532 = FACE_OUTER_BOUND ( 'NONE', #5262, .T. ) ;
#533 = CARTESIAN_POINT ( 'NONE',  ( 4.769605498556511058, -8.238968687557649773, -13.65353439024022286 ) ) ;
#534 = CARTESIAN_POINT ( 'NONE',  ( -6.300098443634983170, 7.614684191229095234, -12.72606966964722552 ) ) ;
#535 = CARTESIAN_POINT ( 'NONE',  ( -4.343880686205406683, 9.053516651888580569, -12.74133789267071037 ) ) ;
#536 = CARTESIAN_POINT ( 'NONE',  ( 11.85995969585890819, -3.311266525838559183, -8.283436450934683393 ) ) ;
#537 = VERTEX_POINT ( 'NONE', #147 ) ;
#538 = EDGE_LOOP ( 'NONE', ( #287, #5001, #1981, #1058, #4031 ) ) ;
#539 = CARTESIAN_POINT ( 'NONE',  ( -10.34703339630907593, 0.02580477069092559569, -12.24282473870876409 ) ) ;
#540 = ADVANCED_FACE ( 'NONE', ( #4889 ), #3127, .F. ) ;
#541 = CARTESIAN_POINT ( 'NONE',  ( -12.25000000000000888, 0.2546273847806407864, -8.727361190971482330 ) ) ;
#542 = CARTESIAN_POINT ( 'NONE',  ( -9.845193179057529775, -0.8656965562503902145, -12.65089414296057946 ) ) ;
#543 = CARTESIAN_POINT ( 'NONE',  ( -6.985843995164840337, 3.538190608697713735, -13.65353439024021043 ) ) ;
#544 = ORIENTED_EDGE ( 'NONE', *, *, #2916, .T. ) ;
#545 = ORIENTED_EDGE ( 'NONE', *, *, #3323, .F. ) ;
#546 = CARTESIAN_POINT ( 'NONE',  ( -11.85235770589889981, 3.743318086948590917, -7.962822048165621780 ) ) ;
#547 = DIRECTION ( 'NONE',  ( -1.000000000000000000, 0.000000000000000000, 1.095185450775958527E-16 ) ) ;
#548 = AXIS2_PLACEMENT_3D ( 'NONE', #2496, #3401, #5118 ) ;
#549 = CARTESIAN_POINT ( 'NONE',  ( -6.249999999999999112, 5.227723404215865344, -13.13352867918689881 ) ) ;
#550 = CIRCLE ( 'NONE', #276, 0.9000000000000005773 ) ;
#551 = EDGE_CURVE ( 'NONE', #5238, #1353, #4844, .T. ) ;
#552 = CARTESIAN_POINT ( 'NONE',  ( -12.25000000000000178, -5.762048582469824431, 5.761166280331502243 ) ) ;
#553 = CARTESIAN_POINT ( 'NONE',  ( 11.86774305347613989, 5.615035489860566109, 6.733341322078115532 ) ) ;
#554 = AXIS2_PLACEMENT_3D ( 'NONE', #29, #2525, #4253 ) ;
#555 = DIRECTION ( 'NONE',  ( -1.000000000000000000, 0.000000000000000000, 0.000000000000000000 ) ) ;
#556 = CARTESIAN_POINT ( 'NONE',  ( 10.50201483832752380, -0.4129350544284535185, -12.11398319084685227 ) ) ;
#557 = CARTESIAN_POINT ( 'NONE',  ( 7.067433536653784820, 4.014329262198734760, -9.326194932043295083 ) ) ;
#558 = CARTESIAN_POINT ( 'NONE',  ( -10.28104244438774373, -5.432281094608359541E-16, -8.749999997787798023 ) ) ;
#559 = CARTESIAN_POINT ( 'NONE',  ( 5.082789083931429808, -8.743008792269666429, -12.75859731930902363 ) ) ;
#560 = CARTESIAN_POINT ( 'NONE',  ( -4.241158536044036254, 7.303121363515715281, -13.65353439024021220 ) ) ;
#561 = CARTESIAN_POINT ( 'NONE',  ( 4.766051212099672973, 8.901993342917299046, -12.75269499763453140 ) ) ;
#562 = CARTESIAN_POINT ( 'NONE',  ( 11.94067925340888792, -0.7364408675572333696, -9.696955580775993511 ) ) ;
#563 = ORIENTED_EDGE ( 'NONE', *, *, #2637, .T. ) ;
#564 = EDGE_LOOP ( 'NONE', ( #4731, #1540, #5397, #5480 ) ) ;
#565 = CARTESIAN_POINT ( 'NONE',  ( -10.43418953790555648, 0.5815282215611968786, -12.17262591598528587 ) ) ;
#566 = CARTESIAN_POINT ( 'NONE',  ( -10.62353645054494855, -0.6422103134006347247, -11.85349433152371645 ) ) ;
#567 = CARTESIAN_POINT ( 'NONE',  ( -0.8561835557508880035, 9.515055855216818514, -12.71254964589652481 ) ) ;
#568 = CARTESIAN_POINT ( 'NONE',  ( -5.958640355916650755, 5.706257241285465298, -12.06872409977102123 ) ) ;
#569 = CARTESIAN_POINT ( 'NONE',  ( -6.301190814082880287, -5.099999999998990674, -1.837311417054560235E-12 ) ) ;
#570 = ORIENTED_EDGE ( 'NONE', *, *, #2871, .F. ) ;
#571 = ORIENTED_EDGE ( 'NONE', *, *, #293, .F. ) ;
#572 = CARTESIAN_POINT ( 'NONE',  ( -12.24999999999999467, 6.934318342766825793, 2.022050131570917841 ) ) ;
#573 = CARTESIAN_POINT ( 'NONE',  ( -6.249999999999999112, 5.227723404215868008, -12.86326403803844975 ) ) ;
#574 = DIRECTION ( 'NONE',  ( 1.000000000000000000, -0.000000000000000000, -1.095185450775958527E-16 ) ) ;
#575 = CARTESIAN_POINT ( 'NONE',  ( 4.213278513402736181, -7.320005246823749978, -13.65353439024021220 ) ) ;
#576 = CARTESIAN_POINT ( 'NONE',  ( 4.258678632462833846, -7.290814765375174922, -13.65353439024021576 ) ) ;
#577 = ADVANCED_FACE ( 'NONE', ( #3498 ), #650, .T. ) ;
#578 = VECTOR ( 'NONE', #4741, 1000.000000000000000 ) ;
#579 = CARTESIAN_POINT ( 'NONE',  ( -12.24999999999956124, -2.710047923749297372, 8.327489404295571163 ) ) ;
#580 = CARTESIAN_POINT ( 'NONE',  ( 9.355546009936828611, 2.587838219831074316, -12.71841089425808846 ) ) ;
#581 = CARTESIAN_POINT ( 'NONE',  ( 6.520607978663559123, 4.333230450545547896, -13.65353439024021576 ) ) ;
#582 = CARTESIAN_POINT ( 'NONE',  ( 11.87012413546539591, -5.697415932310887499, 6.640930032325914389 ) ) ;
#583 = EDGE_CURVE ( 'NONE', #5296, #4104, #222, .T. ) ;
#584 = CARTESIAN_POINT ( 'NONE',  ( 10.57037283958804963, -0.7773824468223300421, -11.88845563684794016 ) ) ;
#585 = CARTESIAN_POINT ( 'NONE',  ( 6.520726147118396376, -4.332772238813509702, -13.65353439024021576 ) ) ;
#586 = CARTESIAN_POINT ( 'NONE',  ( 10.72789358071693933, 0.2656739594287865769, -11.79277726963363015 ) ) ;
#587 = CARTESIAN_POINT ( 'NONE',  ( 4.223460212719361451, -7.314578174631668261, -13.65353439024022109 ) ) ;
#588 = CARTESIAN_POINT ( 'NONE',  ( -5.110830659400598108, 8.726059330244513745, -12.75830848287127495 ) ) ;
#589 = CARTESIAN_POINT ( 'NONE',  ( -3.065242421064878542, 9.326258380645851886, -12.72205756835438706 ) ) ;
#590 =( BOUNDED_SURFACE ( )  B_SPLINE_SURFACE ( 3, 2, ( 
 ( #4983, #1539, #1462 ),
 ( #634, #5016, #1090 ),
 ( #693, #1995, #208 ),
 ( #183, #1943, #5384 ),
 ( #4955, #2823, #5466 ),
 ( #3186, #1916, #1118 ),
 ( #665, #3264, #3671 ),
 ( #5409, #2313, #4580 ),
 ( #1571, #3649, #1062 ),
 ( #3615, #4929, #1512 ),
 ( #3236, #2880, #2395 ),
 ( #4147, #1037, #575 ),
 ( #2768, #4496, #5495 ),
 ( #781, #3786, #2149 ),
 ( #5134, #5527, #5560 ),
 ( #3876, #5620, #3757 ),
 ( #1301, #2545, #4608 ),
 ( #1210, #3417, #2908 ),
 ( #722, #354, #290 ),
 ( #2515, #1722, #1602 ),
 ( #2937, #321, #389 ),
 ( #1178, #2450, #4178 ),
 ( #3387, #4272, #3324 ),
 ( #4671, #5162, #1239 ),
 ( #4730, #418, #4241 ),
 ( #4640, #2087, #1633 ),
 ( #2026, #3445, #2966 ),
 ( #5589, #5072, #2120 ),
 ( #3357, #3818, #1664 ),
 ( #812, #5106, #4700 ),
 ( #2056, #3847, #5191 ),
 ( #752, #2483, #1695 ),
 ( #4209, #1267, #2996 ),
 ( #844, #2578, #4303 ),
 ( #3123, #4860, #4760 ),
 ( #2176, #4329, #968 ),
 ( #1749, #444, #2605 ),
 ( #3904, #870, #20 ),
 ( #3474, #3029, #5289 ),
 ( #1399, #4197, #4260 ),
 ( #798, #4659, #1558 ),
 ( #3313, #3714, #3836 ),
 ( #741, #3744, #1617 ),
 ( #2532, #1588, #3283 ),
 ( #770, #2472, #5482 ),
 ( #5060, #2838, #2502 ),
 ( #4228, #5032, #3376 ),
 ( #307, #2043, #4597 ),
 ( #1164, #5451, #371 ),
 ( #1137, #2868, #2897 ),
 ( #2411, #340, #1983 ),
 ( #709, #2440, #3774 ),
 ( #2105, #5577, #250 ),
 ( #3407, #2072, #1106 ),
 ( #4627, #5544, #4166 ),
 ( #5514, #1684, #4567 ),
 ( #681, #279, #4135 ),
 ( #1652, #3804, #3343 ),
 ( #1197, #2015, #5091 ),
 ( #2926, #5123, #1228 ),
 ( #2955, #4688, #1786 ),
 ( #5257, #939, #1736 ),
 ( #5179, #3043, #4318 ),
 ( #1254, #2241, #1762 ) ),
 .UNSPECIFIED., .F., .F., .T. ) 
 B_SPLINE_SURFACE_WITH_KNOTS ( ( 4, 2, 2, 2, 2, 2, 2, 2, 2, 2, 2, 2, 2, 2, 2, 2, 2, 2, 2, 2, 2, 2, 2, 2, 2, 2, 2, 2, 2, 2, 2, 4 ),
 ( 3, 3 ),
 ( 3.903127820947815962E-18, 5.250787463576602358E-07, 1.050157492711417344E-06, 2.100314985418931560E-06, 4.200629970833959992E-06, 8.401259941664016855E-06, 1.680251988332413058E-05, 3.360503976664435804E-05, 6.721007953328481295E-05, 0.0001344201590665657228, 0.0002688403181331275424, 0.0005376806362662511817, 0.001075361272532498460, 0.002150722545064993017, 0.004301445090129982565, 0.005376806362662477773, 0.006452167635194972113, 0.007527528907727466453, 0.008065209543993714925, 0.008334049862126838293, 0.008468470021193399977, 0.008535680100726680819, 0.008569285140493321240, 0.008586087660376641451, 0.008594488920318301556, 0.008598689550289131608, 0.008600789865274547502, 0.008601840022767254582, 0.008602365101513607254, 0.008602627640886784458, 0.008602758910573372192, 0.008602890180259961661 ),
 ( 0.000000000000000000, 1.000000000000000000 ),
 .UNSPECIFIED. ) 
 GEOMETRIC_REPRESENTATION_ITEM ( )  RATIONAL_B_SPLINE_SURFACE ( (
 ( 1.000000000000000000, 0.8810729325328473527, 1.000000000000000000),
 ( 1.000000000000000000, 0.8810716549905025508, 1.000000000000000000),
 ( 1.000000000000000000, 0.8810695363262145419, 1.000000000000000000),
 ( 1.000000000000000000, 0.8810653879137410049, 1.000000000000000000),
 ( 1.000000000000000000, 0.8810632966511190434, 1.000000000000000000),
 ( 1.000000000000000000, 0.8810571602928095603, 1.000000000000000000),
 ( 1.000000000000000000, 0.8810528518075101401, 1.000000000000000000),
 ( 1.000000000000000000, 0.8810402699780024438, 1.000000000000000000),
 ( 1.000000000000000000, 0.8810318986004463948, 1.000000000000000000),
 ( 1.000000000000000000, 0.8810070633060311796, 1.000000000000000000),
 ( 1.000000000000000000, 0.8809908053696592356, 1.000000000000000000),
 ( 1.000000000000000000, 0.8809428496596145575, 1.000000000000000000),
 ( 1.000000000000000000, 0.8809119493294946812, 1.000000000000000000),
 ( 1.000000000000000000, 0.8808216344661230490, 1.000000000000000000),
 ( 1.000000000000000000, 0.8807645840687132743, 1.000000000000000000),
 ( 1.000000000000000000, 0.8806000337664474653, 1.000000000000000000),
 ( 1.000000000000000000, 0.8804990165392935220, 1.000000000000000000),
 ( 1.000000000000000000, 0.8802123137747231985, 1.000000000000000000),
 ( 1.000000000000000000, 0.8800428541304925467, 1.000000000000000000),
 ( 1.000000000000000000, 0.8795731297357644030, 1.000000000000000000),
 ( 1.000000000000000000, 0.8793115449850485987, 1.000000000000000000),
 ( 1.000000000000000000, 0.8786074776577215140, 1.000000000000000000),
 ( 1.000000000000000000, 0.8782460211922578086, 1.000000000000000000),
 ( 1.000000000000000000, 0.8773116523364262731, 1.000000000000000000),
 ( 1.000000000000000000, 0.8768920891602874912, 1.000000000000000000),
 ( 1.000000000000000000, 0.8758603019361514974, 1.000000000000000000),
 ( 1.000000000000000000, 0.8754870418494204998, 1.000000000000000000),
 ( 1.000000000000000000, 0.8746511177356131039, 1.000000000000000000),
 ( 1.000000000000000000, 0.8745014985693256859, 1.000000000000000000),
 ( 1.000000000000000000, 0.8745091032901093353, 1.000000000000000000),
 ( 1.000000000000000000, 0.8745603285758158929, 1.000000000000000000),
 ( 1.000000000000000000, 0.8747846638174128220, 1.000000000000000000),
 ( 1.000000000000000000, 0.8749549853805002053, 1.000000000000000000),
 ( 1.000000000000000000, 0.8755203236011966927, 1.000000000000000000),
 ( 1.000000000000000000, 0.8758986178518747279, 1.000000000000000000),
 ( 1.000000000000000000, 0.8769388083345200924, 1.000000000000000000),
 ( 1.000000000000000000, 0.8773609599378288104, 1.000000000000000000),
 ( 1.000000000000000000, 0.8782880925963784113, 1.000000000000000000),
 ( 1.000000000000000000, 0.8786454837958458386, 1.000000000000000000),
 ( 1.000000000000000000, 0.8793386773763310904, 1.000000000000000000),
 ( 1.000000000000000000, 0.8795957844970165862, 1.000000000000000000),
 ( 1.000000000000000000, 0.8800559184489824549, 1.000000000000000000),
 ( 1.000000000000000000, 0.8802216789791439400, 1.000000000000000000),
 ( 1.000000000000000000, 0.8805027084467399456, 1.000000000000000000),
 ( 1.000000000000000000, 0.8806017754126316266, 1.000000000000000000),
 ( 1.000000000000000000, 0.8807636173216050191, 1.000000000000000000),
 ( 1.000000000000000000, 0.8808197663449879311, 1.000000000000000000),
 ( 1.000000000000000000, 0.8809091648370516170, 1.000000000000000000),
 ( 1.000000000000000000, 0.8809398198025661930, 1.000000000000000000),
 ( 1.000000000000000000, 0.8809877587862596782, 1.000000000000000000),
 ( 1.000000000000000000, 0.8810040545455365413, 1.000000000000000000),
 ( 1.000000000000000000, 0.8810292221517889155, 1.000000000000000000),
 ( 1.000000000000000000, 0.8810377190442619799, 1.000000000000000000),
 ( 1.000000000000000000, 0.8810507317353166723, 1.000000000000000000),
 ( 1.000000000000000000, 0.8810551055145675603, 1.000000000000000000),
 ( 1.000000000000000000, 0.8810617491675862833, 1.000000000000000000),
 ( 1.000000000000000000, 0.8810639817342088564, 1.000000000000000000),
 ( 1.000000000000000000, 0.8810673408751826807, 1.000000000000000000),
 ( 1.000000000000000000, 0.8810684688949905752, 1.000000000000000000),
 ( 1.000000000000000000, 0.8810701596915357925, 1.000000000000000000),
 ( 1.000000000000000000, 0.8810707223621854212, 1.000000000000000000),
 ( 1.000000000000000000, 0.8810718528515846248, 1.000000000000000000),
 ( 1.000000000000000000, 0.8810724296457239646, 1.000000000000000000),
 ( 1.000000000000000000, 0.8810729325328480188, 1.000000000000000000) ) ) 
 REPRESENTATION_ITEM ( '' )  SURFACE ( )  );
#591 = CARTESIAN_POINT ( 'NONE',  ( 7.029418785840034545, 12.17531048475413691, -6.025986191255825908 ) ) ;
#592 = ORIENTED_EDGE ( 'NONE', *, *, #2182, .F. ) ;
#593 = ORIENTED_EDGE ( 'NONE', *, *, #1621, .F. ) ;
#594 = LINE ( 'NONE', #5372, #2534 ) ;
#595 = B_SPLINE_CURVE_WITH_KNOTS ( 'NONE', 3,
 ( #4322, #2168, #3897, #2048, #3778, #5518, #2959, #4693 ),
 .UNSPECIFIED., .F., .F.,
 ( 4, 2, 2, 4 ),
 ( 2.934965519869990483E-17, 0.0004304832085526478667, 0.0008609664171052664600, 0.001721932834210503430 ),
 .UNSPECIFIED. ) ;
#596 = CARTESIAN_POINT ( 'NONE',  ( 12.24999999999677947, -2.572139752445796734, -8.177427626498765534 ) ) ;
#597 = CARTESIAN_POINT ( 'NONE',  ( -10.34147464704279074, -0.05447161952467449719, -12.24752474045953043 ) ) ;
#598 = CARTESIAN_POINT ( 'NONE',  ( -5.108945869073330037, -8.727221324201069663, -12.75833627536216142 ) ) ;
#599 = CARTESIAN_POINT ( 'NONE',  ( 9.700000000000001066, 6.010907150245234476, -7.991808007649505718 ) ) ;
#600 = EDGE_LOOP ( 'NONE', ( #3642, #3446 ) ) ;
#601 = ORIENTED_EDGE ( 'NONE', *, *, #5304, .F. ) ;
#602 = CARTESIAN_POINT ( 'NONE',  ( -12.24999999999999467, 5.736048174482533568, 4.753875711295840745 ) ) ;
#603 = CARTESIAN_POINT ( 'NONE',  ( -8.925446771053771045, 1.894127441243135479, -13.31481341276963271 ) ) ;
#604 = DIRECTION ( 'NONE',  ( 1.000000000000000000, -0.000000000000000000, -1.095185450775958527E-16 ) ) ;
#605 = CARTESIAN_POINT ( 'NONE',  ( 3.200000000001050893, 6.307596191344152597E-16, 14.90003172573260670 ) ) ;
#606 = EDGE_CURVE ( 'NONE', #1057, #3997, #3253, .T. ) ;
#607 = CARTESIAN_POINT ( 'NONE',  ( -12.24999999999738343, -2.227847032605984268, 8.567393455097498389 ) ) ;
#608 = DIRECTION ( 'NONE',  ( 1.000000000000000000, 0.000000000000000000, -0.000000000000000000 ) ) ;
#609 = CARTESIAN_POINT ( 'NONE',  ( -12.15472864692827848, -5.681909521751307146, -5.283047894910831488 ) ) ;
#610 = CARTESIAN_POINT ( 'NONE',  ( 10.32801875850684503, -0.1000306863394694046, -12.25887322248139810 ) ) ;
#611 = CARTESIAN_POINT ( 'NONE',  ( 6.876761821191192503, 4.862843083858816584, -8.949487143808543266 ) ) ;
#612 =( LENGTH_UNIT ( ) NAMED_UNIT ( * ) SI_UNIT ( .MILLI., .METRE. ) );
#613 = CARTESIAN_POINT ( 'NONE',  ( 4.999999999999999112, -5.000201960299634152, -11.74999999778779980 ) ) ;
#614 = EDGE_CURVE ( 'NONE', #257, #1136, #5454, .T. ) ;
#615 = AXIS2_PLACEMENT_3D ( 'NONE', #403, #4744, #2694 ) ;
#616 = CARTESIAN_POINT ( 'NONE',  ( -5.844420234260982561, 7.240522218046273828, -13.65353439023855131 ) ) ;
#617 = CARTESIAN_POINT ( 'NONE',  ( -3.888852387526595678, 9.173577067440369603, -12.73223577206220547 ) ) ;
#618 = CARTESIAN_POINT ( 'NONE',  ( 1.308978015128889894, 0.4200610131218406318, 15.23975065412817287 ) ) ;
#619 = CIRCLE ( 'NONE', #5256, 2.000000000000000000 ) ;
#620 = ORIENTED_EDGE ( 'NONE', *, *, #1359, .T. ) ;
#621 = ORIENTED_EDGE ( 'NONE', *, *, #1636, .F. ) ;
#622 = CARTESIAN_POINT ( 'NONE',  ( -10.74363161773558417, 7.298922539659575026E-14, -11.79026603071384294 ) ) ;
#623 =( BOUNDED_SURFACE ( )  B_SPLINE_SURFACE ( 3, 2, ( 
 ( #4218, #4187, #298 ),
 ( #3332, #1549, #2524 ),
 ( #1219, #269, #5081 ),
 ( #4251, #4559, #5441 ),
 ( #3274, #1189, #2918 ),
 ( #4649, #5473, #2403 ),
 ( #3303, #3245, #760 ),
 ( #1949, #2493, #1521 ),
 ( #330, #2064, #3795 ),
 ( #5535, #4992, #1099 ),
 ( #673, #4127, #242 ),
 ( #1976, #5024, #1127 ),
 ( #2688, #2737, #1702 ),
 ( #1433, #4871, #1409 ),
 ( #1246, #2232, #1005 ),
 ( #3828, #3132, #4845 ),
 ( #5142, #3004, #498 ),
 ( #953, #3955, #546 ),
 ( #2664, #5569, #398 ),
 ( #4386, #1857, #4816 ),
 ( #127, #3585, #2973 ),
 ( #2282, #1277, #73 ),
 ( #1801, #2255, #929 ),
 ( #4412, #3424, #522 ),
 ( #3530, #3980, #2552 ),
 ( #5270, #3158, #4708 ),
 ( #5170, #4008, #980 ),
 ( #5327, #4896, #363 ),
 ( #820, #2096, #1380 ),
 ( #1674, #3106, #100 ),
 ( #2128, #1830, #3857 ),
 ( #4281, #3558, #5298 ),
 ( #5599, #2712, #4435 ),
 ( #3398, #3292, #1938 ),
 ( #3693, #1145, #1059 ),
 ( #1568, #5461, #4089 ),
 ( #4980, #662, #258 ),
 ( #2390, #5380, #3668 ),
 ( #180, #2818, #5043 ),
 ( #4115, #1034, #4465 ),
 ( #572, #3182, #3258 ),
 ( #4492, #4144, #4952 ),
 ( #2765, #2309, #5012 ),
 ( #3644, #2789, #1913 ),
 ( #1484, #1458, #5406 ),
 ( #602, #1087, #4033 ),
 ( #4548, #153, #1991 ),
 ( #2336, #3209, #4520 ),
 ( #1885, #1509, #3722 ),
 ( #3612, #631, #4926 ),
 ( #5354, #204, #2362 ),
 ( #4061, #3234, #229 ),
 ( #1964, #5430, #1536 ),
 ( #1115, #2847, #4576 ),
 ( #689, #2419, #1628 ),
 ( #350, #4298, #2082 ),
 ( #3873, #2575, #3352 ),
 ( #4268, #4667, #5522 ),
 ( #4174, #720, #778 ),
 ( #2024, #2116, #5101 ),
 ( #3753, #2512, #3442 ),
 ( #3414, #1207, #5188 ) ),
 .UNSPECIFIED., .F., .F., .T. ) 
 B_SPLINE_SURFACE_WITH_KNOTS ( ( 4, 2, 2, 2, 2, 2, 2, 2, 2, 2, 2, 2, 2, 2, 2, 2, 2, 2, 2, 2, 2, 2, 2, 2, 2, 2, 2, 2, 2, 2, 4 ),
 ( 3, 3 ),
 ( -6.928051882182373333E-17, 2.359599413750956753E-05, 4.719198827508841557E-05, 9.438397655024611166E-05, 0.0001887679531005615038, 0.0003775359062011922882, 0.0007550718124024538569, 0.001510143624804977103, 0.003020287249610023594, 0.004530430874415070086, 0.004624814850965385492, 0.004719198827515700898, 0.004907966780616331709, 0.005285502686817593332, 0.006040574499220116578, 0.007550718124025163069, 0.009060861748830209561, 0.01057100537363525605, 0.01208114899844030254, 0.01359129262324534904, 0.01434636443564787228, 0.01510143624805039553, 0.01661157987285544202, 0.01812172349766048851, 0.01963186712246553500, 0.02038693893486805825, 0.02114201074727058149, 0.02265215437207562799, 0.02340722618447815123, 0.02378476209067941285, 0.02416229799688067448 ),
 ( 0.000000000000000000, 1.000000000000000000 ),
 .UNSPECIFIED. ) 
 GEOMETRIC_REPRESENTATION_ITEM ( )  RATIONAL_B_SPLINE_SURFACE ( (
 ( 1.000000000000000000, 0.9645145105621956150, 1.000000000000000000),
 ( 1.000000000000000000, 0.9645046650370245889, 1.000000000000000000),
 ( 1.000000000000000000, 0.9644291245339517982, 1.000000000000000000),
 ( 1.000000000000000000, 0.9642699700678445396, 1.000000000000000000),
 ( 1.000000000000000000, 0.9641803496246028615, 1.000000000000000000),
 ( 1.000000000000000000, 0.9639065984530551523, 1.000000000000000000),
 ( 1.000000000000000000, 0.9637163921273537159, 1.000000000000000000),
 ( 1.000000000000000000, 0.9631573552462007193, 1.000000000000000000),
 ( 1.000000000000000000, 0.9627970056877865890, 1.000000000000000000),
 ( 1.000000000000000000, 0.9617742494593879421, 1.000000000000000000),
 ( 1.000000000000000000, 0.9611655584669632768, 1.000000000000000000),
 ( 1.000000000000000000, 0.9595160010404693018, 1.000000000000000000),
 ( 1.000000000000000000, 0.9586300004422945165, 1.000000000000000000),
 ( 1.000000000000000000, 0.9562922088940855048, 1.000000000000000000),
 ( 1.000000000000000000, 0.9551561883542667442, 1.000000000000000000),
 ( 1.000000000000000000, 0.9522639142235336251, 1.000000000000000000),
 ( 1.000000000000000000, 0.9510426173343780043, 1.000000000000000000),
 ( 1.000000000000000000, 0.9489944548806827918, 1.000000000000000000),
 ( 1.000000000000000000, 0.9482101101333758608, 1.000000000000000000),
 ( 1.000000000000000000, 0.9474837642393920678, 1.000000000000000000),
 ( 1.000000000000000000, 0.9474414711984142645, 1.000000000000000000),
 ( 1.000000000000000000, 0.9473577109426429832, 1.000000000000000000),
 ( 1.000000000000000000, 0.9472112583599049396, 1.000000000000000000),
 ( 1.000000000000000000, 0.9474975939211014442, 1.000000000000000000),
 ( 1.000000000000000000, 0.9476884920299246673, 1.000000000000000000),
 ( 1.000000000000000000, 0.9482607326006632364, 1.000000000000000000),
 ( 1.000000000000000000, 0.9486416112247829657, 1.000000000000000000),
 ( 1.000000000000000000, 0.9497790188116118637, 1.000000000000000000),
 ( 1.000000000000000000, 0.9505313581244181353, 1.000000000000000000),
 ( 1.000000000000000000, 0.9527375396293944476, 1.000000000000000000),
 ( 1.000000000000000000, 0.9541179816173053219, 1.000000000000000000),
 ( 1.000000000000000000, 0.9566169042768497555, 1.000000000000000000),
 ( 1.000000000000000000, 0.9577478242628614247, 1.000000000000000000),
 ( 1.000000000000000000, 0.9596160114645115868, 1.000000000000000000),
 ( 1.000000000000000000, 0.9603095581907556966, 1.000000000000000000),
 ( 1.000000000000000000, 0.9612482081279916102, 1.000000000000000000),
 ( 1.000000000000000000, 0.9614942134147117514, 1.000000000000000000),
 ( 1.000000000000000000, 0.9615236328678264943, 1.000000000000000000),
 ( 1.000000000000000000, 0.9613031339903853612, 1.000000000000000000),
 ( 1.000000000000000000, 0.9606674289958977431, 1.000000000000000000),
 ( 1.000000000000000000, 0.9604043091383855923, 1.000000000000000000),
 ( 1.000000000000000000, 0.9597776505599251440, 1.000000000000000000),
 ( 1.000000000000000000, 0.9594117671614710297, 1.000000000000000000),
 ( 1.000000000000000000, 0.9581848309316512990, 1.000000000000000000),
 ( 1.000000000000000000, 0.9571827905763027333, 1.000000000000000000),
 ( 1.000000000000000000, 0.9549396813904479364, 1.000000000000000000),
 ( 1.000000000000000000, 0.9536854560547558535, 1.000000000000000000),
 ( 1.000000000000000000, 0.9510778236918573381, 1.000000000000000000),
 ( 1.000000000000000000, 0.9497152529919953290, 1.000000000000000000),
 ( 1.000000000000000000, 0.9476718332057266769, 1.000000000000000000),
 ( 1.000000000000000000, 0.9469853879560299337, 1.000000000000000000),
 ( 1.000000000000000000, 0.9456782734026676351, 1.000000000000000000),
 ( 1.000000000000000000, 0.9450568678717895521, 1.000000000000000000),
 ( 1.000000000000000000, 0.9433431822240515574, 1.000000000000000000),
 ( 1.000000000000000000, 0.9423872166666363848, 1.000000000000000000),
 ( 1.000000000000000000, 0.9416341979043140187, 1.000000000000000000),
 ( 1.000000000000000000, 0.9415039757659598996, 1.000000000000000000),
 ( 1.000000000000000000, 0.9415462432779190260, 1.000000000000000000),
 ( 1.000000000000000000, 0.9416007281603837598, 1.000000000000000000),
 ( 1.000000000000000000, 0.9417519418493300876, 1.000000000000000000),
 ( 1.000000000000000000, 0.9418556930577317576, 1.000000000000000000),
 ( 1.000000000000000000, 0.9418659363109681548, 1.000000000000000000) ) ) 
 REPRESENTATION_ITEM ( '' )  SURFACE ( )  );
#624 = EDGE_CURVE ( 'NONE', #1408, #4886, #3851, .T. ) ;
#625 = CARTESIAN_POINT ( 'NONE',  ( 12.24999999999993250, -0.1543652403990441457, -8.753974847341073229 ) ) ;
#626 = CARTESIAN_POINT ( 'NONE',  ( 5.290912512931903677, 8.604883489697586541, -12.75386329251622719 ) ) ;
#627 = CARTESIAN_POINT ( 'NONE',  ( -4.784029666284715709, -8.230453615215681751, -13.65353439024022464 ) ) ;
#628 = CARTESIAN_POINT ( 'NONE',  ( -11.85883147878956123, 5.365887202266796052, -6.551328208196800063 ) ) ;
#629 = VERTEX_POINT ( 'NONE', #4750 ) ;
#630 = ORIENTED_EDGE ( 'NONE', *, *, #5415, .F. ) ;
#631 = CARTESIAN_POINT ( 'NONE',  ( -12.25000000000043698, 4.270323645318412353, 7.275756368114116412 ) ) ;
#632 = CARTESIAN_POINT ( 'NONE',  ( -3.176838550847176812, -13.23142656299421560, 6.499999999999993783 ) ) ;
#633 = CARTESIAN_POINT ( 'NONE',  ( -10.74999999999999822, -6.000000000000000000, 0.9000000000000010214 ) ) ;
#634 = CARTESIAN_POINT ( 'NONE',  ( 5.045649886054111022, -8.764678646521325334, -12.75869904978852176 ) ) ;
#635 = AXIS2_PLACEMENT_3D ( 'NONE', #1838, #160, #2291 ) ;
#636 = CIRCLE ( 'NONE', #467, 0.8999999999999999112 ) ;
#637 = B_SPLINE_CURVE_WITH_KNOTS ( 'NONE', 3,
 ( #4852, #2264, #3988, #1415, #3939, #2718, #2292 ),
 .UNSPECIFIED., .F., .F.,
 ( 4, 2, 1, 4 ),
 ( 0.5612227810383907389, 0.5856425107530580654, 0.6892318830647936601, 0.7067833462756387686 ),
 .UNSPECIFIED. ) ;
#638 = CARTESIAN_POINT ( 'NONE',  ( 11.53569281101780142, 8.395315708301204438, -2.492031951033731207 ) ) ;
#639 = CARTESIAN_POINT ( 'NONE',  ( -12.24999999999848121, -4.594246484987570156, -6.533048840606603846 ) ) ;
#640 = CIRCLE ( 'NONE', #2555, 1.999999999999999778 ) ;
#641 = DIRECTION ( 'NONE',  ( 0.000000000000000000, 1.002010156928930384E-16, -1.000000000000000000 ) ) ;
#642 = CARTESIAN_POINT ( 'NONE',  ( -12.24133724483652585, -5.125585013389332367, 5.824452948997643098 ) ) ;
#643 = CARTESIAN_POINT ( 'NONE',  ( 10.34878340122594054, -0.01295845603112427344, -12.24134545499308580 ) ) ;
#644 = CARTESIAN_POINT ( 'NONE',  ( 5.902670102344719893, 5.765216928074368141, -11.90597958360803332 ) ) ;
#645 = FILL_AREA_STYLE_COLOUR ( '', #2976 ) ;
#646 = CARTESIAN_POINT ( 'NONE',  ( -10.74282570820839133, -0.05720544210035064664, -11.79020551674170925 ) ) ;
#647 = VECTOR ( 'NONE', #4282, 1000.000000000000000 ) ;
#648 = CARTESIAN_POINT ( 'NONE',  ( 4.417376993376914918, 8.403846117409992544, -13.65353439024032411 ) ) ;
#649 = CARTESIAN_POINT ( 'NONE',  ( 5.380261184385633833, 9.318885729346670033, 11.03005007641328028 ) ) ;
#650 =( BOUNDED_SURFACE ( )  B_SPLINE_SURFACE ( 3, 2, ( 
 ( #998, #4457, #470 ),
 ( #5218, #1326, #3053 ),
 ( #3930, #895, #2413 ),
 ( #5005, #3716, #2870 ),
 ( #1478, #1562, #3174 ),
 ( #4168, #4599, #4918 ),
 ( #5373, #2355, #2329 ),
 ( #625, #4080, #198 ),
 ( #712, #2442, #1931 ),
 ( #4512, #1027, #3200 ),
 ( #1109, #4137, #281 ),
 ( #3662, #3687, #1503 ),
 ( #4972, #683, #1530 ),
 ( #3605, #2758, #5347 ),
 ( #1451, #4486, #5399 ),
 ( #1906, #596, #5424 ),
 ( #223, #1957, #4053 ),
 ( #175, #3635, #252 ) ),
 .UNSPECIFIED., .F., .F., .T. ) 
 B_SPLINE_SURFACE_WITH_KNOTS ( ( 4, 2, 2, 2, 2, 2, 2, 2, 4 ),
 ( 3, 3 ),
 ( 2.168404344971008868E-19, 2.920762430249306714E-05, 5.841524860498591745E-05, 0.0001168304972099716181, 0.0002336609944199430193, 0.0004673219888398858217, 0.0009346439776797714266, 0.001869287955359542636, 0.003738575910719085273 ),
 ( 0.000000000000000000, 1.000000000000000000 ),
 .UNSPECIFIED. ) 
 GEOMETRIC_REPRESENTATION_ITEM ( )  RATIONAL_B_SPLINE_SURFACE ( (
 ( 1.000000000000000000, 0.9645145105621958370, 1.000000000000000000),
 ( 1.000000000000000000, 0.9644982015205224579, 1.000000000000000000),
 ( 1.000000000000000000, 0.9643951386710264417, 1.000000000000000000),
 ( 1.000000000000000000, 0.9641869778521560130, 1.000000000000000000),
 ( 1.000000000000000000, 0.9640725695132903450, 1.000000000000000000),
 ( 1.000000000000000000, 0.9637274361026957337, 1.000000000000000000),
 ( 1.000000000000000000, 0.9634931293119620710, 1.000000000000000000),
 ( 1.000000000000000000, 0.9628119772300892665, 1.000000000000000000),
 ( 1.000000000000000000, 0.9623830405916198316, 1.000000000000000000),
 ( 1.000000000000000000, 0.9611784478507237051, 1.000000000000000000),
 ( 1.000000000000000000, 0.9604872495800212961, 1.000000000000000000),
 ( 1.000000000000000000, 0.9586262045519383657, 1.000000000000000000),
 ( 1.000000000000000000, 0.9576556403304590237, 1.000000000000000000),
 ( 1.000000000000000000, 0.9551200638991336200, 1.000000000000000000),
 ( 1.000000000000000000, 0.9539319328264889153, 1.000000000000000000),
 ( 1.000000000000000000, 0.9509473884629373597, 1.000000000000000000),
 ( 1.000000000000000000, 0.9497606863730068127, 1.000000000000000000),
 ( 1.000000000000000000, 0.9487071762832783861, 1.000000000000000000) ) ) 
 REPRESENTATION_ITEM ( '' )  SURFACE ( )  );
#651 = ORIENTED_EDGE ( 'NONE', *, *, #1319, .T. ) ;
#652 = ORIENTED_EDGE ( 'NONE', *, *, #3946, .F. ) ;
#653 = CARTESIAN_POINT ( 'NONE',  ( 7.342320367282198390, -2.876888682331796954, -13.65353439024021043 ) ) ;
#654 = CARTESIAN_POINT ( 'NONE',  ( 4.273566542672609714, -7.280205712150738862, -13.65353439024021753 ) ) ;
#655 = CARTESIAN_POINT ( 'NONE',  ( 4.931907857543542661, 8.133135158423684175, -13.65353439024022286 ) ) ;
#656 = CARTESIAN_POINT ( 'NONE',  ( -4.241162459637924265, -7.303151615263372420, -13.65353439024022109 ) ) ;
#657 = EDGE_CURVE ( 'NONE', #4696, #4344, #4150, .T. ) ;
#658 = CARTESIAN_POINT ( 'NONE',  ( -11.89155258348268340, 6.465945132095596293, 5.692569663381215506 ) ) ;
#659 = EDGE_CURVE ( 'NONE', #355, #995, #2850, .T. ) ;
#660 = CARTESIAN_POINT ( 'NONE',  ( 3.054765047922956445, -2.770642189457110049, 14.90075911844933110 ) ) ;
#661 = VERTEX_POINT ( 'NONE', #830 ) ;
#662 = CARTESIAN_POINT ( 'NONE',  ( -12.24999999999999645, 7.675763141313782789, -0.5189330067937040214 ) ) ;
#663 = CARTESIAN_POINT ( 'NONE',  ( -33.66464024781362951, -7.599342076785336353, 6.499999999999999112 ) ) ;
#664 = CARTESIAN_POINT ( 'NONE',  ( -4.062264598955389161, -7.381817494561465409, -13.65353439024021043 ) ) ;
#665 = CARTESIAN_POINT ( 'NONE',  ( 5.024415381149805349, -8.776596730307899108, -12.75855217867549740 ) ) ;
#666 = CARTESIAN_POINT ( 'NONE',  ( 11.56884525257641450, 8.726642705909478437, -0.7325183184817056770 ) ) ;
#667 = CARTESIAN_POINT ( 'NONE',  ( -11.83845632485840405, -4.659114274518071142, -7.209620231619595643 ) ) ;
#668 = LINE ( 'NONE', #2399, #2173 ) ;
#669 = CARTESIAN_POINT ( 'NONE',  ( -12.25000000000000000, -15.04274960149093410, -15.83954091745580151 ) ) ;
#670 = CARTESIAN_POINT ( 'NONE',  ( -12.24113535049849055, -3.346987549169526233, -6.999403249090592638 ) ) ;
#671 = CARTESIAN_POINT ( 'NONE',  ( 9.492994346014931750, -1.957184912733006987, -12.92512556187303829 ) ) ;
#672 = AXIS2_PLACEMENT_3D ( 'NONE', #46, #1772, #1879 ) ;
#673 = CARTESIAN_POINT ( 'NONE',  ( -12.25000000000000533, 0.3075826961339975796, -8.710003569319702876 ) ) ;
#674 = CARTESIAN_POINT ( 'NONE',  ( -10.35229522444272199, 1.204970864000243225, -12.04043733575178088 ) ) ;
#675 = CARTESIAN_POINT ( 'NONE',  ( -8.583465587533446239, 2.877459334522294743, -13.65353439025344251 ) ) ;
#676 = CARTESIAN_POINT ( 'NONE',  ( 0.7212700100187073859, 7.810669300189386099, -13.65353439024021576 ) ) ;
#677 = CARTESIAN_POINT ( 'NONE',  ( 9.485881199269837083, 10.75707124910625012, -6.025986191255825020 ) ) ;
#678 = CARTESIAN_POINT ( 'NONE',  ( -6.335548272093887157, -4.996124101430185149, -24.76024934587180937 ) ) ;
#679 = VERTEX_POINT ( 'NONE', #3345 ) ;
#680 = VERTEX_POINT ( 'NONE', #1288 ) ;
#681 = CARTESIAN_POINT ( 'NONE',  ( -5.035834281803477808, -8.770205065453058779, -12.75863237043251708 ) ) ;
#682 = CARTESIAN_POINT ( 'NONE',  ( 5.322017205636145221, -8.581453293366243074, -12.75281311750423896 ) ) ;
#683 = CARTESIAN_POINT ( 'NONE',  ( 12.24999999999987566, -0.9973652368974541549, -9.074625371165501164 ) ) ;
#684 = ADVANCED_FACE ( 'NONE', ( #1166 ), #2474, .F. ) ;
#685 = CARTESIAN_POINT ( 'NONE',  ( -7.811825646387185351, -1.892881048234987151, -11.65353439024021753 ) ) ;
#686 = CARTESIAN_POINT ( 'NONE',  ( -11.91032337830799470, 6.968799036225542309, -4.309781270209645854 ) ) ;
#687 = CARTESIAN_POINT ( 'NONE',  ( -9.331655929190921578E-16, 4.814824860968089633E-32, 15.23975065412816754 ) ) ;
#688 = VERTEX_POINT ( 'NONE', #859 ) ;
#689 = CARTESIAN_POINT ( 'NONE',  ( -12.24999999999999467, 1.944276648038129274, 7.913439360372689357 ) ) ;
#690 = CARTESIAN_POINT ( 'NONE',  ( -9.854472872073152701, 0.8555091812964769060, -12.64367928439452626 ) ) ;
#691 = EDGE_CURVE ( 'NONE', #2938, #3752, #4707, .T. ) ;
#692 = DIRECTION ( 'NONE',  ( 0.000000000000000000, 0.000000000000000000, 1.000000000000000000 ) ) ;
#693 = CARTESIAN_POINT ( 'NONE',  ( 5.042927426008938063, -8.766194496634092559, -12.75866550503693553 ) ) ;
#694 = VERTEX_POINT ( 'NONE', #3776 ) ;
#695 = CARTESIAN_POINT ( 'NONE',  ( 4.996124101430188702, 6.335548272093886268, -10.06286195985388510 ) ) ;
#696 = CARTESIAN_POINT ( 'NONE',  ( -12.24999999999739586, -7.677150079905069369, 1.123134231915984049 ) ) ;
#697 = FACE_OUTER_BOUND ( 'NONE', #2381, .T. ) ;
#698 = CARTESIAN_POINT ( 'NONE',  ( -6.820277184454182517, -3.834806272122100790, -13.65353439024021576 ) ) ;
#699 = LINE ( 'NONE', #1154, #5251 ) ;
#700 = CARTESIAN_POINT ( 'NONE',  ( 9.199809188051942144, 1.606126406848101151, -13.13089741838203572 ) ) ;
#701 = CARTESIAN_POINT ( 'NONE',  ( 11.86775696214738751, 5.615565513557631228, 6.732793633206693329 ) ) ;
#702 = DIRECTION ( 'NONE',  ( 1.000000000000000000, -0.000000000000000000, -1.095185450775958527E-16 ) ) ;
#703 = CARTESIAN_POINT ( 'NONE',  ( -11.94913669051991079, 0.5697183559837940559, -9.734961986225815878 ) ) ;
#704 = CARTESIAN_POINT ( 'NONE',  ( 10.08906598038282532, -1.619167015014596922, -12.22586119563236196 ) ) ;
#705 = CARTESIAN_POINT ( 'NONE',  ( -3.086272258368426544E-15, 10.28104244438736536, -11.74999999778779980 ) ) ;
#706 = DIRECTION ( 'NONE',  ( 0.000000000000000000, 0.000000000000000000, -1.000000000000000000 ) ) ;
#707 = VERTEX_POINT ( 'NONE', #4199 ) ;
#708 = VERTEX_POINT ( 'NONE', #801 ) ;
#709 = CARTESIAN_POINT ( 'NONE',  ( -5.008026245583750757, -8.785619222936611905, -12.75838495176610543 ) ) ;
#710 = CARTESIAN_POINT ( 'NONE',  ( 4.994360951464615894, -6.543203437398171118, -13.65353439024021931 ) ) ;
#711 = B_SPLINE_CURVE_WITH_KNOTS ( 'NONE', 3,
 ( #3592, #5334, #3509, #1439, #1363, #728, #5050, #212, #5022, #1467, #3217, #2372, #4125, #1042 ),
 .UNSPECIFIED., .F., .F.,
 ( 4, 1, 2, 1, 1, 1, 1, 1, 1, 1, 4 ),
 ( 0.2932166537243613424, 0.3107681169352063955, 0.4143574892469418791, 0.4875628030910741373, 0.5607681169352063399, 0.6339734307793387647, 0.7071787446234709673, 0.7803840584676031700, 0.8535893723117353726, 0.9267946861558677973, 1.000000000000000000 ),
 .UNSPECIFIED. ) ;
#712 = CARTESIAN_POINT ( 'NONE',  ( 12.24999999999999467, -0.1921619301358614140, -8.744306177162696869 ) ) ;
#713 = CARTESIAN_POINT ( 'NONE',  ( -10.34961971017871818, 4.945898169634340189E-16, -12.24063838753781219 ) ) ;
#714 = CARTESIAN_POINT ( 'NONE',  ( -4.223171334864615822, -7.314747321054032803, -13.65353439024021576 ) ) ;
#715 = AXIS2_PLACEMENT_3D ( 'NONE', #4240, #2965, #4270 ) ;
#716 = CARTESIAN_POINT ( 'NONE',  ( -11.79717545895400121, 0.4630215960771339456, 9.626004229613878138 ) ) ;
#717 = CARTESIAN_POINT ( 'NONE',  ( 15.40468664080962746, -3.396567760760626165, 0.3811111474512781094 ) ) ;
#718 = ORIENTED_EDGE ( 'NONE', *, *, #2229, .T. ) ;
#719 = EDGE_CURVE ( 'NONE', #3997, #5344, #312, .T. ) ;
#720 = CARTESIAN_POINT ( 'NONE',  ( -12.25000000000010125, 0.6166246430434206838, 9.045508236552281645 ) ) ;
#721 = CARTESIAN_POINT ( 'NONE',  ( -7.496646891116750311, 12.98457330181776470, -3.557211016089472988 ) ) ;
#722 = CARTESIAN_POINT ( 'NONE',  ( 4.721988439636060519, -8.920129496556008064, -12.75143600899470009 ) ) ;
#723 = ORIENTED_EDGE ( 'NONE', *, *, #3639, .T. ) ;
#724 = CARTESIAN_POINT ( 'NONE',  ( -0.4229167597045884741, 7.070649212481447066, -8.904922895304094865 ) ) ;
#725 = CARTESIAN_POINT ( 'NONE',  ( -11.84037057877250909, -4.610066445912614164, -7.249162720977091467 ) ) ;
#726 = FACE_OUTER_BOUND ( 'NONE', #2808, .T. ) ;
#727 = CARTESIAN_POINT ( 'NONE',  ( -4.673348295458707113, 6.905319434109595811, -13.65353439024020865 ) ) ;
#728 = CARTESIAN_POINT ( 'NONE',  ( -7.496646891116844458, -12.98457330181771141, -3.557211016089472988 ) ) ;
#729 = ADVANCED_FACE ( 'NONE', ( #5153 ), #2018, .T. ) ;
#730 = ADVANCED_FACE ( 'NONE', ( #2505 ), #5300, .T. ) ;
#731 = PLANE ( 'NONE',  #3549 ) ;
#732 = CARTESIAN_POINT ( 'NONE',  ( -4.192565277128735168, -6.577154969731777712, -7.539134456674996265 ) ) ;
#733 = CARTESIAN_POINT ( 'NONE',  ( -10.34961971017876969, 4.945898169645630760E-16, -12.24063838753775535 ) ) ;
#734 = CARTESIAN_POINT ( 'NONE',  ( -11.92265674035500034, 1.114071562133478910, -9.569124666857552697 ) ) ;
#735 = CARTESIAN_POINT ( 'NONE',  ( 4.420249689259576620, -4.420249689259603265, -24.76024934587180937 ) ) ;
#736 = CARTESIAN_POINT ( 'NONE',  ( -4.141845117566816725, 7.352310313623526383, -13.65353439024022464 ) ) ;
#737 = CARTESIAN_POINT ( 'NONE',  ( 1.314905478172901709, 3.791183076008472597, -20.83958864581944326 ) ) ;
#738 = ORIENTED_EDGE ( 'NONE', *, *, #2191, .T. ) ;
#739 = ORIENTED_EDGE ( 'NONE', *, *, #4191, .F. ) ;
#740 = B_SPLINE_SURFACE_WITH_KNOTS ( 'NONE', 3, 3, ( 
 ( #4516, #2358, #202, #1935 ),
 ( #3665, #4140, #5614, #380 ),
 ( #3349, #2477, #1233, #4202 ),
 ( #5066, #5156, #4694, #2445 ),
 ( #2902, #746, #3779, #5097 ),
 ( #1293, #2571, #315, #1715 ),
 ( #4664, #1170, #5184, #3439 ),
 ( #1203, #2960, #4265, #2113 ),
 ( #4754, #804, #2049, #2931 ),
 ( #1261, #775, #4632, #5519 ),
 ( #1625, #3019, #4171, #1594 ),
 ( #284, #2508, #4234, #2021 ),
 ( #1689, #3750, #5489, #346 ),
 ( #3318, #2079, #2538, #3411 ),
 ( #3810, #5551, #1658, #2989 ),
 ( #3870, #4294, #3381, #5128 ) ),
 .UNSPECIFIED., .F., .F., .F.,
 ( 4, 1, 1, 1, 2, 1, 1, 1, 1, 1, 1, 1, 4 ),
 ( 4, 4 ),
 ( 0.000000000000000000, 0.1035893723117354698, 0.2071787446234709396, 0.3107681169352063955, 0.4143574892469418791, 0.4875628030910741373, 0.5607681169352063399, 0.6339734307793387647, 0.7071787446234709673, 0.7803840584676031700, 0.8535893723117353726, 0.9267946861558677973, 1.000000000000000000 ),
 ( 0.000000000000000000, 1.000000000000000000 ),
 .UNSPECIFIED. ) ;
#741 = CARTESIAN_POINT ( 'NONE',  ( -4.766051212100433254, -8.901993342916970420, -12.75269499763458469 ) ) ;
#742 = CARTESIAN_POINT ( 'NONE',  ( 5.423732419982085773, -7.701985026213276520, -13.65353439024010207 ) ) ;
#743 = CARTESIAN_POINT ( 'NONE',  ( -6.896884432603672010, 2.449135677734600502, -5.917527894991823523 ) ) ;
#744 = CARTESIAN_POINT ( 'NONE',  ( 4.631161078583952317, 6.951839121290556811, -13.65353439024021576 ) ) ;
#745 = CARTESIAN_POINT ( 'NONE',  ( -10.56940144761090217, -0.1581954477355358990, -12.05516086964975742 ) ) ;
#746 = CARTESIAN_POINT ( 'NONE',  ( 10.69130935185525821, -2.045070996320661916, -12.01109144709618270 ) ) ;
#747 = CARTESIAN_POINT ( 'NONE',  ( 14.79902174877074295, 1.734723475976807094E-15, 4.294159011543782434 ) ) ;
#748 = ORIENTED_EDGE ( 'NONE', *, *, #691, .T. ) ;
#749 = CARTESIAN_POINT ( 'NONE',  ( -4.371823545766191366, -14.56436487979424221, 4.294159011543763782 ) ) ;
#750 = CARTESIAN_POINT ( 'NONE',  ( 11.77492374744375070, -6.723830467264919619, 5.645945945389396314 ) ) ;
#751 = CARTESIAN_POINT ( 'NONE',  ( -5.056631844581888302, -8.758343269986610835, -12.75869244000833547 ) ) ;
#752 = CARTESIAN_POINT ( 'NONE',  ( -1.532419004635250603, -9.472723893077478863, -12.71452717232186380 ) ) ;
#753 = ORIENTED_EDGE ( 'NONE', *, *, #3213, .T. ) ;
#754 = CARTESIAN_POINT ( 'NONE',  ( 11.81913173098784497, 6.227499749829878972, 6.157103972768511291 ) ) ;
#755 = CARTESIAN_POINT ( 'NONE',  ( -12.24999999999979394, -6.252338241429295174, -3.281468611389025014 ) ) ;
#756 = CARTESIAN_POINT ( 'NONE',  ( -4.763591145596911325, 8.242458114403659053, -13.65353439024021220 ) ) ;
#757 = CARTESIAN_POINT ( 'NONE',  ( -8.326977019696322202, -3.385699987148068857, -13.65353439024163684 ) ) ;
#758 = CARTESIAN_POINT ( 'NONE',  ( 9.699999999999997513, -9.969669822741956011, 5.322805213792083379 ) ) ;
#759 = CARTESIAN_POINT ( 'NONE',  ( 5.168209435011918096, -8.689724148084184918, -12.75726809940935880 ) ) ;
#760 = CARTESIAN_POINT ( 'NONE',  ( -11.96499703363843814, 0.2432925773560018212, -9.784526492296738098 ) ) ;
#761 = CARTESIAN_POINT ( 'NONE',  ( 3.199999999999999734, -13.00199129927385577, 6.499999999999999112 ) ) ;
#762 = CARTESIAN_POINT ( 'NONE',  ( 4.420249689259576620, -4.420249689259603265, -24.76024934587180937 ) ) ;
#763 = EDGE_CURVE ( 'NONE', #4051, #291, #4829, .T. ) ;
#764 = DIRECTION ( 'NONE',  ( 1.000000000000000000, 0.000000000000000000, 0.000000000000000000 ) ) ;
#765 = CARTESIAN_POINT ( 'NONE',  ( -3.365548676890805613, 7.559411101447754078, -13.65353439024021043 ) ) ;
#766 = CARTESIAN_POINT ( 'NONE',  ( 5.416933606774473553, 7.620094119608526562, -6.482811496044100785 ) ) ;
#767 = CARTESIAN_POINT ( 'NONE',  ( -0.4523610404546287711, 1.295283384508709723, -23.48981541844717924 ) ) ;
#768 = ORIENTED_EDGE ( 'NONE', *, *, #5484, .T. ) ;
#769 = ORIENTED_EDGE ( 'NONE', *, *, #5590, .F. ) ;
#770 = CARTESIAN_POINT ( 'NONE',  ( -4.862535854319680162, -8.859024739885001054, -12.75537214989325641 ) ) ;
#771 = CARTESIAN_POINT ( 'NONE',  ( -0.6739644181558691605, 1.167340614739586613, -23.48981541844718990 ) ) ;
#772 = CARTESIAN_POINT ( 'NONE',  ( -6.928539779246858821, 2.214658110587744311, -5.651249030013100416 ) ) ;
#773 = CARTESIAN_POINT ( 'NONE',  ( 6.544737765452096845, 4.304832687624830179, -13.65353439024022641 ) ) ;
#774 = CARTESIAN_POINT ( 'NONE',  ( -9.867540009999272499, -1.940324593747085435, -12.38080177507444901 ) ) ;
#775 = CARTESIAN_POINT ( 'NONE',  ( 14.79902174877074295, -3.488083142771550182, 4.294159011543782434 ) ) ;
#776 = CARTESIAN_POINT ( 'NONE',  ( 10.69130935185525821, -2.045070996320661916, -12.01109144709618270 ) ) ;
#777 = ORIENTED_EDGE ( 'NONE', *, *, #2567, .T. ) ;
#778 = CARTESIAN_POINT ( 'NONE',  ( -11.79644769721917719, 0.7043785107940929713, 9.591857781550782391 ) ) ;
#779 = PLANE ( 'NONE',  #4849 ) ;
#780 = CARTESIAN_POINT ( 'NONE',  ( -5.193883091605013824, -8.679101051286792767, -12.75869266766459731 ) ) ;
#781 = CARTESIAN_POINT ( 'NONE',  ( 4.924971607137246465, -8.828953279173198609, -12.75692110136439261 ) ) ;
#782 = ORIENTED_EDGE ( 'NONE', *, *, #1147, .F. ) ;
#783 = CARTESIAN_POINT ( 'NONE',  ( -10.26461345918381518, 0.2479554541110418620, -12.31204955849780980 ) ) ;
#784 = CARTESIAN_POINT ( 'NONE',  ( 7.702343320404962057, 13.34084996827980341, 0.3811111474512711705 ) ) ;
#785 = CARTESIAN_POINT ( 'NONE',  ( -11.96926203132515631, -0.1239335224802583096, -9.792416885520822234 ) ) ;
#786 = CARTESIAN_POINT ( 'NONE',  ( -4.224322075876435711, 7.314062835361497150, -13.65353439024021576 ) ) ;
#787 = CARTESIAN_POINT ( 'NONE',  ( -5.657262506546581804, -5.678537458424926854, -13.65353439024021220 ) ) ;
#788 = CARTESIAN_POINT ( 'NONE',  ( 9.699999999999990408, -10.58471035853328779, -3.638406834051632899 ) ) ;
#789 = FACE_OUTER_BOUND ( 'NONE', #521, .T. ) ;
#790 = ADVANCED_FACE ( 'NONE', ( #2719 ), #4898, .T. ) ;
#791 = CARTESIAN_POINT ( 'NONE',  ( 0.000000000000000000, 0.000000000000000000, 15.23975065412817465 ) ) ;
#792 = CARTESIAN_POINT ( 'NONE',  ( -1.308978015128889894, 0.000000000000000000, 15.23975065412817465 ) ) ;
#793 = CARTESIAN_POINT ( 'NONE',  ( -11.92973838699512612, -7.560154219131690390, -3.047272226729898836 ) ) ;
#794 = CARTESIAN_POINT ( 'NONE',  ( 4.996124101430189590, -6.335548272093883604, -8.749999997787799799 ) ) ;
#795 = CARTESIAN_POINT ( 'NONE',  ( 0.8602775353175398099, 7.054433387241942022, -8.933435208944022321 ) ) ;
#796 = CARTESIAN_POINT ( 'NONE',  ( 0.4554806453289460544, 1.293482279794779144, -23.48981541844718990 ) ) ;
#797 = ORIENTED_EDGE ( 'NONE', *, *, #5004, .F. ) ;
#798 = CARTESIAN_POINT ( 'NONE',  ( -4.611767325710897758, -8.963278598736486913, -12.74828895718936295 ) ) ;
#799 = CARTESIAN_POINT ( 'NONE',  ( -1.963414522414103525, 3.400733709139882155, 14.90075911844933110 ) ) ;
#800 = EDGE_CURVE ( 'NONE', #2967, #5296, #1488, .T. ) ;
#801 = CARTESIAN_POINT ( 'NONE',  ( -5.056631844581832347, 8.758343269986649915, -12.75869244000833014 ) ) ;
#802 = CARTESIAN_POINT ( 'NONE',  ( 8.819187842890658047, 2.346378714901158791, -13.65353439024021931 ) ) ;
#803 = CARTESIAN_POINT ( 'NONE',  ( -8.249999999999998224, 0.000000000000000000, 9.035279968901654336E-16 ) ) ;
#804 = CARTESIAN_POINT ( 'NONE',  ( 15.40468664080962746, -3.396567760760626165, 0.3811111474512781094 ) ) ;
#805 = CARTESIAN_POINT ( 'NONE',  ( -2.081668171172168513E-14, 0.000000000000000000, -24.76024934587180937 ) ) ;
#806 = ORIENTED_EDGE ( 'NONE', *, *, #2084, .T. ) ;
#807 = EDGE_CURVE ( 'NONE', #4537, #5429, #4429, .T. ) ;
#808 = CARTESIAN_POINT ( 'NONE',  ( 0.6739644181558709368, -1.167340614739570182, -23.48981541844717924 ) ) ;
#809 = CARTESIAN_POINT ( 'NONE',  ( -6.249999999999998224, -5.227723404215887548, -8.524723339147932677 ) ) ;
#810 = AXIS2_PLACEMENT_3D ( 'NONE', #3620, #4800, #4014 ) ;
#811 = CARTESIAN_POINT ( 'NONE',  ( -6.227376553349645683, -7.699213472774209421, -12.72745218966168856 ) ) ;
#812 = CARTESIAN_POINT ( 'NONE',  ( -0.3883807620348771472, -9.514671211198686862, -12.71259907716805948 ) ) ;
#813 = EDGE_LOOP ( 'NONE', ( #2171, #5481, #996 ) ) ;
#814 = CARTESIAN_POINT ( 'NONE',  ( -10.34961971017872173, 0.02779937946894573894, -12.24063838753781575 ) ) ;
#815 = VECTOR ( 'NONE', #4146, 1000.000000000000000 ) ;
#816 = CARTESIAN_POINT ( 'NONE',  ( 6.284670851385921964, 10.88536922344727742, -8.814338527120410660 ) ) ;
#817 = CARTESIAN_POINT ( 'NONE',  ( -11.84621412075556002, -4.161443126112208013, -7.629311727116847131 ) ) ;
#818 = DIRECTION ( 'NONE',  ( 0.000000000000000000, -0.6760675671585583135, 0.7368396329163545699 ) ) ;
#819 = CARTESIAN_POINT ( 'NONE',  ( 9.845905304685572901, -0.8661606010417114421, -12.65034129013788444 ) ) ;
#820 = CARTESIAN_POINT ( 'NONE',  ( -12.24999999999999822, 4.655947402768625842, -5.529671857936962809 ) ) ;
#821 = FACE_OUTER_BOUND ( 'NONE', #3476, .T. ) ;
#822 = CARTESIAN_POINT ( 'NONE',  ( -11.84159331604563903, 4.516287599987715673, -7.329807192006658312 ) ) ;
#823 = CARTESIAN_POINT ( 'NONE',  ( -11.86699251878986239, -5.591087308629622221, 6.773137509689771463 ) ) ;
#824 = CARTESIAN_POINT ( 'NONE',  ( -12.22194693295053902, 6.120957131171576471, 4.767464769579925488 ) ) ;
#825 = DIRECTION ( 'NONE',  ( 0.000000000000000000, -1.000000000000000000, 0.000000000000000000 ) ) ;
#826 = DIRECTION ( 'NONE',  ( 0.000000000000000000, 0.000000000000000000, 1.000000000000000000 ) ) ;
#827 = EDGE_LOOP ( 'NONE', ( #1501, #4869, #718, #1717 ) ) ;
#828 = CARTESIAN_POINT ( 'NONE',  ( -4.223171334864622040, -7.314747321054045237, -11.65353439024021398 ) ) ;
#829 = CARTESIAN_POINT ( 'NONE',  ( -4.976187199889611890, 5.781573237872283499, -16.56226468677082053 ) ) ;
#830 = CARTESIAN_POINT ( 'NONE',  ( 6.335548272093880051, -4.996124101430178932, -13.64421020617563762 ) ) ;
#831 = CARTESIAN_POINT ( 'NONE',  ( 10.34961653052940100, 0.001655466166654971476, -12.24064107597286544 ) ) ;
#832 = CARTESIAN_POINT ( 'NONE',  ( -10.26818032274717041, -0.2400093004777956451, -12.30907335087286292 ) ) ;
#833 = VECTOR ( 'NONE', #5252, 1000.000000000000000 ) ;
#834 = AXIS2_PLACEMENT_3D ( 'NONE', #3916, #4285, #31 ) ;
#835 = AXIS2_PLACEMENT_3D ( 'NONE', #4984, #5468, #2882 ) ;
#836 = CARTESIAN_POINT ( 'NONE',  ( 7.417643696126778430, 2.725388984714518958, -13.65353439024021931 ) ) ;
#837 = CARTESIAN_POINT ( 'NONE',  ( -1.970356796653690346, -3.412758080842873465, -20.83958864581943260 ) ) ;
#838 = VERTEX_POINT ( 'NONE', #391 ) ;
#839 = CARTESIAN_POINT ( 'NONE',  ( 7.702343320404782645, -13.34084996827992597, 0.3811111474512781094 ) ) ;
#840 = CARTESIAN_POINT ( 'NONE',  ( 11.79152751907626318, -4.215376006609095505, -7.675995645009392021 ) ) ;
#841 = DIRECTION ( 'NONE',  ( 1.095185450775958527E-16, 0.000000000000000000, 1.000000000000000000 ) ) ;
#842 = VECTOR ( 'NONE', #1867, 1000.000000000000000 ) ;
#843 = EDGE_CURVE ( 'NONE', #5422, #2023, #4536, .T. ) ;
#844 = CARTESIAN_POINT ( 'NONE',  ( -2.691312345748627433, -9.371793227488513622, -12.71967741949089259 ) ) ;
#845 = ORIENTED_EDGE ( 'NONE', *, *, #2637, .F. ) ;
#846 = CARTESIAN_POINT ( 'NONE',  ( 11.96508429777427551, 0.2422635436870604897, -9.784872349702364858 ) ) ;
#847 = CARTESIAN_POINT ( 'NONE',  ( -0.2908213975872879775, 1.343571806612801511, 15.23975065412816932 ) ) ;
#848 = CARTESIAN_POINT ( 'NONE',  ( -12.24999999999869971, -2.585773800542319645, -8.157105465350383611 ) ) ;
#849 = CARTESIAN_POINT ( 'NONE',  ( 4.999999999999999112, -5.000201960299634152, -11.74999999778779980 ) ) ;
#850 = CARTESIAN_POINT ( 'NONE',  ( 10.13759299059333507, -0.4664196293444579644, -12.41701802642532115 ) ) ;
#851 = CARTESIAN_POINT ( 'NONE',  ( -5.222245417387555655, -6.252407666090283200, -13.65353439024021576 ) ) ;
#852 = CARTESIAN_POINT ( 'NONE',  ( -11.83939292608129534, 4.690075573116792462, -7.180558267449481669 ) ) ;
#853 = CARTESIAN_POINT ( 'NONE',  ( -11.79844615793599338, -0.1147703642501224780, 9.645950813244525079 ) ) ;
#854 = DIRECTION ( 'NONE',  ( -0.000000000000000000, -0.000000000000000000, -1.000000000000000000 ) ) ;
#855 = CARTESIAN_POINT ( 'NONE',  ( 4.222572799700446744, 7.315085396096436376, -13.65353439024022109 ) ) ;
#856 = ORIENTED_EDGE ( 'NONE', *, *, #2214, .F. ) ;
#857 = DIRECTION ( 'NONE',  ( -0.000000000000000000, -0.000000000000000000, 1.000000000000000000 ) ) ;
#858 = CARTESIAN_POINT ( 'NONE',  ( -14.05883757168010639, 2.836478471295880599, -6.025986191255825020 ) ) ;
#859 = CARTESIAN_POINT ( 'NONE',  ( -12.24999999999999822, 2.670037449900325210, -7.275534345746004661 ) ) ;
#860 = CARTESIAN_POINT ( 'NONE',  ( 10.58069093148317918, 0.01297498562464831882, -12.04526475049084944 ) ) ;
#861 = CARTESIAN_POINT ( 'NONE',  ( -9.473953348638715966, -1.310686543002365534, -12.93420055179986150 ) ) ;
#862 = DIRECTION ( 'NONE',  ( 0.000000000000000000, -1.000000000000000000, 0.000000000000000000 ) ) ;
#863 = CARTESIAN_POINT ( 'NONE',  ( -13.21609793467850835, 0.000000000000000000, 7.923703456781640675 ) ) ;
#864 = EDGE_LOOP ( 'NONE', ( #4810, #3325, #432, #3632 ) ) ;
#865 = AXIS2_PLACEMENT_3D ( 'NONE', #3020, #5185, #3899 ) ;
#866 = CARTESIAN_POINT ( 'NONE',  ( -3.797213619550893426, -6.576966916254593620, 13.40799355303542839 ) ) ;
#867 = EDGE_CURVE ( 'NONE', #2573, #3812, #3682, .T. ) ;
#868 = CARTESIAN_POINT ( 'NONE',  ( 11.53941085124238342, -6.701293420134431855, -5.637969935115616948 ) ) ;
#869 = CARTESIAN_POINT ( 'NONE',  ( -4.814798857814333033, -8.880943170330258596, -12.75406442516021244 ) ) ;
#870 = CARTESIAN_POINT ( 'NONE',  ( -4.089367744982358666, -8.510814935446802565, -13.65353439023990845 ) ) ;
#871 = EDGE_LOOP ( 'NONE', ( #1876, #1483, #5496, #2787 ) ) ;
#872 = EDGE_LOOP ( 'NONE', ( #3557, #2163, #4317, #5561, #228, #797, #3787 ) ) ;
#873 = CARTESIAN_POINT ( 'NONE',  ( 11.86786977288041989, -5.613741443148796861, 6.734075750410613459 ) ) ;
#874 = EDGE_CURVE ( 'NONE', #44, #4657, #2917, .T. ) ;
#875 = CARTESIAN_POINT ( 'NONE',  ( 4.786268616803369014, 14.54941092809838388, -3.557211016089484978 ) ) ;
#876 = CARTESIAN_POINT ( 'NONE',  ( 4.414449244710940690, 7.162915926552131829, -13.65353439024021753 ) ) ;
#877 = CARTESIAN_POINT ( 'NONE',  ( 6.012579148777934535, -5.638939379756765291, -13.63413819270497740 ) ) ;
#878 = CARTESIAN_POINT ( 'NONE',  ( 12.06370078900228471, -2.722109899548285750, -8.340373054901297323 ) ) ;
#879 = CARTESIAN_POINT ( 'NONE',  ( -12.25000000000001243, 3.353765988791883146, 7.117828829065771856 ) ) ;
#880 = CARTESIAN_POINT ( 'NONE',  ( -11.93260668820783543, -0.8957107813593254697, -9.650344755843960343 ) ) ;
#881 = DIRECTION ( 'NONE',  ( 0.000000000000000000, 0.000000000000000000, -1.000000000000000000 ) ) ;
#882 = CARTESIAN_POINT ( 'NONE',  ( 4.730513682839134759, 6.446172705962184502, -7.865001803349388254 ) ) ;
#883 = CARTESIAN_POINT ( 'NONE',  ( 4.727668105893839012, 8.262802728115147488, -13.65353439024020510 ) ) ;
#884 = ORIENTED_EDGE ( 'NONE', *, *, #3780, .T. ) ;
#885 = CARTESIAN_POINT ( 'NONE',  ( 6.335548272093880051, -4.996124101430178932, -24.76024934587180937 ) ) ;
#886 = FACE_OUTER_BOUND ( 'NONE', #827, .T. ) ;
#887 = CARTESIAN_POINT ( 'NONE',  ( -5.026896493291220125, 8.775223911019569556, -12.75857202400868928 ) ) ;
#888 = CARTESIAN_POINT ( 'NONE',  ( 9.473953348639314598, 1.310686543001617466, -12.93420055179941208 ) ) ;
#889 = CYLINDRICAL_SURFACE ( 'NONE', #3096, 10.00000000000000178 ) ;
#890 = CARTESIAN_POINT ( 'NONE',  ( 5.221206054230452587, -6.252862278273587648, -13.65353439024021576 ) ) ;
#891 = CARTESIAN_POINT ( 'NONE',  ( -3.926829044828270110, -1.260183039365522673, 14.90075911844933110 ) ) ;
#892 = ORIENTED_EDGE ( 'NONE', *, *, #4962, .F. ) ;
#893 = CARTESIAN_POINT ( 'NONE',  ( 3.797213619550846353, -6.576966916254621154, 13.40799355303541596 ) ) ;
#894 = B_SPLINE_CURVE_WITH_KNOTS ( 'NONE', 3,
 ( #4703, #4276, #393, #2124 ),
 .UNSPECIFIED., .F., .F.,
 ( 4, 4 ),
 ( 0.02401651129510912891, 0.02419398468132499466 ),
 .UNSPECIFIED. ) ;
#895 = CARTESIAN_POINT ( 'NONE',  ( 12.25000000000003375, -0.05543478774400037445, -9.322970707888094566 ) ) ;
#896 = CARTESIAN_POINT ( 'NONE',  ( -5.056631844581832347, 8.758343269986649915, -12.75869244000833014 ) ) ;
#897 = EDGE_CURVE ( 'NONE', #537, #1328, #3741, .T. ) ;
#898 = VERTEX_POINT ( 'NONE', #2437 ) ;
#899 = CARTESIAN_POINT ( 'NONE',  ( 12.25000000000000178, 0.3752964916252411465, -8.686417813349731176 ) ) ;
#900 = VECTOR ( 'NONE', #959, 1000.000000000000000 ) ;
#901 = CARTESIAN_POINT ( 'NONE',  ( -11.86783429974635951, -2.893338977521177302, -8.583870813355236606 ) ) ;
#902 = AXIS2_PLACEMENT_3D ( 'NONE', #353, #3875, #1631 ) ;
#903 = CYLINDRICAL_SURFACE ( 'NONE', #4006, 7.750000000000000000 ) ;
#904 = CARTESIAN_POINT ( 'NONE',  ( -6.137578715989036482, -5.482472104443261607, -8.368500586879081382 ) ) ;
#905 = EDGE_CURVE ( 'NONE', #145, #3147, #3801, .T. ) ;
#906 = CARTESIAN_POINT ( 'NONE',  ( -12.25000000000001421, 2.740890089652689099, 7.501670363257085583 ) ) ;
#907 = CARTESIAN_POINT ( 'NONE',  ( -11.97115310313848013, -0.1137753600221297068, -9.794801630400398196 ) ) ;
#908 = EDGE_CURVE ( 'NONE', #3721, #514, #1086, .T. ) ;
#909 = CARTESIAN_POINT ( 'NONE',  ( -12.14469978937589900, 7.751211768267695312, -0.3361822582059392217 ) ) ;
#910 = CARTESIAN_POINT ( 'NONE',  ( 9.355546009936839269, 2.587838219831037900, -12.71841089425809024 ) ) ;
#911 = EDGE_CURVE ( 'NONE', #3803, #1696, #4821, .T. ) ;
#912 = CARTESIAN_POINT ( 'NONE',  ( 4.218350012688821593, 7.317368146281921781, -13.65353439024021043 ) ) ;
#913 = VERTEX_POINT ( 'NONE', #1682 ) ;
#914 = CARTESIAN_POINT ( 'NONE',  ( 10.71969165302550486, 5.439786974697151223, 8.759905736705004387 ) ) ;
#915 = CARTESIAN_POINT ( 'NONE',  ( -10.76052236877128898, 2.934783667711229782, 11.03005007641328028 ) ) ;
#916 = CARTESIAN_POINT ( 'NONE',  ( -4.745879623847211626, 8.252620272577424032, -13.65353439024021220 ) ) ;
#917 = CARTESIAN_POINT ( 'NONE',  ( 10.34921523775636132, 0.008191956122244183763, -12.24098036446993198 ) ) ;
#918 = CYLINDRICAL_SURFACE ( 'NONE', #4081, 17.35143634042885807 ) ;
#919 = DIRECTION ( 'NONE',  ( -1.000000000000000000, 0.000000000000000000, 0.000000000000000000 ) ) ;
#920 = CARTESIAN_POINT ( 'NONE',  ( -15.40468664080961325, -3.403799266422122383, 0.3811111474512711705 ) ) ;
#921 = AXIS2_PLACEMENT_3D ( 'NONE', #1459, #3183, #2766 ) ;
#922 = ORIENTED_EDGE ( 'NONE', *, *, #4715, .F. ) ;
#923 = CARTESIAN_POINT ( 'NONE',  ( -12.24999999999996803, 2.264372059314872843, -7.587487730638990513 ) ) ;
#924 = VECTOR ( 'NONE', #87, 1000.000000000000000 ) ;
#925 = FACE_OUTER_BOUND ( 'NONE', #2904, .T. ) ;
#926 = DIRECTION ( 'NONE',  ( 1.000000000000000000, -0.000000000000000000, -1.095185450775958527E-16 ) ) ;
#927 = ORIENTED_EDGE ( 'NONE', *, *, #2086, .T. ) ;
#928 = AXIS2_PLACEMENT_3D ( 'NONE', #1644, #702, #4159 ) ;
#929 = CARTESIAN_POINT ( 'NONE',  ( -11.83883663540600573, 4.670747253904321106, -7.198580563839561464 ) ) ;
#930 = CARTESIAN_POINT ( 'NONE',  ( 11.92595167418490476, 1.038952311352770330, -9.598113798305707434 ) ) ;
#931 = PLANE ( 'NONE',  #2739 ) ;
#932 = AXIS2_PLACEMENT_3D ( 'NONE', #558, #963, #3569 ) ;
#933 = DIRECTION ( 'NONE',  ( 1.734723475976807094E-15, 0.000000000000000000, 1.000000000000000000 ) ) ;
#934 = CARTESIAN_POINT ( 'NONE',  ( -11.82240132752433581, -3.686727483069739630, 8.372809870284809719 ) ) ;
#935 = CARTESIAN_POINT ( 'NONE',  ( 5.735612576749891112, 9.934372395461590344, -10.68353278442186216 ) ) ;
#936 = CARTESIAN_POINT ( 'NONE',  ( -12.16345757535141026, 7.676653090405103796, 1.123806250260340089 ) ) ;
#937 = CARTESIAN_POINT ( 'NONE',  ( 6.824382018919687098, 6.962210813199505743, -12.71817507895344868 ) ) ;
#938 = CARTESIAN_POINT ( 'NONE',  ( 4.217136262173915462, 7.318002003751555407, -13.65353439024022109 ) ) ;
#939 = CARTESIAN_POINT ( 'NONE',  ( -4.754885403801064392, -8.247494035107589383, -13.65353439024021576 ) ) ;
#940 = DIRECTION ( 'NONE',  ( -9.754679970269150926E-05, 0.9999999952423109795, 0.000000000000000000 ) ) ;
#941 = CARTESIAN_POINT ( 'NONE',  ( 4.768093761080474557, -8.239848512222486931, -13.65353439024022109 ) ) ;
#942 = EDGE_CURVE ( 'NONE', #4105, #3610, #2097, .T. ) ;
#943 = CARTESIAN_POINT ( 'NONE',  ( -5.968962672749333898, 7.984359086203877354, -12.73318081177640870 ) ) ;
#944 = CARTESIAN_POINT ( 'NONE',  ( -4.995194731662367715, 8.792590015810347381, -12.75822699653288517 ) ) ;
#945 = CARTESIAN_POINT ( 'NONE',  ( -33.66464024781362951, 0.000000000000000000, 0.000000000000000000 ) ) ;
#946 = EDGE_LOOP ( 'NONE', ( #3389, #947, #1936, #5491 ) ) ;
#947 = ORIENTED_EDGE ( 'NONE', *, *, #4230, .T. ) ;
#948 = CARTESIAN_POINT ( 'NONE',  ( -10.64539173356700630, 0.5761764093141019671, -11.84002328904304413 ) ) ;
#949 = CARTESIAN_POINT ( 'NONE',  ( -12.24999999999998757, 1.188969896062280318, -8.291952615270760774 ) ) ;
#950 = CARTESIAN_POINT ( 'NONE',  ( 4.261832639518337906, 9.079804787351436701, -12.73928964519579488 ) ) ;
#951 = PLANE ( 'NONE',  #4905 ) ;
#952 = ORIENTED_EDGE ( 'NONE', *, *, #4819, .T. ) ;
#953 = CARTESIAN_POINT ( 'NONE',  ( -12.24999999999999112, 2.994071762407511716, -7.028929733020204296 ) ) ;
#954 = CARTESIAN_POINT ( 'NONE',  ( 12.25000000000054001, 2.566681928239144206, -8.181070794835697768 ) ) ;
#955 = CARTESIAN_POINT ( 'NONE',  ( 2.838394582484163653, -7.649830605136350492, -13.65353439024021043 ) ) ;
#956 = CARTESIAN_POINT ( 'NONE',  ( -12.24999999999999467, -2.743630797660554510, 7.500605340413880384 ) ) ;
#957 = CARTESIAN_POINT ( 'NONE',  ( -12.24999999999999112, -6.243797890823840291, 3.908543904962659798 ) ) ;
#958 = CYLINDRICAL_SURFACE ( 'NONE', #5102, 1.999999999999980904 ) ;
#959 = DIRECTION ( 'NONE',  ( 0.000000000000000000, 0.000000000000000000, 1.000000000000000000 ) ) ;
#960 = CARTESIAN_POINT ( 'NONE',  ( 4.739264959786530618, 8.256366291413593572, -13.65353439024019977 ) ) ;
#961 = EDGE_CURVE ( 'NONE', #2573, #3099, #5550, .T. ) ;
#962 = CARTESIAN_POINT ( 'NONE',  ( 10.73679001912116959, 4.993628241021962566, -8.672538063917762940 ) ) ;
#963 = DIRECTION ( 'NONE',  ( -0.000000000000000000, -0.000000000000000000, -1.000000000000000000 ) ) ;
#964 = CARTESIAN_POINT ( 'NONE',  ( 4.800577101827641080, -8.220450989154114652, -13.65353439024019266 ) ) ;
#965 = CARTESIAN_POINT ( 'NONE',  ( -4.837275554388988041, 8.197483278110089699, -13.65353439024024240 ) ) ;
#966 = CARTESIAN_POINT ( 'NONE',  ( -5.035124302760781489, 8.770605358307058452, -12.75862914353518285 ) ) ;
#967 = DIRECTION ( 'NONE',  ( 1.000000000000000000, 0.000000000000000000, 0.000000000000000000 ) ) ;
#968 = CARTESIAN_POINT ( 'NONE',  ( -3.381473005783971253, -7.555867214438676704, -13.65353439024021576 ) ) ;
#969 = ADVANCED_FACE ( 'NONE', ( #2894 ), #1134, .T. ) ;
#970 = ORIENTED_EDGE ( 'NONE', *, *, #2386, .T. ) ;
#971 = ORIENTED_EDGE ( 'NONE', *, *, #2772, .F. ) ;
#972 = CARTESIAN_POINT ( 'NONE',  ( -10.34961698893981996, 0.001632248752987077193, -12.24064068838086072 ) ) ;
#973 = CARTESIAN_POINT ( 'NONE',  ( -12.25000000000000178, 0.06600831656294818550, -8.776159399017403828 ) ) ;
#974 = PLANE ( 'NONE',  #4610 ) ;
#975 = CARTESIAN_POINT ( 'NONE',  ( -9.264153226271442776, 5.677529697805363540, -8.297578151622197140 ) ) ;
#976 = EDGE_CURVE ( 'NONE', #1829, #4783, #4686, .T. ) ;
#977 = ORIENTED_EDGE ( 'NONE', *, *, #843, .F. ) ;
#978 = B_SPLINE_CURVE_WITH_KNOTS ( 'NONE', 3,
 ( #3902, #18, #1747, #2302, #566, #3950, #4840, #493, #2631, #1349, #2226, #2706 ),
 .UNSPECIFIED., .F., .F.,
 ( 4, 2, 2, 2, 2, 4 ),
 ( -5.999999998019187770E-08, 0.0003971618462302751312, 0.0007943836924605303905, 0.001588827384921039391, 0.002383271077381548392, 0.003177714769842056742 ),
 .UNSPECIFIED. ) ;
#979 = VERTEX_POINT ( 'NONE', #5479 ) ;
#980 = CARTESIAN_POINT ( 'NONE',  ( -11.84968305113608800, 5.042284308642351220, -6.840595622438096157 ) ) ;
#981 = DIRECTION ( 'NONE',  ( 0.000000000000000000, 1.000000000000000000, 5.600421780593733864E-14 ) ) ;
#982 = CARTESIAN_POINT ( 'NONE',  ( 4.184314993262442606, -7.337181040337771520, -13.65353439024021398 ) ) ;
#983 = CARTESIAN_POINT ( 'NONE',  ( -6.132769843103526242, 5.493369098975212417, -12.62053482318009578 ) ) ;
#984 = CARTESIAN_POINT ( 'NONE',  ( -11.85760590324424690, -5.238081528634577211, 7.142358403346948492 ) ) ;
#985 = AXIS2_PLACEMENT_3D ( 'NONE', #1516, #1638, #3791 ) ;
#986 = CARTESIAN_POINT ( 'NONE',  ( 10.28104244438774373, 3.145313323422915607E-15, -8.749999997787799799 ) ) ;
#987 = DIRECTION ( 'NONE',  ( 0.000000000000000000, 0.000000000000000000, -1.000000000000000000 ) ) ;
#988 = CARTESIAN_POINT ( 'NONE',  ( 10.19807801189188190, -0.3716060081112816382, -12.36732925565212327 ) ) ;
#989 = CARTESIAN_POINT ( 'NONE',  ( 6.643124347710191557, 5.277631169873852279, -8.714404859220580946 ) ) ;
#990 = CARTESIAN_POINT ( 'NONE',  ( 3.199999999999997513, -9.334455189912036488, 11.51430721374399013 ) ) ;
#991 = CARTESIAN_POINT ( 'NONE',  ( 4.223402424642332065, -7.314611983205582035, -13.65353439024022286 ) ) ;
#992 = CARTESIAN_POINT ( 'NONE',  ( -5.175020173818166036, 7.937674897355239345, -13.65353439024027971 ) ) ;
#993 = CARTESIAN_POINT ( 'NONE',  ( -4.217010864457393815, 7.318077731828760868, -13.65353439024021576 ) ) ;
#994 = CARTESIAN_POINT ( 'NONE',  ( 2.081668171172168513E-14, 0.000000000000000000, -24.76024934587180937 ) ) ;
#995 = VERTEX_POINT ( 'NONE', #2924 ) ;
#996 = ORIENTED_EDGE ( 'NONE', *, *, #3491, .T. ) ;
#997 = CARTESIAN_POINT ( 'NONE',  ( 6.074183506043423719, 5.796002217323876771, -10.32590724319286934 ) ) ;
#998 = CARTESIAN_POINT ( 'NONE',  ( 12.25000000000000178, 1.550012627120719657E-15, -8.776159399017400276 ) ) ;
#999 = ADVANCED_FACE ( 'NONE', ( #1585 ), #5002, .T. ) ;
#1000 = CARTESIAN_POINT ( 'NONE',  ( 5.056631844582018864, 8.758343269986552215, -12.75869244000834435 ) ) ;
#1001 = CARTESIAN_POINT ( 'NONE',  ( -7.164226745399876251, 6.905480939167497390, -7.280786771824810266 ) ) ;
#1002 = CARTESIAN_POINT ( 'NONE',  ( -12.25000000000000000, -0.3143863981911614869, -8.707592708018220051 ) ) ;
#1003 = EDGE_LOOP ( 'NONE', ( #2726, #4604, #3556, #1982 ) ) ;
#1004 = ORIENTED_EDGE ( 'NONE', *, *, #4931, .F. ) ;
#1005 = CARTESIAN_POINT ( 'NONE',  ( -11.89928966058194071, 1.721865143276820609, -9.290977177430473688 ) ) ;
#1006 = CARTESIAN_POINT ( 'NONE',  ( -5.500000000000000888, -12.51779168172441992, 6.499999999999999112 ) ) ;
#1007 = EDGE_CURVE ( 'NONE', #3030, #1227, #894, .T. ) ;
#1008 = CARTESIAN_POINT ( 'NONE',  ( -3.895893219244455086, -7.435032062936477892, -13.65353439024021753 ) ) ;
#1009 = AXIS2_PLACEMENT_3D ( 'NONE', #669, #2002, #4154 ) ;
#1010 = CARTESIAN_POINT ( 'NONE',  ( 11.28279015906993799, -5.439786974697154776, 8.028468819394587896 ) ) ;
#1011 = AXIS2_PLACEMENT_3D ( 'NONE', #5573, #3832, #4223 ) ;
#1012 = CARTESIAN_POINT ( 'NONE',  ( -12.25000000000085265, -0.7560035090578040018, 9.021150822838885475 ) ) ;
#1013 = CARTESIAN_POINT ( 'NONE',  ( 10.38219009043281105, 0.6826392020240485969, -12.21711408806068988 ) ) ;
#1014 = DIRECTION ( 'NONE',  ( 1.000000000000000000, -0.000000000000000000, -1.095185450775958527E-16 ) ) ;
#1015 = CIRCLE ( 'NONE', #5105, 10.00000000000000178 ) ;
#1016 = DIRECTION ( 'NONE',  ( -1.000000000000000000, -0.000000000000000000, 1.095185450775958527E-16 ) ) ;
#1017 = CARTESIAN_POINT ( 'NONE',  ( 10.74257497475908707, -0.06448140511540288722, -11.79022125572214463 ) ) ;
#1018 = CARTESIAN_POINT ( 'NONE',  ( 6.100735595694014357, 5.507721514631927384, -12.54632506034732131 ) ) ;
#1019 = CARTESIAN_POINT ( 'NONE',  ( -6.401651741968789722, 4.776270814852275670, -13.65030610088691176 ) ) ;
#1020 = CARTESIAN_POINT ( 'NONE',  ( 4.812684316591918865, -8.213007755004021249, -13.65353439024029214 ) ) ;
#1021 = CARTESIAN_POINT ( 'NONE',  ( -5.577980665907777080, 8.371095986029507330, -12.74422240858115885 ) ) ;
#1022 = CARTESIAN_POINT ( 'NONE',  ( 1.434182705460776086, 7.780007013377161051, -13.65353439024021576 ) ) ;
#1023 = CARTESIAN_POINT ( 'NONE',  ( 9.948309877795802336, -1.818151877552160123, -12.32421620663540551 ) ) ;
#1024 = ORIENTED_EDGE ( 'NONE', *, *, #2567, .F. ) ;
#1025 = ORIENTED_EDGE ( 'NONE', *, *, #165, .T. ) ;
#1026 = CARTESIAN_POINT ( 'NONE',  ( -10.74257497475911016, 0.06448140511515511319, -11.79022125572212865 ) ) ;
#1027 = CARTESIAN_POINT ( 'NONE',  ( 12.24999999999999645, -0.4878918824426693446, -9.256512656015216223 ) ) ;
#1028 = CARTESIAN_POINT ( 'NONE',  ( 4.765903063410759088, 8.241115311073667016, -13.65353439024021931 ) ) ;
#1029 = CARTESIAN_POINT ( 'NONE',  ( -5.500000000000000888, -13.42178352030975574, -3.983370264828332896 ) ) ;
#1030 = CARTESIAN_POINT ( 'NONE',  ( -11.91311823069762710, 7.178036494026549974, 4.510849224618842968 ) ) ;
#1031 = ORIENTED_EDGE ( 'NONE', *, *, #99, .T. ) ;
#1032 = ORIENTED_EDGE ( 'NONE', *, *, #1319, .F. ) ;
#1033 = EDGE_CURVE ( 'NONE', #1937, #1328, #3991, .T. ) ;
#1034 = CARTESIAN_POINT ( 'NONE',  ( -12.24999999999912781, 7.554048049891196825, 1.891330713575479550 ) ) ;
#1035 = DIRECTION ( 'NONE',  ( 1.000000000000000000, 0.000000000000000000, 0.000000000000000000 ) ) ;
#1036 = CARTESIAN_POINT ( 'NONE',  ( -9.098042676931724415, 3.166372630949180866, -12.71477936832208222 ) ) ;
#1037 = CARTESIAN_POINT ( 'NONE',  ( 4.698856216710670886, -8.278401483070027211, -13.65353439024017668 ) ) ;
#1038 = EDGE_CURVE ( 'NONE', #3802, #5608, #4406, .T. ) ;
#1039 = AXIS2_PLACEMENT_3D ( 'NONE', #3859, #2434, #2557 ) ;
#1040 = CARTESIAN_POINT ( 'NONE',  ( -12.24999999999999289, -4.426922452493622373, 6.269336742206425228 ) ) ;
#1041 = CARTESIAN_POINT ( 'NONE',  ( 2.210124844629793195, -2.930396377564078225, -9.749999997787799799 ) ) ;
#1042 = CARTESIAN_POINT ( 'NONE',  ( 0.000000000000000000, 0.000000000000000000, 15.23975065412817465 ) ) ;
#1043 = CARTESIAN_POINT ( 'NONE',  ( 9.231333203596259196, -2.265532021347634206, -13.10976562223678243 ) ) ;
#1044 = CARTESIAN_POINT ( 'NONE',  ( 6.335548272093880051, -4.996124101430178932, -13.64421020617563762 ) ) ;
#1045 = CARTESIAN_POINT ( 'NONE',  ( -9.355492701130447841, 2.589388974356011452, -12.71828949103744755 ) ) ;
#1046 = CARTESIAN_POINT ( 'NONE',  ( 6.335548272093887157, -4.996124101430165609, -11.74999999778779980 ) ) ;
#1047 = CARTESIAN_POINT ( 'NONE',  ( -7.999402512745241722, 5.178683778055519937, -12.71247691213213571 ) ) ;
#1048 = CARTESIAN_POINT ( 'NONE',  ( -0.7512851101877813242, 9.515203996037566725, -12.71254587412890125 ) ) ;
#1049 = CARTESIAN_POINT ( 'NONE',  ( 10.64385728689871513, 11.64256608789961689, 0.3811111474512781094 ) ) ;
#1050 = ORIENTED_EDGE ( 'NONE', *, *, #5063, .F. ) ;
#1051 = ORIENTED_EDGE ( 'NONE', *, *, #1454, .T. ) ;
#1052 = CARTESIAN_POINT ( 'NONE',  ( -10.34936072896240056, 0.006498766340187759477, -12.24085735547541809 ) ) ;
#1053 = CARTESIAN_POINT ( 'NONE',  ( 4.673348295458848334, -6.905319434109454590, -13.65353439024022109 ) ) ;
#1054 = CARTESIAN_POINT ( 'NONE',  ( 4.225466703097628063, 7.313369643575118317, -13.65353439024022109 ) ) ;
#1055 = CARTESIAN_POINT ( 'NONE',  ( -4.223748560346322733, -7.314408115455337978, -13.65353439024021220 ) ) ;
#1056 = CARTESIAN_POINT ( 'NONE',  ( -11.79588780896667899, 0.9194994294808056523, 9.556001941342421091 ) ) ;
#1057 = VERTEX_POINT ( 'NONE', #292 ) ;
#1058 = ORIENTED_EDGE ( 'NONE', *, *, #2035, .T. ) ;
#1059 = CARTESIAN_POINT ( 'NONE',  ( -11.93877690894568921, 7.841893464379984913, -2.225300912322293101 ) ) ;
#1060 = CARTESIAN_POINT ( 'NONE',  ( 11.87937015319800871, -5.422774593199834570, 6.903151147611544580 ) ) ;
#1061 = CARTESIAN_POINT ( 'NONE',  ( -6.608048967339154700, 11.44547655033471045, 7.923703456781644228 ) ) ;
#1062 = CARTESIAN_POINT ( 'NONE',  ( 4.220104534263857232, -7.316438871894659357, -13.65353439024021576 ) ) ;
#1063 = CARTESIAN_POINT ( 'NONE',  ( 11.59993651276894688, 8.728331030506684129, 0.7121417574719371979 ) ) ;
#1064 = CARTESIAN_POINT ( 'NONE',  ( -12.25000000000128964, -7.548900968355461316, 1.917634603609309041 ) ) ;
#1065 = CARTESIAN_POINT ( 'NONE',  ( 10.52254567257948104, 0.3553453334854352330, -12.09612372258117396 ) ) ;
#1066 = AXIS2_PLACEMENT_3D ( 'NONE', #4560, #4158, #3221 ) ;
#1067 = CARTESIAN_POINT ( 'NONE',  ( -12.25000000000000000, -3.014949779950805819, -7.148979121818580751 ) ) ;
#1068 = CARTESIAN_POINT ( 'NONE',  ( 10.34703339630904040, -0.02580477069087107334, -12.24282473870878896 ) ) ;
#1069 = B_SPLINE_CURVE_WITH_KNOTS ( 'NONE', 3,
 ( #2643, #3084, #2669, #1335, #1810, #1361, #3482, #3536, #3915, #30, #4825, #935, #1388, #4417 ),
 .UNSPECIFIED., .F., .F.,
 ( 4, 1, 1, 1, 1, 1, 1, 1, 2, 1, 4 ),
 ( 0.000000000000000000, 0.07320531384413220266, 0.1464106276882646274, 0.2196159415323968300, 0.2928212553765290327, 0.3660265692206611798, 0.4392318830647936601, 0.5124371969089258627, 0.5856425107530580654, 0.6892318830647936601, 0.7067833462756386576 ),
 .UNSPECIFIED. ) ;
#1070 = CARTESIAN_POINT ( 'NONE',  ( -6.249999999999996447, 3.000000000000024425, 6.096152422706619944 ) ) ;
#1071 = FACE_OUTER_BOUND ( 'NONE', #3712, .T. ) ;
#1072 = CARTESIAN_POINT ( 'NONE',  ( -10.34934745607326079, -0.006564942559647704741, -12.24086857744008761 ) ) ;
#1073 = CARTESIAN_POINT ( 'NONE',  ( -3.680065677848316064, 9.216132477324592287, -12.72929286287956785 ) ) ;
#1074 = EDGE_CURVE ( 'NONE', #5135, #2057, #343, .T. ) ;
#1075 = CARTESIAN_POINT ( 'NONE',  ( 3.926829044828270110, 1.260183039365522673, 14.90075911844933110 ) ) ;
#1076 = CIRCLE ( 'NONE', #170, 2.000000000000000444 ) ;
#1077 = ORIENTED_EDGE ( 'NONE', *, *, #5281, .T. ) ;
#1078 = ORIENTED_EDGE ( 'NONE', *, *, #1861, .F. ) ;
#1079 = CARTESIAN_POINT ( 'NONE',  ( 4.723728189446984693, -6.850960200721987192, -13.65353439024021931 ) ) ;
#1080 = CARTESIAN_POINT ( 'NONE',  ( 4.458755586320648057, -7.121290702509383230, -13.65353439024021220 ) ) ;
#1081 = CARTESIAN_POINT ( 'NONE',  ( 5.141430841217518477, 8.706936671498498370, -12.75781640250979088 ) ) ;
#1082 = CARTESIAN_POINT ( 'NONE',  ( -4.772433874169670354, -8.237311431015816865, -13.65353439024020865 ) ) ;
#1083 = CARTESIAN_POINT ( 'NONE',  ( 6.435810131856714911, 7.415863152786455359, -6.708574639902590953 ) ) ;
#1084 = FACE_OUTER_BOUND ( 'NONE', #3713, .T. ) ;
#1085 = ORIENTED_EDGE ( 'NONE', *, *, #3639, .F. ) ;
#1086 = B_SPLINE_CURVE_WITH_KNOTS ( 'NONE', 3,
 ( #4225, #3430, #2499, #336, #404 ),
 .UNSPECIFIED., .F., .F.,
 ( 4, 1, 4 ),
 ( 0.000000000000000000, 0.07320531384413220266, 0.1231266562148354282 ),
 .UNSPECIFIED. ) ;
#1087 = CARTESIAN_POINT ( 'NONE',  ( -12.25000000000129496, 6.250109176782379095, 5.105404361498296240 ) ) ;
#1088 = CARTESIAN_POINT ( 'NONE',  ( -33.66464024781362951, -8.000000000000001776, -6.000000000000000000 ) ) ;
#1089 = CARTESIAN_POINT ( 'NONE',  ( -7.188856163815605882, 6.441721227850631060, -12.71576521803152815 ) ) ;
#1090 = CARTESIAN_POINT ( 'NONE',  ( 4.223019101606400483, -7.314834126007955462, -13.65353439024021576 ) ) ;
#1091 = DIRECTION ( 'NONE',  ( -0.000000000000000000, -0.000000000000000000, 1.000000000000000000 ) ) ;
#1092 = CARTESIAN_POINT ( 'NONE',  ( -11.91053100675217635, -6.977389377072382715, -4.281186230251546654 ) ) ;
#1093 = AXIS2_PLACEMENT_3D ( 'NONE', #1768, #1792, #1345 ) ;
#1094 = VECTOR ( 'NONE', #2865, 1000.000000000000000 ) ;
#1095 = DIRECTION ( 'NONE',  ( 0.000000000000000000, 1.000000000000000000, 0.000000000000000000 ) ) ;
#1096 = CARTESIAN_POINT ( 'NONE',  ( -5.532435427320100629, -7.587684014064628002, -13.65353439024009674 ) ) ;
#1097 = CARTESIAN_POINT ( 'NONE',  ( -6.652634573956906827, 3.784855061211993554, -5.652370429231446280 ) ) ;
#1098 = CARTESIAN_POINT ( 'NONE',  ( 10.38345786792319458, -0.6812584771701781783, -12.21603718823656770 ) ) ;
#1099 = CARTESIAN_POINT ( 'NONE',  ( -11.95003693236024489, 0.5539364244070221766, -9.738376745661462053 ) ) ;
#1100 = CARTESIAN_POINT ( 'NONE',  ( -4.420249689259600601, 4.420249689259584613, -24.76024934587180937 ) ) ;
#1101 = CIRCLE ( 'NONE', #3998, 2.000000000000000000 ) ;
#1102 = CARTESIAN_POINT ( 'NONE',  ( 1.915336665739092670, 9.447201392080033955, -12.71571897569806353 ) ) ;
#1103 = CARTESIAN_POINT ( 'NONE',  ( 7.116738111284055535, 8.236410000264481113, -12.01109144709618270 ) ) ;
#1104 = ORIENTED_EDGE ( 'NONE', *, *, #2743, .T. ) ;
#1105 = ORIENTED_EDGE ( 'NONE', *, *, #657, .F. ) ;
#1106 = CARTESIAN_POINT ( 'NONE',  ( -4.221671652479698444, -7.315584028744506639, -13.65353439024022997 ) ) ;
#1107 = CARTESIAN_POINT ( 'NONE',  ( 5.649920854802599202, -8.304294050744159605, -12.74195580351768875 ) ) ;
#1108 = EDGE_CURVE ( 'NONE', #4886, #3281, #3091, .T. ) ;
#1109 = CARTESIAN_POINT ( 'NONE',  ( 12.24999999999999822, -0.3782247239182069953, -8.685535258430258310 ) ) ;
#1110 = CARTESIAN_POINT ( 'NONE',  ( 5.132368327953963139, 8.712690388415452958, -12.75798574111166417 ) ) ;
#1111 = CARTESIAN_POINT ( 'NONE',  ( -6.930971690835457721, 3.944301027980383179, -9.921309658380133456 ) ) ;
#1112 = CARTESIAN_POINT ( 'NONE',  ( 9.240388972220953789, 6.362890446220478502, -7.727069551906106781 ) ) ;
#1113 = CARTESIAN_POINT ( 'NONE',  ( 7.029418785840038097, -12.17531048475413868, -6.025986191255835678 ) ) ;
#1114 = ORIENTED_EDGE ( 'NONE', *, *, #2354, .T. ) ;
#1115 = CARTESIAN_POINT ( 'NONE',  ( -12.25000000000000355, 2.390547265691090661, 7.698822997055279060 ) ) ;
#1116 = CARTESIAN_POINT ( 'NONE',  ( -9.355492701130458499, 2.589388974355995021, -12.71828949103744755 ) ) ;
#1117 = CARTESIAN_POINT ( 'NONE',  ( -6.249999999999996447, 0.000000000000000000, 6.844909067349737775E-16 ) ) ;
#1118 = CARTESIAN_POINT ( 'NONE',  ( 4.221949709192086786, -7.315433931913085885, -13.65353439024022109 ) ) ;
#1119 = ORIENTED_EDGE ( 'NONE', *, *, #942, .F. ) ;
#1120 = B_SPLINE_CURVE_WITH_KNOTS ( 'NONE', 3,
 ( #1083, #255, #1960, #2387, #2761, #4057, #1112, #599 ),
 .UNSPECIFIED., .F., .F.,
 ( 4, 2, 2, 4 ),
 ( 8.673617379884035472E-19, 0.0009540772392529288902, 0.001908154478505856913, 0.003816308957011712091 ),
 .UNSPECIFIED. ) ;
#1121 = CARTESIAN_POINT ( 'NONE',  ( 11.74185801565181997, 4.522821717369186700, -7.499091541060879607 ) ) ;
#1122 = CARTESIAN_POINT ( 'NONE',  ( -12.25000000000000178, -3.858927685970197086, -6.294985143133982497 ) ) ;
#1123 = CYLINDRICAL_SURFACE ( 'NONE', #3431, 0.8999999999999999112 ) ;
#1124 = CARTESIAN_POINT ( 'NONE',  ( -7.783062004526817290, -4.386613236385288772, -13.65353439023879822 ) ) ;
#1125 = CARTESIAN_POINT ( 'NONE',  ( -12.22223285720238195, -6.147430864042000564, 4.775498718599393122 ) ) ;
#1126 = CARTESIAN_POINT ( 'NONE',  ( -10.34168556614867462, 0.05401842367226887542, -12.24734648669192083 ) ) ;
#1127 = CARTESIAN_POINT ( 'NONE',  ( -11.93267896933168082, 0.8982721252840777382, -9.646273393356155523 ) ) ;
#1128 = CARTESIAN_POINT ( 'NONE',  ( 7.004399813979021339, -12.13197635433772170, -5.999999995171812373 ) ) ;
#1129 = DIRECTION ( 'NONE',  ( 0.000000000000000000, 0.000000000000000000, -1.000000000000000000 ) ) ;
#1130 = CARTESIAN_POINT ( 'NONE',  ( 4.062264606239343046, 7.381817513032095768, -13.65353439024021043 ) ) ;
#1131 = CARTESIAN_POINT ( 'NONE',  ( 3.797213619550849018, 6.576966916254618489, 13.40799355303541596 ) ) ;
#1132 = CARTESIAN_POINT ( 'NONE',  ( 12.17761404554391369, 1.776277540892778006, -8.573811283328257815 ) ) ;
#1133 = EDGE_CURVE ( 'NONE', #3927, #2057, #4613, .T. ) ;
#1134 = PLANE ( 'NONE',  #3262 ) ;
#1135 = ORIENTED_EDGE ( 'NONE', *, *, #1180, .T. ) ;
#1136 = VERTEX_POINT ( 'NONE', #2485 ) ;
#1137 = CARTESIAN_POINT ( 'NONE',  ( -4.986619668540629213, -8.797152889076411242, -12.75809240603239836 ) ) ;
#1138 = CARTESIAN_POINT ( 'NONE',  ( 5.292346076658184018, -8.603744890578846949, -12.75379707218900549 ) ) ;
#1139 = DIRECTION ( 'NONE',  ( -1.000000000000000000, -0.000000000000000000, 1.095185450775958527E-16 ) ) ;
#1140 = CARTESIAN_POINT ( 'NONE',  ( 4.224093348176864104, 7.314202207501263153, -13.65353439024021043 ) ) ;
#1141 = CARTESIAN_POINT ( 'NONE',  ( -4.225466703097624510, -7.313369643575123646, -13.65353439024021576 ) ) ;
#1142 = DIRECTION ( 'NONE',  ( 0.8660254038271077981, -0.4999999999260948957, -5.010050783904115526E-17 ) ) ;
#1143 = CARTESIAN_POINT ( 'NONE',  ( 14.99329378223374754, -3.125211623426418228, -3.557211016089472988 ) ) ;
#1144 = ORIENTED_EDGE ( 'NONE', *, *, #4917, .T. ) ;
#1145 = CARTESIAN_POINT ( 'NONE',  ( -12.24999999999827871, 7.371138099193853321, -2.084035595026237253 ) ) ;
#1146 = CARTESIAN_POINT ( 'NONE',  ( -5.143341490027838248, 8.908528781405419039, -12.49712237659161929 ) ) ;
#1147 = EDGE_CURVE ( 'NONE', #3812, #459, #640, .T. ) ;
#1148 = CARTESIAN_POINT ( 'NONE',  ( 12.25000000000000000, -15.04274960149093410, -15.83954091745580151 ) ) ;
#1149 = EDGE_LOOP ( 'NONE', ( #3758, #1856, #5216 ) ) ;
#1150 = CARTESIAN_POINT ( 'NONE',  ( -4.216917584559871202, 6.569832941274906801, -9.729247145665736340 ) ) ;
#1151 = CARTESIAN_POINT ( 'NONE',  ( -11.86444537870779925, -5.532419605499587334, -6.321366271131217296 ) ) ;
#1152 = CARTESIAN_POINT ( 'NONE',  ( -4.765524406090971610, 8.241346280224881582, -13.65353439024021043 ) ) ;
#1153 = CARTESIAN_POINT ( 'NONE',  ( -7.811825646387183575, -1.892881048234987373, -13.65353439024020865 ) ) ;
#1154 = CARTESIAN_POINT ( 'NONE',  ( -8.249999999999998224, 9.491012693391987787E-16, -7.749999999999999112 ) ) ;
#1155 = CARTESIAN_POINT ( 'NONE',  ( 10.32589273098174054, 0.1057652735906318558, -12.26066472308314026 ) ) ;
#1156 = CARTESIAN_POINT ( 'NONE',  ( -10.66806028114445937, 0.5171775481571234678, -11.82539839269123227 ) ) ;
#1157 = CARTESIAN_POINT ( 'NONE',  ( 4.223171334864616711, -7.314747321054031914, -13.65353439024021576 ) ) ;
#1158 = CARTESIAN_POINT ( 'NONE',  ( 6.537242739934952418, 6.124462952767698809, -8.749999997787799799 ) ) ;
#1159 = CARTESIAN_POINT ( 'NONE',  ( -11.85858431551747394, -5.272053243242933895, 7.101748273027610026 ) ) ;
#1160 = CARTESIAN_POINT ( 'NONE',  ( -1.417419954466075271, 7.791628104334566984, -13.65353439024020510 ) ) ;
#1161 = CARTESIAN_POINT ( 'NONE',  ( 5.821179283906724677, 5.854852858591766740, -13.63860825219873441 ) ) ;
#1162 = ORIENTED_EDGE ( 'NONE', *, *, #3815, .T. ) ;
#1163 = VERTEX_POINT ( 'NONE', #3673 ) ;
#1164 = CARTESIAN_POINT ( 'NONE',  ( -4.966143752646674514, -8.807958416970492976, -12.75775366603247996 ) ) ;
#1165 = CARTESIAN_POINT ( 'NONE',  ( 8.583465587524370832, -2.877459334520954926, -13.65353439025107818 ) ) ;
#1166 = FACE_OUTER_BOUND ( 'NONE', #4950, .T. ) ;
#1167 = CARTESIAN_POINT ( 'NONE',  ( 4.279367666650558455, 7.275667308839606662, -13.65353439024022286 ) ) ;
#1168 = CARTESIAN_POINT ( 'NONE',  ( -4.224093348176863216, -7.314202207501258712, -13.65353439024021220 ) ) ;
#1169 = AXIS2_PLACEMENT_3D ( 'NONE', #2890, #2804, #1129 ) ;
#1170 = CARTESIAN_POINT ( 'NONE',  ( 14.05883757168012771, -2.836478471295782899, -6.025986191255825020 ) ) ;
#1171 = B_SPLINE_CURVE_WITH_KNOTS ( 'NONE', 3,
 ( #1389, #2132, #4392, #3456, #824, #4799, #4367, #4772, #5202, #1312, #2616, #936, #1336, #2185, #909, #3038, #4827, #4339, #456, #5604, #429, #4712, #1281, #1758, #2670, #480, #3063, #3009 ),
 .UNSPECIFIED., .F., .F.,
 ( 4, 2, 2, 2, 2, 2, 2, 2, 2, 2, 2, 2, 2, 4 ),
 ( 1.588195949509901764E-16, 0.002175557827883822532, 0.003263336741825656386, 0.004351115655767490674, 0.005438894569709324528, 0.006526673483651158382, 0.007614452397592992236, 0.008702231311534826957, 0.009790010225476659944, 0.01087778913941849467, 0.01305334696730216064, 0.01522890479518582661, 0.01631668370912765786, 0.01740446262306949085 ),
 .UNSPECIFIED. ) ;
#1172 = CARTESIAN_POINT ( 'NONE',  ( 5.380261184385638273, -9.318885729346678914, 11.03005007641327317 ) ) ;
#1173 = ORIENTED_EDGE ( 'NONE', *, *, #2035, .F. ) ;
#1174 = CARTESIAN_POINT ( 'NONE',  ( -7.702343320404869687, -13.34084996827985847, 0.3811111474512711705 ) ) ;
#1175 = EDGE_CURVE ( 'NONE', #1903, #4104, #2821, .T. ) ;
#1176 = CYLINDRICAL_SURFACE ( 'NONE', #3204, 8.750000000000001776 ) ;
#1177 = CARTESIAN_POINT ( 'NONE',  ( -9.355546009936841045, -2.587838219831046338, -12.71841089425808669 ) ) ;
#1178 = CARTESIAN_POINT ( 'NONE',  ( 4.343880686205394248, -9.053516651888852351, -12.74133789267030004 ) ) ;
#1179 = ORIENTED_EDGE ( 'NONE', *, *, #2312, .T. ) ;
#1180 = EDGE_CURVE ( 'NONE', #5058, #913, #1899, .T. ) ;
#1181 = CARTESIAN_POINT ( 'NONE',  ( 11.53973175723585420, 6.694825981536517645, -5.645404272126477885 ) ) ;
#1182 = CARTESIAN_POINT ( 'NONE',  ( -11.92300129811845721, -7.355142593137236062, -3.522580349347575801 ) ) ;
#1183 = CARTESIAN_POINT ( 'NONE',  ( -5.077521861883424137, 8.746133124196234121, -12.75862945376923818 ) ) ;
#1184 = PRODUCT_DEFINITION_FORMATION_WITH_SPECIFIED_SOURCE ( '任何', '', #3726, .NOT_KNOWN. ) ;
#1185 = CARTESIAN_POINT ( 'NONE',  ( -5.290912512931922329, -8.604883489697678911, -12.75386329251609929 ) ) ;
#1186 = CARTESIAN_POINT ( 'NONE',  ( 8.732271390752677220, -10.62740165648418866, -6.000000000000000000 ) ) ;
#1187 = VECTOR ( 'NONE', #4981, 1000.000000000000000 ) ;
#1188 = CARTESIAN_POINT ( 'NONE',  ( 4.241158536044047800, -7.303121363515732156, -13.65353439024020865 ) ) ;
#1189 = CARTESIAN_POINT ( 'NONE',  ( -12.25000000000000000, 0.09699254074019066085, -9.321073234715667510 ) ) ;
#1190 = CARTESIAN_POINT ( 'NONE',  ( -10.74362791950802887, -0.02378788515361401207, -11.79027181845581218 ) ) ;
#1191 = CARTESIAN_POINT ( 'NONE',  ( -11.88620926367048547, 2.136148606951070672, -9.066668526521175053 ) ) ;
#1192 = CARTESIAN_POINT ( 'NONE',  ( -11.94657805555315555, -8.169690718494942772, 1.011087409200190690 ) ) ;
#1193 = CARTESIAN_POINT ( 'NONE',  ( -8.249999999999998224, 3.000000000000024425, 5.196152422706620477 ) ) ;
#1194 = CARTESIAN_POINT ( 'NONE',  ( -9.058305623930483108, 6.170959083000561789E-17, -10.71338335622939297 ) ) ;
#1195 = EDGE_LOOP ( 'NONE', ( #1691, #971 ) ) ;
#1196 = EDGE_LOOP ( 'NONE', ( #4173, #1025, #4242, #219 ) ) ;
#1197 = CARTESIAN_POINT ( 'NONE',  ( -5.042323929155210216, -8.766534337848279179, -12.75866359298242614 ) ) ;
#1198 = CARTESIAN_POINT ( 'NONE',  ( 4.292908517321132322, -7.265081965362195859, -13.65353439024021576 ) ) ;
#1199 = AXIS2_PLACEMENT_3D ( 'NONE', #2189, #3512, #8 ) ;
#1200 = DIRECTION ( 'NONE',  ( 0.000000000000000000, 1.000000000000000000, 1.002010156928930384E-16 ) ) ;
#1201 = CARTESIAN_POINT ( 'NONE',  ( 5.024380695243122474, 8.063597740355451293, -13.65353439024013049 ) ) ;
#1202 = CARTESIAN_POINT ( 'NONE',  ( -10.34580144774593435, -0.03228011575626427154, -12.24386588032046674 ) ) ;
#1203 = CARTESIAN_POINT ( 'NONE',  ( 14.99329378223374754, -8.673617379884035472E-16, -3.557211016089472988 ) ) ;
#1204 = CARTESIAN_POINT ( 'NONE',  ( 7.495082897782427089, -1.429992247379578307, -16.56226468677081343 ) ) ;
#1205 =( BOUNDED_SURFACE ( )  B_SPLINE_SURFACE ( 3, 2, ( 
 ( #3031, #2665, #499 ),
 ( #2233, #3531, #873 ),
 ( #1381, #5328, #4090 ),
 ( #4062, #1060, #5355 ) ),
 .UNSPECIFIED., .F., .F., .T. ) 
 B_SPLINE_SURFACE_WITH_KNOTS ( ( 4, 4 ),
 ( 3, 3 ),
 ( 0.01852102046182993803, 0.01886340990563930078 ),
 ( 0.9562040913247265017, 1.000000000000000000 ),
 .UNSPECIFIED. ) 
 GEOMETRIC_REPRESENTATION_ITEM ( )  RATIONAL_B_SPLINE_SURFACE ( (
 ( 0.9959241613008712468, 0.9978687401904534626, 1.000000000000000000),
 ( 0.9958989028936382493, 0.9978555325460487513, 1.000000000000000000),
 ( 0.9958734563674653817, 0.9978422265340771702, 1.000000000000000000),
 ( 0.9958478734900546581, 0.9978288492239177909, 1.000000000000000000) ) ) 
 REPRESENTATION_ITEM ( '' )  SURFACE ( )  );
#1206 = VERTEX_POINT ( 'NONE', #1046 ) ;
#1207 = CARTESIAN_POINT ( 'NONE',  ( -12.24999999999999289, 7.674916404648237316E-14, 9.093579015662784926 ) ) ;
#1208 = CARTESIAN_POINT ( 'NONE',  ( 11.66349595091863733, -5.122962567174749182, -7.102471248812696203 ) ) ;
#1209 = CARTESIAN_POINT ( 'NONE',  ( -7.188979922715295956, -6.442505108505901745, -12.71565534669209185 ) ) ;
#1210 = CARTESIAN_POINT ( 'NONE',  ( 4.763067676070571466, -8.903363455223496814, -12.75262904608540104 ) ) ;
#1211 = ADVANCED_FACE ( 'NONE', ( #1816 ), #2586, .T. ) ;
#1212 = EDGE_LOOP ( 'NONE', ( #21, #3233, #2326 ) ) ;
#1213 = CARTESIAN_POINT ( 'NONE',  ( -4.572956372410139636, 13.59354972040205389, -6.025986191255825020 ) ) ;
#1214 = CARTESIAN_POINT ( 'NONE',  ( -12.25000000000130740, -3.417475954914235725, -7.541659437810650068 ) ) ;
#1215 = CARTESIAN_POINT ( 'NONE',  ( -4.225009140332668167, 7.313646546267834836, -13.65353439024021576 ) ) ;
#1216 = CARTESIAN_POINT ( 'NONE',  ( -4.414072276718150611, 7.162948340569463390, -13.65353439024021220 ) ) ;
#1217 = CARTESIAN_POINT ( 'NONE',  ( 9.699999999999999289, -9.778747784255395814, 5.657472980174873101 ) ) ;
#1218 = ADVANCED_FACE ( 'NONE', ( #4660 ), #1599, .T. ) ;
#1219 = CARTESIAN_POINT ( 'NONE',  ( -12.24999999999999467, 0.01594355921309750790, -8.775761695751448599 ) ) ;
#1220 = DIRECTION ( 'NONE',  ( 1.095185450775958527E-16, 0.000000000000000000, 1.000000000000000000 ) ) ;
#1221 = CARTESIAN_POINT ( 'NONE',  ( 5.887503488522833450, 6.296861558849453644, -8.749999997787798023 ) ) ;
#1222 = DIRECTION ( 'NONE',  ( -0.000000000000000000, -0.000000000000000000, 1.000000000000000000 ) ) ;
#1223 = CARTESIAN_POINT ( 'NONE',  ( -2.838394582484197404, 7.649830605136347828, -13.65353439024021398 ) ) ;
#1224 = CARTESIAN_POINT ( 'NONE',  ( -4.600221433339337196, 6.454584655406096161, -9.893357479265175058 ) ) ;
#1225 = EDGE_CURVE ( 'NONE', #4747, #5269, #4951, .T. ) ;
#1226 = CARTESIAN_POINT ( 'NONE',  ( 1.040834085586105240E-14, 1.802777518484578926E-14, -24.76024934587180582 ) ) ;
#1227 = VERTEX_POINT ( 'NONE', #3014 ) ;
#1228 = CARTESIAN_POINT ( 'NONE',  ( -4.222984669014092418, -7.314853923837317140, -13.65353439024021931 ) ) ;
#1229 = CARTESIAN_POINT ( 'NONE',  ( -7.925990533359548174, 7.849108204432693192, 11.03005007641327317 ) ) ;
#1230 = CARTESIAN_POINT ( 'NONE',  ( 1.169828238924708108, 8.030826884216908823, -5.958850914047236103 ) ) ;
#1231 = CARTESIAN_POINT ( 'NONE',  ( 5.532435427320288923, 7.587684014064264737, -13.65353439023949633 ) ) ;
#1232 = CARTESIAN_POINT ( 'NONE',  ( -9.747813531365983053, -1.644130962656010997, -12.73334784159819577 ) ) ;
#1233 = CARTESIAN_POINT ( 'NONE',  ( 2.625808115134545151, -3.034333085677269448, -20.83958864581944326 ) ) ;
#1234 = CARTESIAN_POINT ( 'NONE',  ( -4.420249689259600601, 4.420249689259584613, -13.65353439024021576 ) ) ;
#1235 = EDGE_LOOP ( 'NONE', ( #1750, #5158, #1302, #4463 ) ) ;
#1236 = CARTESIAN_POINT ( 'NONE',  ( 2.509131835445680636, -7.205928316639663045, -16.56226468677081343 ) ) ;
#1237 = CARTESIAN_POINT ( 'NONE',  ( 11.64315188442167148, -8.399093219822777456, 2.479687579654984209 ) ) ;
#1238 = CARTESIAN_POINT ( 'NONE',  ( -6.020023704595937275, -7.938010669041808853, -12.73151409465905814 ) ) ;
#1239 = CARTESIAN_POINT ( 'NONE',  ( 3.540567916993204278, -7.524920202850277740, -13.65353439024020510 ) ) ;
#1240 = VERTEX_POINT ( 'NONE', #4319 ) ;
#1241 = DIRECTION ( 'NONE',  ( 0.000000000000000000, 1.000000000000000000, 0.000000000000000000 ) ) ;
#1242 = CARTESIAN_POINT ( 'NONE',  ( -5.500000000000001776, 0.000000000000000000, 0.000000000000000000 ) ) ;
#1243 = CARTESIAN_POINT ( 'NONE',  ( -12.25000000000021849, -0.8406995175099734041, -9.138653392898074657 ) ) ;
#1244 = CARTESIAN_POINT ( 'NONE',  ( 6.366247969425647746, -4.893157378282189995, -8.721268994760601245 ) ) ;
#1245 = CARTESIAN_POINT ( 'NONE',  ( 9.700000000000001066, -10.86413133536460585, 3.194569025973643672 ) ) ;
#1246 = CARTESIAN_POINT ( 'NONE',  ( -12.25000000000000178, 1.156157944286242856, -8.310786453982336397 ) ) ;
#1247 = CARTESIAN_POINT ( 'NONE',  ( -6.335548272093892486, 4.996124101430186037, -24.76024934587180937 ) ) ;
#1248 = CARTESIAN_POINT ( 'NONE',  ( -11.84390759764401402, 4.342965214471415258, -7.474786533017964807 ) ) ;
#1249 = CARTESIAN_POINT ( 'NONE',  ( -11.80336537303149136, -2.449596571762718611, 9.051995517325103435 ) ) ;
#1250 = CARTESIAN_POINT ( 'NONE',  ( -4.057923347314694063, 7.383540017372079767, -13.65353439024022286 ) ) ;
#1251 = CARTESIAN_POINT ( 'NONE',  ( 9.699999999999999289, -5.137535010518945455, -6.000000000000000000 ) ) ;
#1252 = CARTESIAN_POINT ( 'NONE',  ( -9.200063338217161046, 1.607223113244826918, -13.13072705146052854 ) ) ;
#1253 = EDGE_LOOP ( 'NONE', ( #440, #3066 ) ) ;
#1254 = CARTESIAN_POINT ( 'NONE',  ( -5.056631844517204932, -8.758343270023976501, -12.75869244000834435 ) ) ;
#1255 = CARTESIAN_POINT ( 'NONE',  ( 11.97115296434014198, 0.000000000000000000, -9.794801864921515389 ) ) ;
#1256 = EDGE_CURVE ( 'NONE', #913, #2308, #434, .T. ) ;
#1257 = CARTESIAN_POINT ( 'NONE',  ( -6.809081694306132526, 2.999999999999522604, -4.296152422701811524 ) ) ;
#1258 = CARTESIAN_POINT ( 'NONE',  ( 10.58069684057515403, 2.529560756217577215E-16, -12.04525965420661038 ) ) ;
#1259 = CARTESIAN_POINT ( 'NONE',  ( -10.52254567257988249, -0.3553453334854956847, -12.09612372258095370 ) ) ;
#1260 = UNCERTAINTY_MEASURE_WITH_UNIT (LENGTH_MEASURE( 1.000000000000000082E-05 ), #2344, 'distance_accuracy_value', 'NONE');
#1261 = CARTESIAN_POINT ( 'NONE',  ( 14.79902174877074295, 1.734723475976807094E-15, 4.294159011543782434 ) ) ;
#1262 = CARTESIAN_POINT ( 'NONE',  ( -10.64385728689871513, -11.64256608789961689, 0.3811111474512781094 ) ) ;
#1263 = ORIENTED_EDGE ( 'NONE', *, *, #2942, .T. ) ;
#1264 = CARTESIAN_POINT ( 'NONE',  ( 4.790134233027155020, -14.54717911353091786, -3.557211016089472988 ) ) ;
#1265 = CARTESIAN_POINT ( 'NONE',  ( 11.81586916017070088, -6.241589314537646871, 6.174070408335648352 ) ) ;
#1266 = CARTESIAN_POINT ( 'NONE',  ( 2.996168546988857706, -9.334494978166608448, -12.72169418978373656 ) ) ;
#1267 = CARTESIAN_POINT ( 'NONE',  ( -1.871746511200309326, -8.860888858505756360, -13.65353439024145921 ) ) ;
#1268 = ORIENTED_EDGE ( 'NONE', *, *, #3276, .T. ) ;
#1269 = DIRECTION ( 'NONE',  ( 0.000000000000000000, 0.000000000000000000, 1.000000000000000000 ) ) ;
#1270 = B_SPLINE_CURVE_WITH_KNOTS ( 'NONE', 3,
 ( #910, #2646, #4418, #82, #1839, #3138, #937, #1812, #4443, #1865, #4877, #529, #3113, #111 ),
 .UNSPECIFIED., .F., .F.,
 ( 4, 2, 2, 2, 2, 2, 4 ),
 ( 0.001036217252289360928, 0.002938027363757967497, 0.004839837475226573850, 0.006741647586695179335, 0.007692552642429481211, 0.008168005170296633449, 0.008643457698163783953 ),
 .UNSPECIFIED. ) ;
#1271 = ORIENTED_EDGE ( 'NONE', *, *, #207, .F. ) ;
#1272 = CARTESIAN_POINT ( 'NONE',  ( 12.24999999999997335, 0.2843300115196567002, -9.300250228451664825 ) ) ;
#1273 = CARTESIAN_POINT ( 'NONE',  ( 7.496646891117039857, 12.98457330181763147, -3.557211016089484978 ) ) ;
#1274 = CARTESIAN_POINT ( 'NONE',  ( -12.25000000000000178, -0.9368257112269038345, -8.434455577938395621 ) ) ;
#1275 = CARTESIAN_POINT ( 'NONE',  ( 5.488132731075048731, -6.136200075863686543, -13.65353439024106130 ) ) ;
#1276 = CARTESIAN_POINT ( 'NONE',  ( 9.700000000000001066, -11.32664215130851382, -0.2552021758896282910 ) ) ;
#1277 = CARTESIAN_POINT ( 'NONE',  ( -12.25000000000027534, 4.292115170155433646, -6.813995465374738991 ) ) ;
#1278 = CARTESIAN_POINT ( 'NONE',  ( -11.79844578891547791, -0.1931040360461581673, 9.645951264655861834 ) ) ;
#1279 = CARTESIAN_POINT ( 'NONE',  ( -7.070393894427978942, -0.0002366018676647132916, -11.74999999778779980 ) ) ;
#1280 = LINE ( 'NONE', #302, #1291 ) ;
#1281 = CARTESIAN_POINT ( 'NONE',  ( -12.17357306204261569, 5.185554819625562750, -5.805643281041103165 ) ) ;
#1282 = CARTESIAN_POINT ( 'NONE',  ( 1.721496813959967342, 6.990183582339909663, -9.044003608473815348 ) ) ;
#1283 = CARTESIAN_POINT ( 'NONE',  ( 5.056631844455186986, 8.758343270059782526, -12.75869244000834435 ) ) ;
#1284 = ADVANCED_FACE ( 'NONE', ( #886 ), #2622, .F. ) ;
#1285 = ORIENTED_EDGE ( 'NONE', *, *, #4917, .F. ) ;
#1286 = DIRECTION ( 'NONE',  ( 0.000000000000000000, 0.000000000000000000, 1.000000000000000000 ) ) ;
#1287 = CARTESIAN_POINT ( 'NONE',  ( 11.16413781580660292, 0.000000000000000000, -11.13217203128672317 ) ) ;
#1288 = CARTESIAN_POINT ( 'NONE',  ( -6.249999999999996447, 3.000000000000024425, 4.296152422706619234 ) ) ;
#1289 = CARTESIAN_POINT ( 'NONE',  ( 7.588199070893677955, 2.389626610862003009, -13.65353439024021931 ) ) ;
#1290 = CARTESIAN_POINT ( 'NONE',  ( -10.55862862845048156, -0.2195510215644878582, -12.06460039720849942 ) ) ;
#1291 = VECTOR ( 'NONE', #1706, 1000.000000000000000 ) ;
#1292 = CIRCLE ( 'NONE', #1824, 2.000000000000000000 ) ;
#1293 = CARTESIAN_POINT ( 'NONE',  ( 12.56934170277157747, 8.673617379884035472E-16, -8.814338527120403555 ) ) ;
#1294 = EDGE_CURVE ( 'NONE', #2663, #5135, #3513, .T. ) ;
#1295 = CARTESIAN_POINT ( 'NONE',  ( -6.608048967339230195, -11.44547655033466604, 7.923703456781644228 ) ) ;
#1296 = ORIENTED_EDGE ( 'NONE', *, *, #4507, .T. ) ;
#1297 = CARTESIAN_POINT ( 'NONE',  ( -5.380261184385704887, -9.318885729346645164, 11.03005007641327317 ) ) ;
#1298 = CARTESIAN_POINT ( 'NONE',  ( 11.88503815650502204, -5.439786974697151223, 6.874901841066249908 ) ) ;
#1299 = CARTESIAN_POINT ( 'NONE',  ( 4.566322793199792507, -8.980289488400488906, -12.74699765553163822 ) ) ;
#1300 = AXIS2_PLACEMENT_3D ( 'NONE', #828, #1316, #2137 ) ;
#1301 = CARTESIAN_POINT ( 'NONE',  ( 4.835634556136060525, -8.871308218986456495, -12.75464845986761908 ) ) ;
#1302 = ORIENTED_EDGE ( 'NONE', *, *, #897, .F. ) ;
#1303 = ORIENTED_EDGE ( 'NONE', *, *, #4834, .F. ) ;
#1304 = CARTESIAN_POINT ( 'NONE',  ( 11.85796229381407230, 3.402167639196731930, -8.224172567459920202 ) ) ;
#1305 = CARTESIAN_POINT ( 'NONE',  ( 3.704621918910749212, 13.12177093831732044, 7.923703456781640675 ) ) ;
#1306 = AXIS2_PLACEMENT_3D ( 'NONE', #705, #3402, #5147 ) ;
#1307 = CARTESIAN_POINT ( 'NONE',  ( 4.345203965304843763, 7.222861933590338346, -13.65353439024021753 ) ) ;
#1308 = CARTESIAN_POINT ( 'NONE',  ( 6.335548272093880051, -4.996124101430178932, -13.64421020617563762 ) ) ;
#1309 = CARTESIAN_POINT ( 'NONE',  ( 9.700000000000002842, -6.088059906373354480, 9.564031796004313080 ) ) ;
#1310 = CARTESIAN_POINT ( 'NONE',  ( -12.24999999999999645, 0.1847669051492865366, 8.380125194933043531 ) ) ;
#1311 = CARTESIAN_POINT ( 'NONE',  ( -11.95513711126479706, -0.4550386320751173552, -9.758315403681883993 ) ) ;
#1312 = CARTESIAN_POINT ( 'NONE',  ( -12.17862764285256461, 7.444160823866663002, 2.186531544447294806 ) ) ;
#1313 = CARTESIAN_POINT ( 'NONE',  ( 4.374611876578857306, 7.776680880404743590, -6.289153131782294182 ) ) ;
#1314 = CARTESIAN_POINT ( 'NONE',  ( 4.656155074866180854, 8.300295411227990527, -13.65353439024021220 ) ) ;
#1315 = EDGE_LOOP ( 'NONE', ( #2410, #5163, #5528 ) ) ;
#1316 = DIRECTION ( 'NONE',  ( 0.8660254038107424446, -0.4999999999544408880, -5.010050784188145512E-17 ) ) ;
#1317 = CARTESIAN_POINT ( 'NONE',  ( 4.999999999999999112, -5.000201960299634152, -9.749999997787799799 ) ) ;
#1318 = CARTESIAN_POINT ( 'NONE',  ( -4.620437259198910240, 8.317813007915763279, -13.65353439024018556 ) ) ;
#1319 = EDGE_CURVE ( 'NONE', #2115, #4411, #1834, .T. ) ;
#1320 = CARTESIAN_POINT ( 'NONE',  ( 10.58023040728218334, 0.03784209484326137019, -12.04566711055482919 ) ) ;
#1321 = CARTESIAN_POINT ( 'NONE',  ( -10.32757714754419709, -0.1007788461628061072, -12.25924539690373294 ) ) ;
#1322 = DIRECTION ( 'NONE',  ( 1.000000000000000000, 0.000000000000000000, 0.000000000000000000 ) ) ;
#1323 = CARTESIAN_POINT ( 'NONE',  ( -3.054417352345545567, -2.770842931592299330, 14.90075911844934176 ) ) ;
#1324 = ORIENTED_EDGE ( 'NONE', *, *, #5606, .T. ) ;
#1325 = CARTESIAN_POINT ( 'NONE',  ( -2.834531835411749245, -10.78866325426070460, 11.03005007641327317 ) ) ;
#1326 = CARTESIAN_POINT ( 'NONE',  ( 12.24999999999989697, -0.03345460535061310636, -9.323645667143976468 ) ) ;
#1327 = CYLINDRICAL_SURFACE ( 'NONE', #3523, 7.750000000000000000 ) ;
#1328 = VERTEX_POINT ( 'NONE', #485 ) ;
#1329 = CARTESIAN_POINT ( 'NONE',  ( 11.97115296434013132, 0.000000000000000000, -9.794801864921526047 ) ) ;
#1330 = ADVANCED_FACE ( 'NONE', ( #532 ), #164, .T. ) ;
#1331 = CARTESIAN_POINT ( 'NONE',  ( -12.25000000000258460, -3.818265358101747609, -7.218900576396120705 ) ) ;
#1332 = FACE_OUTER_BOUND ( 'NONE', #3351, .T. ) ;
#1333 = DIRECTION ( 'NONE',  ( 1.000000000000000000, 0.000000000000000000, -1.095185450775958527E-16 ) ) ;
#1334 = CARTESIAN_POINT ( 'NONE',  ( -12.25000000000054889, -0.1643091259478189348, 9.093578974684108474 ) ) ;
#1335 = CARTESIAN_POINT ( 'NONE',  ( 3.797213619550939168, 6.576966916254566087, 13.40799355303542839 ) ) ;
#1336 = CARTESIAN_POINT ( 'NONE',  ( -12.15859862240276712, 7.721045247610430096, 0.7630058607922033387 ) ) ;
#1337 = DIRECTION ( 'NONE',  ( 0.000000000000000000, 0.000000000000000000, 1.000000000000000000 ) ) ;
#1338 = CARTESIAN_POINT ( 'NONE',  ( 4.993960386364847182, 8.793246100638317131, -12.75820576428513320 ) ) ;
#1339 = ORIENTED_EDGE ( 'NONE', *, *, #5004, .T. ) ;
#1340 = CARTESIAN_POINT ( 'NONE',  ( 9.314061575320026876, 5.439786974697157440, 10.41523187449404375 ) ) ;
#1341 = CARTESIAN_POINT ( 'NONE',  ( -9.511476015767819092, 9.769182162352000987, 7.923703456781640675 ) ) ;
#1342 = CARTESIAN_POINT ( 'NONE',  ( -4.542709958140530802, 8.353156566709330377, -13.65353439024037918 ) ) ;
#1343 = CARTESIAN_POINT ( 'NONE',  ( 10.57972783035197395, 0.05291920639297523210, -12.04610701089814917 ) ) ;
#1344 = CARTESIAN_POINT ( 'NONE',  ( 11.94085574722771170, 0.7312998657572578054, -9.698212347551002921 ) ) ;
#1345 = DIRECTION ( 'NONE',  ( 0.000000000000000000, 0.000000000000000000, -1.000000000000000000 ) ) ;
#1346 = CARTESIAN_POINT ( 'NONE',  ( 9.700000000000001066, 5.439786974697151223, 8.390990267537869585 ) ) ;
#1347 = ORIENTED_EDGE ( 'NONE', *, *, #3276, .F. ) ;
#1348 = CARTESIAN_POINT ( 'NONE',  ( 0.000000000000000000, 0.000000000000000000, 15.23975065412817287 ) ) ;
#1349 = CARTESIAN_POINT ( 'NONE',  ( -9.657794948978384753, -2.207267984756219992, -12.52173180057310908 ) ) ;
#1350 = DIRECTION ( 'NONE',  ( -0.000000000000000000, -0.000000000000000000, 1.000000000000000000 ) ) ;
#1351 = CARTESIAN_POINT ( 'NONE',  ( -6.425148615717628964, 5.500863323474692201, -8.930248985325819788 ) ) ;
#1352 = B_SPLINE_CURVE_WITH_KNOTS ( 'NONE', 3,
 ( #4798, #4442, #3887, #1837, #1757, #1732, #2263, #2211, #880, #3455, #1311, #3507, #907, #4391 ),
 .UNSPECIFIED., .F., .F.,
 ( 4, 2, 2, 2, 2, 2, 4 ),
 ( -5.992351344320962706E-08, 0.001365244396650736828, 0.002730548716814919230, 0.004095853036979102066, 0.004778505197061194351, 0.005119831277102240494, 0.005461157357143285769 ),
 .UNSPECIFIED. ) ;
#1353 = VERTEX_POINT ( 'NONE', #1898 ) ;
#1354 = EDGE_CURVE ( 'NONE', #5269, #1408, #1632, .T. ) ;
#1355 = CARTESIAN_POINT ( 'NONE',  ( 12.24999999999999112, 0.1912307433742245766, -8.744442436816639130 ) ) ;
#1356 = CARTESIAN_POINT ( 'NONE',  ( 7.877395132227253960, -5.382034304192369056, -12.71263725140641654 ) ) ;
#1357 = VECTOR ( 'NONE', #4669, 1000.000000000000000 ) ;
#1358 = CARTESIAN_POINT ( 'NONE',  ( -10.34961971017871818, 4.945898169634340189E-16, -12.24063838753781219 ) ) ;
#1359 = EDGE_CURVE ( 'NONE', #3997, #1378, #2242, .T. ) ;
#1360 = CARTESIAN_POINT ( 'NONE',  ( -11.92208125931172269, -7.463460179542766859, 3.913058631913101326 ) ) ;
#1361 = CARTESIAN_POINT ( 'NONE',  ( 6.608048967339387403, 11.44547655033456479, 7.923703456781640675 ) ) ;
#1362 = SURFACE_STYLE_USAGE ( .BOTH. , #5253 ) ;
#1363 = CARTESIAN_POINT ( 'NONE',  ( -7.029418785840034545, -12.17531048475413691, -6.025986191255825908 ) ) ;
#1364 = CARTESIAN_POINT ( 'NONE',  ( 4.223171334864621151, 7.314747321054052343, -13.65353439024022109 ) ) ;
#1365 = B_SPLINE_CURVE_WITH_KNOTS ( 'NONE', 3,
 ( #1045, #2404, #1550, #3765, #2034, #674, #2860, #5474, #1156, #4619, #4128, #3333 ),
 .UNSPECIFIED., .F., .F.,
 ( 4, 2, 2, 2, 2, 4 ),
 ( 8.716877585302701703E-18, 0.0007871295686970121355, 0.001574259137394015597, 0.002361388706091019276, 0.002754953490439519814, 0.003148518274788021220 ),
 .UNSPECIFIED. ) ;
#1366 = CARTESIAN_POINT ( 'NONE',  ( 0.000000000000000000, -15.04274960149093410, 0.000000000000000000 ) ) ;
#1367 = CARTESIAN_POINT ( 'NONE',  ( 10.74363129832245356, 0.1324072820885272561, -11.79026653059679575 ) ) ;
#1368 = CARTESIAN_POINT ( 'NONE',  ( -4.411824529868913380, 8.406126638666384210, -13.65353439024021931 ) ) ;
#1369 = CARTESIAN_POINT ( 'NONE',  ( 10.56892024064231705, 0.7798273099918534568, -11.88938875036407694 ) ) ;
#1370 = CARTESIAN_POINT ( 'NONE',  ( 5.432521516546516160, 6.147090156815476547, -10.74923054280238688 ) ) ;
#1371 = EDGE_LOOP ( 'NONE', ( #2781, #2727, #4164, #2177, #3156, #5543, #5467, #4969, #3207, #4453 ) ) ;
#1372 = AXIS2_PLACEMENT_3D ( 'NONE', #1886, #2337, #4872 ) ;
#1373 = ORIENTED_EDGE ( 'NONE', *, *, #519, .T. ) ;
#1374 = CARTESIAN_POINT ( 'NONE',  ( -10.34955087984043409, 0.003256829401971254173, -12.24069658478960498 ) ) ;
#1375 = CARTESIAN_POINT ( 'NONE',  ( -15.40468664080962569, 17.31243405050479112, -13.65353439024021398 ) ) ;
#1376 = CARTESIAN_POINT ( 'NONE',  ( 9.700000000000001066, -15.04274960149093410, 2.999999999999999556 ) ) ;
#1377 = CARTESIAN_POINT ( 'NONE',  ( 9.700000000000001066, -4.841229186757587399, -8.749999997787799799 ) ) ;
#1378 = VERTEX_POINT ( 'NONE', #4880 ) ;
#1379 = EDGE_LOOP ( 'NONE', ( #144, #22, #2546, #3148, #4050 ) ) ;
#1380 = CARTESIAN_POINT ( 'NONE',  ( -11.86403728782969580, 5.517483518364981521, -6.338056621974440752 ) ) ;
#1381 = CARTESIAN_POINT ( 'NONE',  ( 11.89703861437874366, -5.495318315338707293, 6.796001958995370629 ) ) ;
#1382 = VECTOR ( 'NONE', #2463, 1000.000000000000000 ) ;
#1383 = CARTESIAN_POINT ( 'NONE',  ( 11.88511561823192864, 5.439786974697151223, 6.875133882708030164 ) ) ;
#1384 = EDGE_CURVE ( 'NONE', #3660, #145, #5108, .T. ) ;
#1385 = CARTESIAN_POINT ( 'NONE',  ( -12.24999999999999289, -3.356751618460892761, 7.116301047872236829 ) ) ;
#1386 = CARTESIAN_POINT ( 'NONE',  ( -12.24999999999860734, -5.924723973487703077, 5.549386922526106325 ) ) ;
#1387 = EDGE_CURVE ( 'NONE', #2023, #370, #2660, .T. ) ;
#1388 = CARTESIAN_POINT ( 'NONE',  ( 5.143341490028029206, 8.908528781405321340, -12.49712237659163527 ) ) ;
#1389 = CARTESIAN_POINT ( 'NONE',  ( -12.25000000000000888, 3.935426120125327110, 6.676445255750650176 ) ) ;
#1390 = CARTESIAN_POINT ( 'NONE',  ( -6.520726147118396376, 4.332772238813500820, -13.65353439024021576 ) ) ;
#1391 = FACE_OUTER_BOUND ( 'NONE', #3105, .T. ) ;
#1392 = CARTESIAN_POINT ( 'NONE',  ( 10.62353645054495921, 0.6422103134006394987, -11.85349433152368981 ) ) ;
#1393 = CARTESIAN_POINT ( 'NONE',  ( 4.227738877524171990, -7.311951271664613117, -13.65353439024022641 ) ) ;
#1394 = CARTESIAN_POINT ( 'NONE',  ( -4.800577101827606441, 8.220450989154127086, -13.65353439024018556 ) ) ;
#1395 = CARTESIAN_POINT ( 'NONE',  ( -4.210775960002447249, 7.321262176337964611, -13.65353439024021576 ) ) ;
#1396 =( BOUNDED_SURFACE ( )  B_SPLINE_SURFACE ( 3, 2, ( 
 ( #3403, #2923, #2133 ),
 ( #766, #882, #5204 ),
 ( #1313, #5605, #5176 ),
 ( #3890, #2528, #3917 ),
 ( #4340, #5574, #1282 ),
 ( #457, #3800, #795 ),
 ( #4257, #3010, #5 ),
 ( #1648, #2980, #2498 ),
 ( #3039, #2186, #368 ),
 ( #2617, #4224, #335 ),
 ( #1733, #2102, #32 ),
 ( #1759, #3483, #5540 ),
 ( #3373, #5120, #1224 ),
 ( #2951, #4713, #3833 ) ),
 .UNSPECIFIED., .F., .F., .T. ) 
 B_SPLINE_SURFACE_WITH_KNOTS ( ( 4, 2, 2, 2, 2, 2, 4 ),
 ( 3, 3 ),
 ( 0.000000000000000000, 0.003314368015889628417, 0.004971552023834442842, 0.006628736031779256833, 0.009943104047668885684, 0.01160028805561369968, 0.01325747206355851367 ),
 ( 0.000000000000000000, 1.000000000000000000 ),
 .UNSPECIFIED. ) 
 GEOMETRIC_REPRESENTATION_ITEM ( )  RATIONAL_B_SPLINE_SURFACE ( (
 ( 1.000000000000000000, 0.9247106599772861868, 1.000000000000000000),
 ( 1.000000000000000000, 0.9327414096884423245, 1.000000000000000000),
 ( 1.000000000000000000, 0.9390219214042343499, 1.000000000000000000),
 ( 1.000000000000000000, 0.9454753734896526041, 1.000000000000000000),
 ( 1.000000000000000000, 0.9471309453510629028, 1.000000000000000000),
 ( 1.000000000000000000, 0.9493631384167332543, 1.000000000000000000),
 ( 1.000000000000000000, 0.9499197112759886208, 1.000000000000000000),
 ( 1.000000000000000000, 0.9499181394938140954, 1.000000000000000000),
 ( 1.000000000000000000, 0.9477142725263750789, 1.000000000000000000),
 ( 1.000000000000000000, 0.9412604039894768571, 1.000000000000000000),
 ( 1.000000000000000000, 0.9385824688009211103, 1.000000000000000000),
 ( 1.000000000000000000, 0.9323232323089168938, 1.000000000000000000),
 ( 1.000000000000000000, 0.9287324921639997788, 1.000000000000000000),
 ( 1.000000000000000000, 0.9247106599772860758, 1.000000000000000000) ) ) 
 REPRESENTATION_ITEM ( '' )  SURFACE ( )  );
#1397 = EDGE_CURVE ( 'NONE', #4051, #514, #5494, .T. ) ;
#1398 = CARTESIAN_POINT ( 'NONE',  ( 11.93207767869336955, 0.9075507671260472087, -9.642612690866844360 ) ) ;
#1399 = CARTESIAN_POINT ( 'NONE',  ( -4.545452347579737484, -8.986597088990047055, -12.74648022260817903 ) ) ;
#1400 = ORIENTED_EDGE ( 'NONE', *, *, #3118, .T. ) ;
#1401 = ORIENTED_EDGE ( 'NONE', *, *, #5246, .T. ) ;
#1402 = CARTESIAN_POINT ( 'NONE',  ( -10.34588297139556445, 0.03216240447455438051, -12.24379698961253382 ) ) ;
#1403 = DIRECTION ( 'NONE',  ( -0.000000000000000000, -1.002010156928930384E-16, 1.000000000000000000 ) ) ;
#1404 = CARTESIAN_POINT ( 'NONE',  ( -9.467273868685287752, -1.317929156301156812, -12.93904795776632533 ) ) ;
#1405 = SPHERICAL_SURFACE ( 'NONE', #5193, 2.000000000000000000 ) ;
#1406 = VECTOR ( 'NONE', #1139, 1000.000000000000000 ) ;
#1407 = CARTESIAN_POINT ( 'NONE',  ( -5.000000000000000888, -5.000201960299634152, -9.749999997787799799 ) ) ;
#1408 = VERTEX_POINT ( 'NONE', #3595 ) ;
#1409 = CARTESIAN_POINT ( 'NONE',  ( -11.90796943093199545, 1.468711989529873252, -9.420455860444928220 ) ) ;
#1410 = DIRECTION ( 'NONE',  ( 0.000000000000000000, -0.000000000000000000, -1.000000000000000000 ) ) ;
#1411 = CARTESIAN_POINT ( 'NONE',  ( 11.86311921788939117, 5.439786974686687593, 6.917910327364887202 ) ) ;
#1412 = CARTESIAN_POINT ( 'NONE',  ( -5.320142645905265866, 6.208209691132521080, -10.53596739528260429 ) ) ;
#1413 = CARTESIAN_POINT ( 'NONE',  ( -12.24999999999999112, -3.032369470552455759, 7.323694818399254736 ) ) ;
#1414 = CARTESIAN_POINT ( 'NONE',  ( -11.84418206328989243, -4.858126288791180691, -7.024186188454045521 ) ) ;
#1415 = CARTESIAN_POINT ( 'NONE',  ( 6.284670851385770085, -10.88536922344736624, -8.814338527120410660 ) ) ;
#1416 = CARTESIAN_POINT ( 'NONE',  ( 10.23105531795521550, -1.401105294665599743, -12.12613752417330737 ) ) ;
#1417 = CARTESIAN_POINT ( 'NONE',  ( -10.75000000000000000, 2.999999999999952482, -6.096152422706657248 ) ) ;
#1418 = DIRECTION ( 'NONE',  ( -0.9999999998600221929, -1.673187315634222194E-05, 0.000000000000000000 ) ) ;
#1419 = CARTESIAN_POINT ( 'NONE',  ( 4.223229286496297696, -7.314713783333872676, -13.65353439024021576 ) ) ;
#1420 = CARTESIAN_POINT ( 'NONE',  ( -4.292908517321186501, 7.265081965362123917, -13.65353439024022109 ) ) ;
#1421 = CARTESIAN_POINT ( 'NONE',  ( -4.728558941194412668, 8.262313279475653971, -13.65353439024017490 ) ) ;
#1422 = CARTESIAN_POINT ( 'NONE',  ( 5.963847856696756544, 5.700848722267759072, -12.08225151887428339 ) ) ;
#1423 = ORIENTED_EDGE ( 'NONE', *, *, #3928, .T. ) ;
#1424 = ORIENTED_EDGE ( 'NONE', *, *, #3575, .T. ) ;
#1425 = CARTESIAN_POINT ( 'NONE',  ( -10.34923319146077958, 0.008115750077094450315, -12.24096518527428934 ) ) ;
#1426 = ADVANCED_FACE ( 'NONE', ( #1442 ), #5086, .T. ) ;
#1427 = CARTESIAN_POINT ( 'NONE',  ( -5.000000000000000888, -5.000201960299634152, -11.74999999778779980 ) ) ;
#1428 = CARTESIAN_POINT ( 'NONE',  ( -10.31668266687111313, -0.1303915989068267223, -12.26841816694936682 ) ) ;
#1429 = LINE ( 'NONE', #1377, #2731 ) ;
#1430 = CARTESIAN_POINT ( 'NONE',  ( 9.700000000000002842, 0.000000000000000000, -1.062329887252679946E-15 ) ) ;
#1431 = DIRECTION ( 'NONE',  ( 0.000000000000000000, 1.002010156928930384E-16, -1.000000000000000000 ) ) ;
#1432 = EDGE_LOOP ( 'NONE', ( #1119, #1651, #2658, #196, #4701, #2633, #5042, #1085, #2300 ) ) ;
#1433 = CARTESIAN_POINT ( 'NONE',  ( -12.24999999999973888, 0.9375743612146630879, -8.434348495628610110 ) ) ;
#1434 = LINE ( 'NONE', #4466, #4817 ) ;
#1435 = CARTESIAN_POINT ( 'NONE',  ( -3.811272669112542921, -7.458001258690185153, -13.65353439024020155 ) ) ;
#1436 = CARTESIAN_POINT ( 'NONE',  ( -8.249999999999998224, 0.000000000000000000, 9.035279968901654336E-16 ) ) ;
#1437 = CARTESIAN_POINT ( 'NONE',  ( -12.24999999999999822, -6.797037725092974547, 2.532631477033332246 ) ) ;
#1438 = CARTESIAN_POINT ( 'NONE',  ( 6.401606370864106665, 4.776421714441963395, -13.65031664903179909 ) ) ;
#1439 = CARTESIAN_POINT ( 'NONE',  ( -6.284670851385762091, -10.88536922344735380, -8.814338527120403555 ) ) ;
#1440 = CARTESIAN_POINT ( 'NONE',  ( 9.868010243984501884, -1.941332655529367734, -12.38037829849155713 ) ) ;
#1441 = CARTESIAN_POINT ( 'NONE',  ( 11.13587938142509870, 4.263447950081470594, -9.045607308353936560 ) ) ;
#1442 = FACE_OUTER_BOUND ( 'NONE', #2909, .T. ) ;
#1443 = CARTESIAN_POINT ( 'NONE',  ( 5.110830659400646070, -8.726059330244481771, -12.75830848287128028 ) ) ;
#1444 = CARTESIAN_POINT ( 'NONE',  ( -4.819179100414006101, 8.208936181364284934, -13.65353439024023352 ) ) ;
#1445 = CARTESIAN_POINT ( 'NONE',  ( 2.624629484726977768, 8.787084024948335070, -13.65353439024052129 ) ) ;
#1446 = CARTESIAN_POINT ( 'NONE',  ( 7.594427239101724680, 0.000000000000000000, 13.40799355303542839 ) ) ;
#1447 = EDGE_CURVE ( 'NONE', #459, #3099, #1365, .T. ) ;
#1448 = ORIENTED_EDGE ( 'NONE', *, *, #2942, .F. ) ;
#1449 = EDGE_LOOP ( 'NONE', ( #5011, #3528, #952, #723, #4942, #5449, #4802 ) ) ;
#1450 = CARTESIAN_POINT ( 'NONE',  ( 6.110147721554118228, 5.693173383423380862, -10.72765913594991360 ) ) ;
#1451 = CARTESIAN_POINT ( 'NONE',  ( 12.25000000000000178, -1.412905138963842511, -8.158562772796743801 ) ) ;
#1452 = CARTESIAN_POINT ( 'NONE',  ( 5.166467422820642419, 8.690882290887396167, -12.75731624499001526 ) ) ;
#1453 = CARTESIAN_POINT ( 'NONE',  ( -5.864377309647980319, 5.811152444262057237, -11.78613678101831574 ) ) ;
#1454 = EDGE_CURVE ( 'NONE', #2423, #5068, #1580, .T. ) ;
#1455 = CARTESIAN_POINT ( 'NONE',  ( -11.93048079643145876, 7.713878313926255892, 3.239698050991141276 ) ) ;
#1456 = EDGE_LOOP ( 'NONE', ( #2299, #1303, #2607, #4384, #3970 ) ) ;
#1457 = VERTEX_POINT ( 'NONE', #215 ) ;
#1458 = CARTESIAN_POINT ( 'NONE',  ( -12.24999999999869971, 6.786282365542037454, 4.179118011758958140 ) ) ;
#1459 = CARTESIAN_POINT ( 'NONE',  ( -8.249999999999998224, -6.000000000000000000, 9.035279968901654336E-16 ) ) ;
#1460 = CARTESIAN_POINT ( 'NONE',  ( 8.925446771053765715, 1.892881048235015795, -13.31481341276963093 ) ) ;
#1461 = CIRCLE ( 'NONE', #4636, 17.35143634042886518 ) ;
#1462 = CARTESIAN_POINT ( 'NONE',  ( 4.223171334864621151, -7.314747321054031914, -13.65353439024021576 ) ) ;
#1463 = VECTOR ( 'NONE', #2409, 1000.000000000000000 ) ;
#1464 = CARTESIAN_POINT ( 'NONE',  ( -12.25000000000043343, -7.492846110325135811, 2.183570061869800849 ) ) ;
#1465 = FACE_OUTER_BOUND ( 'NONE', #2204, .T. ) ;
#1466 =( NAMED_UNIT ( * ) SI_UNIT ( $, .STERADIAN. ) SOLID_ANGLE_UNIT ( ) );
#1467 = CARTESIAN_POINT ( 'NONE',  ( -5.380261184385633833, -9.318885729346670033, 11.03005007641328028 ) ) ;
#1468 = CARTESIAN_POINT ( 'NONE',  ( 10.64539173356713064, -0.5761764093141796828, -11.84002328904279722 ) ) ;
#1469 = CARTESIAN_POINT ( 'NONE',  ( 10.96857783178240808, 4.642715283365800971, -8.866847996844736457 ) ) ;
#1470 = CARTESIAN_POINT ( 'NONE',  ( 10.08839109847203730, 1.618606831764829224, -12.22639585352260738 ) ) ;
#1471 = CARTESIAN_POINT ( 'NONE',  ( 5.056631844581896296, -8.758343269986623270, -12.75869244000834435 ) ) ;
#1472 = CARTESIAN_POINT ( 'NONE',  ( -5.962660711261296598, 5.226154262961674846, -13.65353439024021043 ) ) ;
#1473 = CARTESIAN_POINT ( 'NONE',  ( 2.499847315008930870, 7.690188139975300707, -13.65353439024021220 ) ) ;
#1474 = CARTESIAN_POINT ( 'NONE',  ( 10.20315954920653212, 11.42196749010450851, -3.557211016089472988 ) ) ;
#1475 = ORIENTED_EDGE ( 'NONE', *, *, #3928, .F. ) ;
#1476 = VERTEX_POINT ( 'NONE', #1496 ) ;
#1477 = CARTESIAN_POINT ( 'NONE',  ( -10.73844185947024599, 0.1397448662479667258, -11.79088311944419232 ) ) ;
#1478 = CARTESIAN_POINT ( 'NONE',  ( 12.24999999999999822, -0.04892783381373585344, -8.772799718689212156 ) ) ;
#1479 = CARTESIAN_POINT ( 'NONE',  ( 5.216532879139476719, 8.657477175374010514, -12.75607494249301155 ) ) ;
#1480 = CARTESIAN_POINT ( 'NONE',  ( -4.775950416644548113, -8.235238291849984904, -13.65353439024021753 ) ) ;
#1481 = CARTESIAN_POINT ( 'NONE',  ( -11.79718678967477885, 1.817202407623354610, 9.319266146581425048 ) ) ;
#1482 = ORIENTED_EDGE ( 'NONE', *, *, #3771, .T. ) ;
#1483 = ORIENTED_EDGE ( 'NONE', *, *, #492, .T. ) ;
#1484 = CARTESIAN_POINT ( 'NONE',  ( -12.24999999999999467, 6.249166472711967124, 3.898562288402558806 ) ) ;
#1485 = DIRECTION ( 'NONE',  ( -1.000000000000000000, 0.000000000000000000, 1.095185450775958527E-16 ) ) ;
#1486 = CARTESIAN_POINT ( 'NONE',  ( -7.702343320404687610, 13.34084996827997571, 0.3811111474512781094 ) ) ;
#1487 = DIRECTION ( 'NONE',  ( -0.000000000000000000, -0.000000000000000000, 1.000000000000000000 ) ) ;
#1488 = CIRCLE ( 'NONE', #4670, 1.999999999999974021 ) ;
#1489 = EDGE_CURVE ( 'NONE', #2280, #4077, #1998, .T. ) ;
#1490 = CARTESIAN_POINT ( 'NONE',  ( 11.51480605043466809, 7.551171033763070639, -4.479234077477485698 ) ) ;
#1491 = CARTESIAN_POINT ( 'NONE',  ( -11.89170747310526544, -6.398809418643571334, -5.234621163765529772 ) ) ;
#1492 = CARTESIAN_POINT ( 'NONE',  ( 10.74251676775912934, 0.06615366239088857347, -11.79021649192945809 ) ) ;
#1493 = CARTESIAN_POINT ( 'NONE',  ( 10.34961971017876436, 2.400368524960634128E-15, -12.24063838753777844 ) ) ;
#1494 = CARTESIAN_POINT ( 'NONE',  ( 9.203409378098164950, -1.603727358503453493, -13.12848406840655002 ) ) ;
#1495 = CARTESIAN_POINT ( 'NONE',  ( 5.931743280077585112, 5.995285538327705943, -8.228212963447106176 ) ) ;
#1496 = CARTESIAN_POINT ( 'NONE',  ( -11.83939292608129534, 4.690075573116792462, -7.180558267449481669 ) ) ;
#1497 = CARTESIAN_POINT ( 'NONE',  ( -5.292346076658283494, 8.603744890578710169, -12.75379707218906766 ) ) ;
#1498 = CARTESIAN_POINT ( 'NONE',  ( 3.381473005782615893, 7.555867214439252244, -13.65353439024021220 ) ) ;
#1499 = CARTESIAN_POINT ( 'NONE',  ( 10.62511468079668120, -0.6387652715610835363, -11.85252560948745959 ) ) ;
#1500 = ORIENTED_EDGE ( 'NONE', *, *, #1384, .T. ) ;
#1501 = ORIENTED_EDGE ( 'NONE', *, *, #165, .F. ) ;
#1502 = CARTESIAN_POINT ( 'NONE',  ( 4.359090993427106042, -7.210878658060829061, -13.65353439024021220 ) ) ;
#1503 = CARTESIAN_POINT ( 'NONE',  ( 11.92585062854462308, -1.043322619131274553, -9.596601706205383664 ) ) ;
#1504 = CARTESIAN_POINT ( 'NONE',  ( -6.335548272093892486, 4.996124101430186037, 0.000000000000000000 ) ) ;
#1505 = CARTESIAN_POINT ( 'NONE',  ( -5.092880564736486093, -8.736975851717545538, -12.75851446231792607 ) ) ;
#1506 = LINE ( 'NONE', #4948, #4176 ) ;
#1507 = ORIENTED_EDGE ( 'NONE', *, *, #4306, .F. ) ;
#1508 = ORIENTED_EDGE ( 'NONE', *, *, #3176, .F. ) ;
#1509 = CARTESIAN_POINT ( 'NONE',  ( -12.24999999999913491, 4.878663077824947791, 6.750652940158216708 ) ) ;
#1510 = CARTESIAN_POINT ( 'NONE',  ( -8.249999999999998224, 2.999999999999952482, -5.196152422706657781 ) ) ;
#1511 = CARTESIAN_POINT ( 'NONE',  ( -8.249999999999998224, 2.999999999999952482, -6.096152422706657248 ) ) ;
#1512 = CARTESIAN_POINT ( 'NONE',  ( 4.218251516698042103, -7.317428432351373857, -13.65353439024021576 ) ) ;
#1513 = EDGE_CURVE ( 'NONE', #5429, #220, #3631, .T. ) ;
#1514 = CARTESIAN_POINT ( 'NONE',  ( 11.66332850050595837, 5.123989065057537928, -7.101903004793011398 ) ) ;
#1515 = CARTESIAN_POINT ( 'NONE',  ( -12.25000000000043698, -7.377672257223214736, -2.062111634621798029 ) ) ;
#1516 = CARTESIAN_POINT ( 'NONE',  ( -7.811825646387157818, 1.894127441243147469, -11.65353439024021220 ) ) ;
#1517 = CARTESIAN_POINT ( 'NONE',  ( -8.849066166962114011, -3.655454115036034679, -12.71366326493963861 ) ) ;
#1518 = CARTESIAN_POINT ( 'NONE',  ( -6.721382341950564054, 3.466819506664655215, -4.391867408665992123 ) ) ;
#1519 = ADVANCED_FACE ( 'NONE', ( #4589 ), #243, .T. ) ;
#1520 = CARTESIAN_POINT ( 'NONE',  ( 10.73844185947022112, -0.1397448662479759962, -11.79088311944422252 ) ) ;
#1521 = CARTESIAN_POINT ( 'NONE',  ( -11.96068773882954694, 0.3413984321831263213, -9.774226502705861463 ) ) ;
#1522 = CARTESIAN_POINT ( 'NONE',  ( -10.34954603730382061, -0.003296316521464876578, -12.24070067922662020 ) ) ;
#1523 = CARTESIAN_POINT ( 'NONE',  ( 3.698723306798041843, 9.211858943532245547, -12.72962060520644201 ) ) ;
#1524 = CARTESIAN_POINT ( 'NONE',  ( 1.308978015128889894, -0.000000000000000000, 15.23975065412817465 ) ) ;
#1525 = CIRCLE ( 'NONE', #985, 1.999999999999999778 ) ;
#1526 = EDGE_LOOP ( 'NONE', ( #3496, #51, #1877, #3949, #4259, #592, #1603, #520 ) ) ;
#1527 = ORIENTED_EDGE ( 'NONE', *, *, #624, .F. ) ;
#1528 = CARTESIAN_POINT ( 'NONE',  ( -1.040834085586067533E-14, 1.802777518484600698E-14, -24.76024934587180937 ) ) ;
#1529 = MANIFOLD_SOLID_BREP ( '基体零件-主体实体-1', #2225 ) ;
#1530 = CARTESIAN_POINT ( 'NONE',  ( 11.91841444758739499, -1.216661828200865436, -9.525966785417956828 ) ) ;
#1531 = CARTESIAN_POINT ( 'NONE',  ( 5.072829730936115666, 8.748902464405194479, -12.75865575431045151 ) ) ;
#1532 = CARTESIAN_POINT ( 'NONE',  ( -4.258689268453272447, -7.290871110986887338, -13.65353439024022286 ) ) ;
#1533 = CARTESIAN_POINT ( 'NONE',  ( -11.92972507665276716, 7.556487905145388595, -3.056546774411405210 ) ) ;
#1534 = CARTESIAN_POINT ( 'NONE',  ( 3.747541448891205551, -6.490932192949887991, -16.56226468677082053 ) ) ;
#1535 = ORIENTED_EDGE ( 'NONE', *, *, #1256, .T. ) ;
#1536 = CARTESIAN_POINT ( 'NONE',  ( -11.82252862864096699, 3.687710216289863840, 8.371499125680180953 ) ) ;
#1537 = CARTESIAN_POINT ( 'NONE',  ( -9.748300865147983885, 1.645105821427104154, -12.73298106730534585 ) ) ;
#1538 = CARTESIAN_POINT ( 'NONE',  ( -4.185019065842861430, -7.336774543843962881, -13.65353439024021398 ) ) ;
#1539 = CARTESIAN_POINT ( 'NONE',  ( 4.759994579516857449, -8.244552455475691488, -13.65353439024021576 ) ) ;
#1540 = ORIENTED_EDGE ( 'NONE', *, *, #425, .F. ) ;
#1541 = CARTESIAN_POINT ( 'NONE',  ( 11.64267409161189093, 8.401309335509280274, 2.471699728000553264 ) ) ;
#1542 = ADVANCED_FACE ( 'NONE', ( #1071 ), #49, .T. ) ;
#1543 = CARTESIAN_POINT ( 'NONE',  ( -12.25000000000022737, -6.539939355264878351, -4.027098802170530512 ) ) ;
#1544 = CIRCLE ( 'NONE', #4732, 1.999999999999999778 ) ;
#1545 = CARTESIAN_POINT ( 'NONE',  ( 6.357123196948250234E-16, -10.28104244438774550, -13.65353439024021753 ) ) ;
#1546 = CARTESIAN_POINT ( 'NONE',  ( -7.376325680130825901, -6.163478718427099601, -12.71458002275781141 ) ) ;
#1547 = CARTESIAN_POINT ( 'NONE',  ( -6.809081694305791466, 2.999999999999951594, -6.096152422706657248 ) ) ;
#1548 = CARTESIAN_POINT ( 'NONE',  ( 5.327780201801843418, -6.210511743563494669, -7.838508110590668210 ) ) ;
#1549 = CARTESIAN_POINT ( 'NONE',  ( -12.24999999999992539, 0.02739577510487659420, -9.323645899891905842 ) ) ;
#1550 = CARTESIAN_POINT ( 'NONE',  ( -9.658130641270346928, 2.208409577447394856, -12.52138225853060938 ) ) ;
#1551 = DIRECTION ( 'NONE',  ( 1.000000000000000000, 0.000000000000000000, 0.000000000000000000 ) ) ;
#1552 = VECTOR ( 'NONE', #2062, 1000.000000000000000 ) ;
#1553 = CARTESIAN_POINT ( 'NONE',  ( -2.673521135079582223, 9.374512116385693261, -12.71944432217244803 ) ) ;
#1554 = CARTESIAN_POINT ( 'NONE',  ( 13.21609793467850658, 3.352588775965451351, 7.923703456781640675 ) ) ;
#1555 = CARTESIAN_POINT ( 'NONE',  ( -3.540567915631146256, 7.524920194366747417, -13.65353439024021931 ) ) ;
#1556 = EDGE_LOOP ( 'NONE', ( #5371, #3743, #4114, #601, #3578 ) ) ;
#1557 = ORIENTED_EDGE ( 'NONE', *, *, #4237, .F. ) ;
#1558 = CARTESIAN_POINT ( 'NONE',  ( -4.062264606240036713, -7.381817513031785793, -13.65353439024022286 ) ) ;
#1559 = CARTESIAN_POINT ( 'NONE',  ( 6.565270244325377647, -6.310765802798485424, -13.65353439024257831 ) ) ;
#1560 = EDGE_CURVE ( 'NONE', #838, #2881, #636, .T. ) ;
#1561 = CIRCLE ( 'NONE', #3913, 17.35143634042885807 ) ;
#1562 = CARTESIAN_POINT ( 'NONE',  ( 12.24999999999996447, -0.1149071417672496986, -9.319965398522329636 ) ) ;
#1563 = CARTESIAN_POINT ( 'NONE',  ( 4.775950416644571206, 8.235238291849976022, -13.65353439024021043 ) ) ;
#1564 = CARTESIAN_POINT ( 'NONE',  ( -4.224322856417386696, -7.314064395708015809, -13.65353439024021931 ) ) ;
#1565 = CARTESIAN_POINT ( 'NONE',  ( -11.90276270293682259, 6.737988669714284562, -4.704821356001762211 ) ) ;
#1566 = CARTESIAN_POINT ( 'NONE',  ( 8.429569411924076050, -9.647011462136140025, -8.814338527120410660 ) ) ;
#1567 = ORIENTED_EDGE ( 'NONE', *, *, #4037, .F. ) ;
#1568 = CARTESIAN_POINT ( 'NONE',  ( -12.24999999999999467, 7.038574859072213918, -0.9530575318749581193 ) ) ;
#1569 = CARTESIAN_POINT ( 'NONE',  ( -10.23105531795505030, 1.401105294665260237, -12.12613752417376389 ) ) ;
#1570 = DIRECTION ( 'NONE',  ( -0.000000000000000000, -0.000000000000000000, 1.000000000000000000 ) ) ;
#1571 = CARTESIAN_POINT ( 'NONE',  ( 5.009447048135853287, -8.784847646534606369, -12.75840380286775400 ) ) ;
#1572 = ORIENTED_EDGE ( 'NONE', *, *, #1840, .F. ) ;
#1573 = CARTESIAN_POINT ( 'NONE',  ( 11.59201602887716120, 8.750430687840227151, 0.3523235398387929429 ) ) ;
#1574 = CARTESIAN_POINT ( 'NONE',  ( -12.25000000000000355, -4.669808936591469006, -5.514944156203020142 ) ) ;
#1575 = PLANE ( 'NONE',  #1719 ) ;
#1576 = CARTESIAN_POINT ( 'NONE',  ( -4.359145675583560475, -7.211058214095290353, -13.65353439024021043 ) ) ;
#1577 = CARTESIAN_POINT ( 'NONE',  ( -12.24999999999999822, -3.937587043073528470, 6.675171029885262897 ) ) ;
#1578 = AXIS2_PLACEMENT_3D ( 'NONE', #3867, #1712, #2899 ) ;
#1579 = CARTESIAN_POINT ( 'NONE',  ( -6.249999999999996447, 0.000000000000000000, 6.844909067349737775E-16 ) ) ;
#1580 = LINE ( 'NONE', #2431, #3514 ) ;
#1581 = CARTESIAN_POINT ( 'NONE',  ( -7.342320367287006988, 2.876888682326089963, -13.65353439024019977 ) ) ;
#1582 = CARTESIAN_POINT ( 'NONE',  ( -7.811825646387161370, -1.892881048235033115, -13.65353439024021576 ) ) ;
#1583 = CARTESIAN_POINT ( 'NONE',  ( -6.237429266538501160, 5.267905502830807940, -13.63684637091799523 ) ) ;
#1584 = CARTESIAN_POINT ( 'NONE',  ( 12.24344062432320079, 0.8235872643283865813, -8.717087114531885561 ) ) ;
#1585 = FACE_OUTER_BOUND ( 'NONE', #813, .T. ) ;
#1586 = VERTEX_POINT ( 'NONE', #1802 ) ;
#1587 = VERTEX_POINT ( 'NONE', #3447 ) ;
#1588 = CARTESIAN_POINT ( 'NONE',  ( -4.601679295797746150, -8.326474549041201101, -13.65353439024022286 ) ) ;
#1589 = CARTESIAN_POINT ( 'NONE',  ( 4.485697280839299417, -7.095747043913002372, -13.65353439024021931 ) ) ;
#1590 = CARTESIAN_POINT ( 'NONE',  ( -6.920002817069284440, 2.281149516940417232, -4.641703124857968987 ) ) ;
#1591 = B_SPLINE_CURVE_WITH_KNOTS ( 'NONE', 3,
 ( #3450, #1754, #2180, #5323, #1002, #2550, #4460, #2638, #4278, #451, #3059, #5198 ),
 .UNSPECIFIED., .F., .F.,
 ( 4, 2, 2, 2, 2, 4 ),
 ( 0.000000000000000000, 0.0001940217878486870102, 0.0003880435756973740205, 0.0007760871513947477157, 0.001552174302789497383, 0.003104348605578996934 ),
 .UNSPECIFIED. ) ;
#1592 = CARTESIAN_POINT ( 'NONE',  ( 6.565030108377918339, 6.312212930343055639, -13.65353439023974325 ) ) ;
#1593 = CARTESIAN_POINT ( 'NONE',  ( -4.778122220100208040, -8.233955034579070187, -13.65353439024022109 ) ) ;
#1594 = CARTESIAN_POINT ( 'NONE',  ( 6.608048967339227531, -11.44547655033465539, 7.923703456781640675 ) ) ;
#1595 = ADVANCED_FACE ( 'NONE', ( #5245 ), #1205, .T. ) ;
#1596 = CARTESIAN_POINT ( 'NONE',  ( 7.594427239101725569, -2.231787168327705739, 13.40799355303541596 ) ) ;
#1597 = ORIENTED_EDGE ( 'NONE', *, *, #800, .F. ) ;
#1598 = CARTESIAN_POINT ( 'NONE',  ( -4.571618818079239865, -13.59432195775510799, -6.025986191255835678 ) ) ;
#1599 = B_SPLINE_SURFACE_WITH_KNOTS ( 'NONE', 3, 3, ( 
 ( #4628, #4198, #2044, #1528 ),
 ( #3252, #3775, #2927, #771 ),
 ( #2503, #197, #5003, #4749 ),
 ( #4346, #37, #829, #2073 ),
 ( #2138, #3894, #407, #461 ),
 ( #3921, #1763, #5124, #372 ),
 ( #2106, #858, #1737, #3866 ),
 ( #4290, #341, #9, #2190 ),
 ( #3067, #3489, #5610, #4229 ),
 ( #1711, #3461, #3837, #5232 ),
 ( #2165, #4261, #1341, #4718 ),
 ( #4804, #915, #1229, #3805 ),
 ( #3408, #5545, #5578, #2595 ),
 ( #2956, #3434, #2564, #799 ),
 ( #1653, #4689, #3377, #2533 ),
 ( #1685, #5152, #5180, #5209 ) ),
 .UNSPECIFIED., .F., .F., .F.,
 ( 4, 1, 1, 1, 2, 1, 1, 1, 1, 1, 1, 1, 4 ),
 ( 4, 4 ),
 ( 0.000000000000000000, 0.1035893723117354698, 0.2071787446234709396, 0.3107681169352063955, 0.4143574892469418791, 0.4875628030910741373, 0.5607681169352063399, 0.6339734307793387647, 0.7071787446234709673, 0.7803840584676031700, 0.8535893723117353726, 0.9267946861558677973, 1.000000000000000000 ),
 ( 0.000000000000000000, 1.000000000000000000 ),
 .UNSPECIFIED. ) ;
#1600 = CARTESIAN_POINT ( 'NONE',  ( -8.812374492146062721, 3.729670690597925997, -12.71336148916772935 ) ) ;
#1601 = B_SPLINE_CURVE_WITH_KNOTS ( 'NONE', 3,
 ( #1642, #700, #3678, #2033, #5503, #2004, #2430, #4157, #5051, #3368, #1155, #1609, #2945, #5115 ),
 .UNSPECIFIED., .F., .F.,
 ( 4, 2, 2, 2, 2, 2, 4 ),
 ( 1.124438403712916846E-17, 0.001311768642597268848, 0.001967652963895896549, 0.002295595124545211484, 0.002459566204869868301, 0.002541551745032198228, 0.002623537285194528588 ),
 .UNSPECIFIED. ) ;
#1602 = CARTESIAN_POINT ( 'NONE',  ( 4.057923353193504390, -7.383540036639973714, -13.65353439024021576 ) ) ;
#1603 = ORIENTED_EDGE ( 'NONE', *, *, #3529, .T. ) ;
#1604 = CARTESIAN_POINT ( 'NONE',  ( 11.61624191219260815, 8.640870804298886654, 1.423467668848214851 ) ) ;
#1605 = CARTESIAN_POINT ( 'NONE',  ( -11.93358349125730378, -7.678826444099501991, -2.738968602852949186 ) ) ;
#1606 = CARTESIAN_POINT ( 'NONE',  ( -4.223460212719306384, 7.314578174631704677, -13.65353439024021220 ) ) ;
#1607 = CARTESIAN_POINT ( 'NONE',  ( -5.238995150589444982, -7.879354347562886218, -13.65353439024002924 ) ) ;
#1608 = CARTESIAN_POINT ( 'NONE',  ( 9.699999999999999289, -5.767909370094655763, 9.778327513713593433 ) ) ;
#1609 = CARTESIAN_POINT ( 'NONE',  ( 10.34147464704279606, 0.05447161952465171680, -12.24752474045952333 ) ) ;
#1610 = SURFACE_SIDE_STYLE ('',( #2375 ) ) ;
#1611 = CARTESIAN_POINT ( 'NONE',  ( -10.58069684057515580, 2.529560756217576229E-16, -12.04525965420659084 ) ) ;
#1612 = CARTESIAN_POINT ( 'NONE',  ( -11.91337264996977652, -7.203282053464839407, 4.533463299375658728 ) ) ;
#1613 = CARTESIAN_POINT ( 'NONE',  ( 4.143924782723044764, 7.351342289473295821, -13.65353439024020865 ) ) ;
#1614 = CARTESIAN_POINT ( 'NONE',  ( 5.712483715716851762, 5.953467062037285373, -13.64260298707403507 ) ) ;
#1615 = ORIENTED_EDGE ( 'NONE', *, *, #2222, .T. ) ;
#1616 = ORIENTED_EDGE ( 'NONE', *, *, #1387, .T. ) ;
#1617 = CARTESIAN_POINT ( 'NONE',  ( -4.143793920751270399, -7.351010488924718089, -13.65353439024021576 ) ) ;
#1618 = CARTESIAN_POINT ( 'NONE',  ( 4.932844887185662941, -8.132384878484891999, -13.65353439024015358 ) ) ;
#1619 = AXIS2_PLACEMENT_3D ( 'NONE', #3566, #1337, #2671 ) ;
#1620 = CARTESIAN_POINT ( 'NONE',  ( -2.040634876639260575, 8.001898028625292980, -5.999652762699481556 ) ) ;
#1621 = EDGE_CURVE ( 'NONE', #1328, #291, #1858, .T. ) ;
#1622 = DIRECTION ( 'NONE',  ( -0.000000000000000000, -0.000000000000000000, 1.000000000000000000 ) ) ;
#1623 = CARTESIAN_POINT ( 'NONE',  ( -10.29034563261393131, -0.1948905438325673756, -12.29053535049344781 ) ) ;
#1624 = CIRCLE ( 'NONE', #84, 17.35143634042885807 ) ;
#1625 = CARTESIAN_POINT ( 'NONE',  ( 13.21609793467851901, 2.602085213965210642E-15, 7.923703456781644228 ) ) ;
#1626 = CARTESIAN_POINT ( 'NONE',  ( 0.6544890075644422822, -1.133608214096951450, 15.23975065412817465 ) ) ;
#1627 = EDGE_LOOP ( 'NONE', ( #2144, #1615, #2763, #738, #4547, #4509 ) ) ;
#1628 = CARTESIAN_POINT ( 'NONE',  ( -11.80237365323213083, 2.454859704608210791, 9.070182031248487320 ) ) ;
#1629 = CARTESIAN_POINT ( 'NONE',  ( 11.59237861915525336, -8.750183226848578855, 0.3552366679027368912 ) ) ;
#1630 = EDGE_CURVE ( 'NONE', #4789, #1955, #5330, .T. ) ;
#1631 = DIRECTION ( 'NONE',  ( 0.000000000000000000, -0.000000000000000000, -1.000000000000000000 ) ) ;
#1632 = B_SPLINE_CURVE_WITH_KNOTS ( 'NONE', 3,
 ( #5365, #1367, #586, #5284, #1392, #4855, #5258, #1470, #3623, #3992, #3116, #3142 ),
 .UNSPECIFIED., .F., .F.,
 ( 4, 2, 2, 2, 2, 4 ),
 ( -5.999999998019187770E-08, 0.0003971618462302727460, 0.0007943836924605256200, 0.001588827384921033103, 0.002383271077381540152, 0.003177714769842047635 ),
 .UNSPECIFIED. ) ;
#1633 = CARTESIAN_POINT ( 'NONE',  ( 2.838394583256031112, -7.649830609943083282, -13.65353439024021220 ) ) ;
#1634 = ORIENTED_EDGE ( 'NONE', *, *, #5220, .F. ) ;
#1635 = CARTESIAN_POINT ( 'NONE',  ( 0.8720639969053539664, 4.030825228822615180, 14.90075911844933110 ) ) ;
#1636 = EDGE_CURVE ( 'NONE', #1057, #898, #1434, .T. ) ;
#1637 = CARTESIAN_POINT ( 'NONE',  ( 4.223171334864728621, 7.314747321053991058, -13.65353439024021931 ) ) ;
#1638 = DIRECTION ( 'NONE',  ( 0.4106649515939041484, 0.9117863222994609940, 9.136191558929351249E-17 ) ) ;
#1639 = CARTESIAN_POINT ( 'NONE',  ( 7.811825646387161370, 1.892881048235030672, -13.65353439024021576 ) ) ;
#1640 = CARTESIAN_POINT ( 'NONE',  ( 9.700000000000004619, -11.04719380478859314, -2.157574731377157828 ) ) ;
#1641 = AXIS2_PLACEMENT_3D ( 'NONE', #1510, #4953, #4009 ) ;
#1642 = CARTESIAN_POINT ( 'NONE',  ( 8.925446771053765715, 1.892881048235015795, -13.31481341276963093 ) ) ;
#1643 = VECTOR ( 'NONE', #1091, 1000.000000000000000 ) ;
#1644 = CARTESIAN_POINT ( 'NONE',  ( -10.75000000000000000, 2.999999999999952482, -5.196152422706657781 ) ) ;
#1645 = CARTESIAN_POINT ( 'NONE',  ( 4.665827964595442053E-16, 8.081451094055029046E-16, 15.23975065412816754 ) ) ;
#1646 = CARTESIAN_POINT ( 'NONE',  ( -11.81804177632417741, -3.463925927885392220, 8.521523684815267785 ) ) ;
#1647 = CARTESIAN_POINT ( 'NONE',  ( -4.223171334864563420, 7.314747321054063889, -13.65353439024021576 ) ) ;
#1648 = CARTESIAN_POINT ( 'NONE',  ( -1.104430261691105031, 8.046903401335086414, -5.936947502840011381 ) ) ;
#1649 = CARTESIAN_POINT ( 'NONE',  ( 10.28104244438774373, 3.145313323422915607E-15, -11.74999999778779980 ) ) ;
#1650 = AXIS2_PLACEMENT_3D ( 'NONE', #1799, #5267, #4842 ) ;
#1651 = ORIENTED_EDGE ( 'NONE', *, *, #2974, .F. ) ;
#1652 = CARTESIAN_POINT ( 'NONE',  ( -5.039829502242419323, -8.767948505136066828, -12.75865151657516705 ) ) ;
#1653 = CARTESIAN_POINT ( 'NONE',  ( -1.308978015128886785, 9.107298248878237246E-15, 15.23975065412816754 ) ) ;
#1654 = CIRCLE ( 'NONE', #5278, 7.750000000000000000 ) ;
#1655 = CARTESIAN_POINT ( 'NONE',  ( 2.242510053916048296, 7.976079258458300458, -6.031935371246439637 ) ) ;
#1656 = CARTESIAN_POINT ( 'NONE',  ( 5.403428902497583231, 8.518905150206130372, -12.75012358384912758 ) ) ;
#1657 = CARTESIAN_POINT ( 'NONE',  ( -10.34819843832715236, -1.214151159288868298, -12.04271838011662155 ) ) ;
#1658 = CARTESIAN_POINT ( 'NONE',  ( 1.018272516067385114, -0.9235777075360319666, 15.23975065412817287 ) ) ;
#1659 = DIRECTION ( 'NONE',  ( 0.000000000000000000, 1.000000000000000000, 0.000000000000000000 ) ) ;
#1660 = ORIENTED_EDGE ( 'NONE', *, *, #3491, .F. ) ;
#1661 = CARTESIAN_POINT ( 'NONE',  ( -0.6739644181558855918, -1.167340614739577509, -23.48981541844718990 ) ) ;
#1662 = CARTESIAN_POINT ( 'NONE',  ( -7.070393894427975390, -0.0002366018676647132374, -11.74999999778779980 ) ) ;
#1663 = CARTESIAN_POINT ( 'NONE',  ( -8.201400691253578401, -4.839244551548175899, -12.71224979594100368 ) ) ;
#1664 = CARTESIAN_POINT ( 'NONE',  ( 0.7052542284607710155, -7.818570947989892161, -13.65353439024021931 ) ) ;
#1665 = ORIENTED_EDGE ( 'NONE', *, *, #1803, .F. ) ;
#1666 = CARTESIAN_POINT ( 'NONE',  ( -9.968237498453564882, 0.7120706354511872060, -12.55401073685480462 ) ) ;
#1667 = CARTESIAN_POINT ( 'NONE',  ( -4.378742262232811377, 14.56037035697968918, 4.294159011543782434 ) ) ;
#1668 = CARTESIAN_POINT ( 'NONE',  ( -12.24999999999998934, -0.01579753352411326570, -8.775765059590797890 ) ) ;
#1669 = CARTESIAN_POINT ( 'NONE',  ( -4.224092688589519362, 7.314200992609386276, -13.65353439024021576 ) ) ;
#1670 = B_SPLINE_CURVE_WITH_KNOTS ( 'NONE', 3,
 ( #3103, #3178, #1029, #2304, #5322, #3952, #2760, #2278, #4867, #1774 ),
 .UNSPECIFIED., .F., .F.,
 ( 4, 2, 2, 2, 4 ),
 ( -0.003122370542681484566, 7.436514490695997695E-05, 0.003271100832495404519, 0.006467836520083850363, 0.009664572207672297507 ),
 .UNSPECIFIED. ) ;
#1671 = CARTESIAN_POINT ( 'NONE',  ( -4.223171334864563420, 7.314747321054063889, -13.65353439024021576 ) ) ;
#1672 = CARTESIAN_POINT ( 'NONE',  ( 9.700000000000002842, -11.26553207158983660, -1.024684397661919544 ) ) ;
#1673 = EDGE_CURVE ( 'NONE', #5379, #1937, #3559, .T. ) ;
#1674 = CARTESIAN_POINT ( 'NONE',  ( -12.24999999999999822, 5.158327604069859795, -4.968649465743067317 ) ) ;
#1675 = CARTESIAN_POINT ( 'NONE',  ( -3.926829044828248350, 2.580401170515500553E-14, 14.90075911844934353 ) ) ;
#1676 = CARTESIAN_POINT ( 'NONE',  ( -11.86767523534339119, 2.901514520117928431, -8.577647691774618721 ) ) ;
#1677 = CARTESIAN_POINT ( 'NONE',  ( -11.79728433566575063, -0.4630286996366275720, 9.622185155059019834 ) ) ;
#1678 = CARTESIAN_POINT ( 'NONE',  ( 3.811272669111687161, 7.458001258690393875, -13.65353439024021753 ) ) ;
#1679 = B_SPLINE_CURVE_WITH_KNOTS ( 'NONE', 3,
 ( #2556, #5143, #3885, #3937, #364, #1731, #2, #3369, #4740, #3454, #2183, #851 ),
 .UNSPECIFIED., .F., .F.,
 ( 4, 2, 2, 2, 2, 4 ),
 ( 5.774310535657397728E-17, 9.176049053663892590E-05, 0.0001835209810732200909, 0.0003670419621463804965, 0.0007340839242927030966, 0.001468167848585346345 ),
 .UNSPECIFIED. ) ;
#1680 = CARTESIAN_POINT ( 'NONE',  ( -5.500000000000000888, -8.000000000000001776, -6.000000000000000000 ) ) ;
#1681 = CIRCLE ( 'NONE', #1039, 17.35143634042886163 ) ;
#1682 = CARTESIAN_POINT ( 'NONE',  ( 4.999999999999999112, -5.000201960299634152, -9.749999997787799799 ) ) ;
#1683 = VERTEX_POINT ( 'NONE', #3133 ) ;
#1684 = CARTESIAN_POINT ( 'NONE',  ( -4.744848102617390317, -8.253202780813861494, -13.65353439024021931 ) ) ;
#1685 = CARTESIAN_POINT ( 'NONE',  ( 9.331655929190921578E-16, -6.548161810916601900E-30, 15.23975065412816754 ) ) ;
#1686 = CARTESIAN_POINT ( 'NONE',  ( 6.435810131856714911, 7.415863152786455359, -6.708574639902590953 ) ) ;
#1687 = CARTESIAN_POINT ( 'NONE',  ( 7.342103088943338740, 2.876644933314322916, -13.65353439024021220 ) ) ;
#1688 = CARTESIAN_POINT ( 'NONE',  ( -10.57972783035201836, -0.05291920639300434076, -12.04610701089807634 ) ) ;
#1689 = CARTESIAN_POINT ( 'NONE',  ( 7.594427239101724680, -2.168404344971008868E-15, 13.40799355303541596 ) ) ;
#1690 = CARTESIAN_POINT ( 'NONE',  ( -0.6739644181558700486, -1.167340614739570404, -23.48981541844717924 ) ) ;
#1691 = ORIENTED_EDGE ( 'NONE', *, *, #2123, .F. ) ;
#1692 = CARTESIAN_POINT ( 'NONE',  ( 7.029418785840038097, -12.17531048475413868, -6.025986191255825908 ) ) ;
#1693 = CARTESIAN_POINT ( 'NONE',  ( 11.74121694473448230, -4.527589909117970990, -7.496050488072887319 ) ) ;
#1694 = CARTESIAN_POINT ( 'NONE',  ( -4.566073689231720856, -8.980154720498385146, -12.74697962021289932 ) ) ;
#1695 = CARTESIAN_POINT ( 'NONE',  ( -1.434182705460697260, -7.780007013377917779, -13.65353439024021220 ) ) ;
#1696 = VERTEX_POINT ( 'NONE', #2738 ) ;
#1697 = CARTESIAN_POINT ( 'NONE',  ( 4.420249689259576620, -4.420249689259603265, -8.749999997787799799 ) ) ;
#1698 = CARTESIAN_POINT ( 'NONE',  ( 7.399510874385540227, 12.81632878559381972, 4.294159011543763782 ) ) ;
#1699 = CARTESIAN_POINT ( 'NONE',  ( -12.24999999999996803, -0.3060655338267742054, -8.710347852021877557 ) ) ;
#1700 = CARTESIAN_POINT ( 'NONE',  ( -7.811825646387161370, 1.894127441243147247, -13.65353439024021576 ) ) ;
#1701 = CYLINDRICAL_SURFACE ( 'NONE', #2007, 2.000000000000000000 ) ;
#1702 = CARTESIAN_POINT ( 'NONE',  ( -11.92588348608287774, 1.045792722697407306, -9.592495337269157929 ) ) ;
#1703 = CARTESIAN_POINT ( 'NONE',  ( -7.594427239101724680, 5.507747036226362525E-14, 13.40799355303541596 ) ) ;
#1704 = DIRECTION ( 'NONE',  ( 1.000000000000000000, -0.000000000000000000, -1.095185450775958527E-16 ) ) ;
#1705 = EDGE_CURVE ( 'NONE', #2484, #3320, #2359, .T. ) ;
#1706 = DIRECTION ( 'NONE',  ( -0.000000000000000000, -0.000000000000000000, 1.000000000000000000 ) ) ;
#1707 = CARTESIAN_POINT ( 'NONE',  ( 3.200000000000001510, 0.000000000000000000, 0.000000000000000000 ) ) ;
#1708 = CARTESIAN_POINT ( 'NONE',  ( -6.284670851385688373, 10.88536922344739644, -8.814338527120403555 ) ) ;
#1709 = VERTEX_POINT ( 'NONE', #2310 ) ;
#1710 = CARTESIAN_POINT ( 'NONE',  ( 7.811825646387159594, 1.892881048235028230, -11.65353439024021931 ) ) ;
#1711 = CARTESIAN_POINT ( 'NONE',  ( -14.79902174877074472, 1.006139616066548115E-13, 4.294159011543782434 ) ) ;
#1712 = DIRECTION ( 'NONE',  ( -0.4105036910772311698, 0.9118589362461548831, 9.136919158050571691E-17 ) ) ;
#1713 = CARTESIAN_POINT ( 'NONE',  ( 7.376325680131994744, 6.163478718427505498, -12.71458002275590005 ) ) ;
#1714 = CARTESIAN_POINT ( 'NONE',  ( -10.57267306973723109, -0.1363716041002491497, -12.05229205228341094 ) ) ;
#1715 = CARTESIAN_POINT ( 'NONE',  ( 6.284670851385770085, -10.88536922344736624, -8.814338527120410660 ) ) ;
#1716 = CARTESIAN_POINT ( 'NONE',  ( -9.505454790980886415, -9.772658518103577663, 7.923703456781644228 ) ) ;
#1717 = ORIENTED_EDGE ( 'NONE', *, *, #2123, .T. ) ;
#1718 = CARTESIAN_POINT ( 'NONE',  ( 3.574571240571160935, -10.28148099658513637, -12.01109144709618270 ) ) ;
#1719 = AXIS2_PLACEMENT_3D ( 'NONE', #2458, #641, #4153 ) ;
#1720 = CARTESIAN_POINT ( 'NONE',  ( -6.249999999999996447, 0.000000000000000000, 6.844909067349737775E-16 ) ) ;
#1721 = LINE ( 'NONE', #3444, #1357 ) ;
#1722 = CARTESIAN_POINT ( 'NONE',  ( 4.411824529868979106, -8.406126638666433948, -13.65353439023990489 ) ) ;
#1723 = ORIENTED_EDGE ( 'NONE', *, *, #624, .T. ) ;
#1724 = ORIENTED_EDGE ( 'NONE', *, *, #2379, .F. ) ;
#1725 = CARTESIAN_POINT ( 'NONE',  ( 12.25000000000000533, 1.407401335816092613, -8.161637986912147369 ) ) ;
#1726 = CARTESIAN_POINT ( 'NONE',  ( -3.797213619550799280, 6.576966916254646911, 13.40799355303541596 ) ) ;
#1727 = CARTESIAN_POINT ( 'NONE',  ( -12.24999999999999822, -0.08120622196066494547, -9.321929563073924285 ) ) ;
#1728 = CARTESIAN_POINT ( 'NONE',  ( 4.200000000000000178, 5.439786974697152111, 13.58355318891101682 ) ) ;
#1729 = CARTESIAN_POINT ( 'NONE',  ( 9.700000000000001066, -11.27278755360448592, 1.300984395572947649 ) ) ;
#1730 = EDGE_CURVE ( 'NONE', #257, #1912, #3817, .T. ) ;
#1731 = CARTESIAN_POINT ( 'NONE',  ( -4.414449244710912268, -7.162915926552154922, -13.65353439024020865 ) ) ;
#1732 = CARTESIAN_POINT ( 'NONE',  ( -11.88626947700785408, -2.131033523972147403, -9.069509258474589330 ) ) ;
#1733 = CARTESIAN_POINT ( 'NONE',  ( -4.356379987742919013, 7.765581894860829948, -6.301650749465116164 ) ) ;
#1734 = CARTESIAN_POINT ( 'NONE',  ( 4.222872389724166453, 7.314917176126133569, -13.65353439024021220 ) ) ;
#1735 = VERTEX_POINT ( 'NONE', #3669 ) ;
#1736 = CARTESIAN_POINT ( 'NONE',  ( -4.223096769493257518, -7.314790218173885528, -13.65353439024021931 ) ) ;
#1737 = CARTESIAN_POINT ( 'NONE',  ( -9.487218753600854981, 10.75629901175320846, -6.025986191255835678 ) ) ;
#1738 = CARTESIAN_POINT ( 'NONE',  ( -4.908197500552197390, 8.837155188815183138, -12.75651945767300610 ) ) ;
#1739 = CARTESIAN_POINT ( 'NONE',  ( 9.492691869078152322, 1.956000727932976968, -12.92533831447179260 ) ) ;
#1740 = CARTESIAN_POINT ( 'NONE',  ( -9.203127777958542310, -1.602657929219447386, -13.12867283613307201 ) ) ;
#1741 = CIRCLE ( 'NONE', #548, 7.750000000000000000 ) ;
#1742 = CARTESIAN_POINT ( 'NONE',  ( 9.058305623930486661, 1.967488298826076620E-15, -10.71338335622939297 ) ) ;
#1743 = CARTESIAN_POINT ( 'NONE',  ( -8.431462121834121248, -9.645918705560061923, -8.814338527120403555 ) ) ;
#1744 = ORIENTED_EDGE ( 'NONE', *, *, #1513, .F. ) ;
#1745 = EDGE_CURVE ( 'NONE', #537, #4051, #237, .T. ) ;
#1746 = CARTESIAN_POINT ( 'NONE',  ( -6.608048967339308355, -11.44547655033461275, 7.923703456781640675 ) ) ;
#1747 = CARTESIAN_POINT ( 'NONE',  ( -10.72789358071693222, -0.2656739594287880757, -11.79277726963364437 ) ) ;
#1748 = CARTESIAN_POINT ( 'NONE',  ( 5.056631844581895407, -8.758343269986621493, -12.75869244000834613 ) ) ;
#1749 = CARTESIAN_POINT ( 'NONE',  ( -3.906460299842810624, -9.169049128282837913, -12.73258187099334293 ) ) ;
#1750 = ORIENTED_EDGE ( 'NONE', *, *, #4402, .F. ) ;
#1751 = ORIENTED_EDGE ( 'NONE', *, *, #1910, .T. ) ;
#1752 = CARTESIAN_POINT ( 'NONE',  ( 12.24999999999972644, 1.454546979479059754, -8.859441727112885800 ) ) ;
#1753 = CARTESIAN_POINT ( 'NONE',  ( -11.90789405405070589, -1.468005552341175468, -9.420674753264725254 ) ) ;
#1754 = CARTESIAN_POINT ( 'NONE',  ( -12.24999999999999822, -0.06516115674782481382, -8.776159399017434026 ) ) ;
#1755 = CARTESIAN_POINT ( 'NONE',  ( 7.811825646387161370, -1.894127441243118160, -13.65353439024021576 ) ) ;
#1756 = CARTESIAN_POINT ( 'NONE',  ( -12.24999999999999645, 0.000000000000000000, 8.380125194933043531 ) ) ;
#1757 = CARTESIAN_POINT ( 'NONE',  ( -11.86769759949154945, -2.897455596266101718, -8.580312033933068960 ) ) ;
#1758 = CARTESIAN_POINT ( 'NONE',  ( -12.20804798588869389, 4.304018017049333622, -6.455321222249488677 ) ) ;
#1759 = CARTESIAN_POINT ( 'NONE',  ( -5.408480761297822070, 7.608576929324440741, -6.490348329987879694 ) ) ;
#1760 = CARTESIAN_POINT ( 'NONE',  ( 4.183895098932596923, 7.333924725584942905, -13.65353439024022109 ) ) ;
#1761 = EDGE_LOOP ( 'NONE', ( #2710, #118, #4288, #4762 ) ) ;
#1762 = CARTESIAN_POINT ( 'NONE',  ( -4.223171334864626481, -7.314747321054056783, -13.65353439024021220 ) ) ;
#1763 = CARTESIAN_POINT ( 'NONE',  ( -12.56934170277156149, 2.478901035774681461, -8.814338527120403555 ) ) ;
#1764 = CARTESIAN_POINT ( 'NONE',  ( -4.222867083592510618, 7.314921239027317057, -13.65353439024021220 ) ) ;
#1765 = CARTESIAN_POINT ( 'NONE',  ( 10.34182439840925483, 0.05127464811400496425, -12.24722566293871573 ) ) ;
#1766 = CARTESIAN_POINT ( 'NONE',  ( 11.85046022763777707, -3.895257229649752517, -7.835143337225098037 ) ) ;
#1767 = ADVANCED_FACE ( 'NONE', ( #3159 ), #154, .T. ) ;
#1768 = CARTESIAN_POINT ( 'NONE',  ( -10.75000000000000000, 2.999999999999952482, -5.196152422706657781 ) ) ;
#1769 = CARTESIAN_POINT ( 'NONE',  ( -2.081668171172168513E-14, 0.000000000000000000, -24.76024934587180582 ) ) ;
#1770 = VERTEX_POINT ( 'NONE', #128 ) ;
#1771 = CARTESIAN_POINT ( 'NONE',  ( 1.963414522414118180, -3.400733709139849736, 14.90075911844934353 ) ) ;
#1772 = DIRECTION ( 'NONE',  ( -0.000000000000000000, 1.000000000000000000, -0.000000000000000000 ) ) ;
#1773 = CARTESIAN_POINT ( 'NONE',  ( 4.961015395082739587, 8.811202933912291257, -12.75774742958315677 ) ) ;
#1774 = CARTESIAN_POINT ( 'NONE',  ( -5.500000000000000888, -12.51779168172441992, 6.499999999999999112 ) ) ;
#1775 = EDGE_CURVE ( 'NONE', #2881, #838, #5546, .T. ) ;
#1776 = ORIENTED_EDGE ( 'NONE', *, *, #843, .T. ) ;
#1777 = ORIENTED_EDGE ( 'NONE', *, *, #1489, .F. ) ;
#1778 = CARTESIAN_POINT ( 'NONE',  ( 12.25000000000013678, 0.5749043632107281310, -9.230590591961501445 ) ) ;
#1779 = CARTESIAN_POINT ( 'NONE',  ( 4.057923347314725149, -7.383540017372052233, -13.65353439024021931 ) ) ;
#1780 = CARTESIAN_POINT ( 'NONE',  ( -4.996124101430189590, -6.335548272093890709, -7.736977968946800566 ) ) ;
#1781 = CARTESIAN_POINT ( 'NONE',  ( -12.25000000000000355, -4.781859774439296551, 5.921795041997033771 ) ) ;
#1782 = CARTESIAN_POINT ( 'NONE',  ( 11.86311921788939117, 5.439786974686687593, 6.917910327364887202 ) ) ;
#1783 = FILL_AREA_STYLE_COLOUR ( '', #4733 ) ;
#1784 = CARTESIAN_POINT ( 'NONE',  ( -7.811825646387161370, 1.894127441243147247, -13.65353439024021576 ) ) ;
#1785 = CARTESIAN_POINT ( 'NONE',  ( 4.986619668540168249, 8.797152889076649274, -12.75809240603239125 ) ) ;
#1786 = CARTESIAN_POINT ( 'NONE',  ( -4.223021972046035799, -7.314832526865349571, -13.65353439024021931 ) ) ;
#1787 = CARTESIAN_POINT ( 'NONE',  ( 3.199999999999998401, -10.62569985548615037, 10.26733660876609910 ) ) ;
#1788 = EDGE_CURVE ( 'NONE', #4518, #1709, #4116, .T. ) ;
#1789 = CARTESIAN_POINT ( 'NONE',  ( -4.721988439636020551, 8.920129496556103987, -12.75143600899460239 ) ) ;
#1790 = CARTESIAN_POINT ( 'NONE',  ( 10.34934745607326789, 0.006564942559661681408, -12.24086857744008050 ) ) ;
#1791 = CARTESIAN_POINT ( 'NONE',  ( 5.193925716930323233, 6.266788624996575408, -10.32451084719644285 ) ) ;
#1792 = DIRECTION ( 'NONE',  ( 1.000000000000000000, -0.000000000000000000, -1.095185450775958527E-16 ) ) ;
#1793 = ORIENTED_EDGE ( 'NONE', *, *, #5038, .T. ) ;
#1794 = ORIENTED_EDGE ( 'NONE', *, *, #2486, .F. ) ;
#1795 = CARTESIAN_POINT ( 'NONE',  ( 6.211562742167927809, 5.395395986550456158, -11.93674771206591956 ) ) ;
#1796 = ADVANCED_FACE ( 'NONE', ( #4927 ), #2819, .F. ) ;
#1797 = CARTESIAN_POINT ( 'NONE',  ( 11.88701725775670681, -5.527006237556551405, 6.784327652096123096 ) ) ;
#1798 = CARTESIAN_POINT ( 'NONE',  ( -4.866037466048695137, 8.859304380075418095, -12.75553809656419624 ) ) ;
#1799 = CARTESIAN_POINT ( 'NONE',  ( -12.24999999999999822, 0.000000000000000000, 1.341602177200549140E-15 ) ) ;
#1800 = ORIENTED_EDGE ( 'NONE', *, *, #4655, .F. ) ;
#1801 = CARTESIAN_POINT ( 'NONE',  ( -12.25000000000000355, 3.869691391982029050, -6.285388437861146649 ) ) ;
#1802 = CARTESIAN_POINT ( 'NONE',  ( 11.89550688829851843, -5.439786974697151223, 6.853555111758789842 ) ) ;
#1803 = EDGE_CURVE ( 'NONE', #1770, #172, #4533, .T. ) ;
#1804 = CIRCLE ( 'NONE', #3073, 4.000000000000000000 ) ;
#1805 = CARTESIAN_POINT ( 'NONE',  ( 4.223171334864616711, -7.314747321054031914, -13.65353439024021576 ) ) ;
#1806 = VECTOR ( 'NONE', #1622, 1000.000000000000000 ) ;
#1807 = CARTESIAN_POINT ( 'NONE',  ( 3.200000000001050893, 6.307596191344152597E-16, 14.90003172573260670 ) ) ;
#1808 = ADVANCED_FACE ( 'NONE', ( #4436 ), #3339, .T. ) ;
#1809 = CARTESIAN_POINT ( 'NONE',  ( -12.24999999999999467, -6.459881096983341564, 3.463934374185740683 ) ) ;
#1810 = CARTESIAN_POINT ( 'NONE',  ( 5.380261184385768836, 9.318885729346604307, 11.03005007641327317 ) ) ;
#1811 =( NAMED_UNIT ( * ) PLANE_ANGLE_UNIT ( ) SI_UNIT ( $, .RADIAN. ) );
#1812 = CARTESIAN_POINT ( 'NONE',  ( 6.227376553349648347, 7.699213472774214750, -12.72745218966169389 ) ) ;
#1813 = CARTESIAN_POINT ( 'NONE',  ( 4.966143752646229537, 8.807958416970722126, -12.75775366603246042 ) ) ;
#1814 = DIRECTION ( 'NONE',  ( 0.000000000000000000, 1.000000000000000000, 0.000000000000000000 ) ) ;
#1815 = CARTESIAN_POINT ( 'NONE',  ( 3.199999999999999734, -13.00199129927385577, 6.499999999999999112 ) ) ;
#1816 = FACE_OUTER_BOUND ( 'NONE', #872, .T. ) ;
#1817 = CARTESIAN_POINT ( 'NONE',  ( -5.450154555717144689, 8.480177955383370048, -12.74849422147989841 ) ) ;
#1818 = CARTESIAN_POINT ( 'NONE',  ( -4.537950558125825928, 8.989435174188857403, -12.74628935024533583 ) ) ;
#1819 = FACE_OUTER_BOUND ( 'NONE', #3441, .T. ) ;
#1820 = ORIENTED_EDGE ( 'NONE', *, *, #1007, .T. ) ;
#1821 = VERTEX_POINT ( 'NONE', #2249 ) ;
#1822 = DIRECTION ( 'NONE',  ( -0.4999999999999930611, 0.8660254037844428154, 0.000000000000000000 ) ) ;
#1823 = CARTESIAN_POINT ( 'NONE',  ( -9.355492701130447841, 2.589388974356011452, -12.71828949103744755 ) ) ;
#1824 = AXIS2_PLACEMENT_3D ( 'NONE', #1742, #3048, #4781 ) ;
#1825 = VECTOR ( 'NONE', #5088, 1000.000000000000114 ) ;
#1826 = CARTESIAN_POINT ( 'NONE',  ( 6.435810131856714911, 7.415863152786455359, -6.708574639902590953 ) ) ;
#1827 = FACE_OUTER_BOUND ( 'NONE', #1315, .T. ) ;
#1828 = ORIENTED_EDGE ( 'NONE', *, *, #3435, .F. ) ;
#1829 = VERTEX_POINT ( 'NONE', #1905 ) ;
#1830 = CARTESIAN_POINT ( 'NONE',  ( -12.25000000000215650, 5.969838836260369597, -4.947931728339183266 ) ) ;
#1831 = CARTESIAN_POINT ( 'NONE',  ( 12.24999999999973710, 1.738814949106881169, -8.696427772258356725 ) ) ;
#1832 = AXIS2_PLACEMENT_3D ( 'NONE', #156, #1487, #3295 ) ;
#1833 = DIRECTION ( 'NONE',  ( -0.000000000000000000, -1.002010156928930384E-16, 1.000000000000000000 ) ) ;
#1834 = B_SPLINE_CURVE_WITH_KNOTS ( 'NONE', 3,
 ( #4908, #5338, #1019, #5311 ),
 .UNSPECIFIED., .F., .F.,
 ( 4, 4 ),
 ( 0.000000000000000000, 0.0006887767994380225014 ),
 .UNSPECIFIED. ) ;
#1835 = DIRECTION ( 'NONE',  ( 1.000000000000000000, 0.000000000000000000, 0.000000000000000000 ) ) ;
#1836 = CARTESIAN_POINT ( 'NONE',  ( -12.25000000000000178, -1.229088484999496078, 8.168249433491277856 ) ) ;
#1837 = CARTESIAN_POINT ( 'NONE',  ( -11.86066422727747494, -3.267798451681966920, -8.316562795133782160 ) ) ;
#1838 = CARTESIAN_POINT ( 'NONE',  ( 0.000000000000000000, 0.000000000000000000, 0.000000000000000000 ) ) ;
#1839 = CARTESIAN_POINT ( 'NONE',  ( 7.877598995978074115, 5.382152923190532512, -12.71258637281520798 ) ) ;
#1840 = EDGE_CURVE ( 'NONE', #3660, #2982, #3359, .T. ) ;
#1841 = CARTESIAN_POINT ( 'NONE',  ( 4.211042781953905134, 7.321108594149799309, -13.65353439024022997 ) ) ;
#1842 = CARTESIAN_POINT ( 'NONE',  ( 9.608721135092162413, 6.085090016982182881, -7.937319722680093115 ) ) ;
#1843 = CARTESIAN_POINT ( 'NONE',  ( 4.996124101430188702, 6.335548272093886268, -24.76024934587180937 ) ) ;
#1844 = CARTESIAN_POINT ( 'NONE',  ( 4.773666532500298487, -8.236586568675321018, -13.65353439024022819 ) ) ;
#1845 = CARTESIAN_POINT ( 'NONE',  ( -5.239636634809581750, 7.878365890873312516, -13.65353439024015536 ) ) ;
#1846 = CARTESIAN_POINT ( 'NONE',  ( -4.227434999095438073, 9.086230438890929406, -12.73879830087965637 ) ) ;
#1847 = CARTESIAN_POINT ( 'NONE',  ( 4.420249689259585502, 4.420249689259589942, -13.65353439024021576 ) ) ;
#1848 = VERTEX_POINT ( 'NONE', #2728 ) ;
#1849 = ORIENTED_EDGE ( 'NONE', *, *, #5405, .F. ) ;
#1850 = CARTESIAN_POINT ( 'NONE',  ( -10.73661130332778235, 0.1598547418774061979, -11.79139027809610241 ) ) ;
#1851 = CARTESIAN_POINT ( 'NONE',  ( -6.520607978663552018, -4.333230450545556778, -13.65353439024021576 ) ) ;
#1852 = CARTESIAN_POINT ( 'NONE',  ( -10.19036526311154134, -0.3834288712431825341, -12.37369623814540098 ) ) ;
#1853 = DIRECTION ( 'NONE',  ( 0.5897290428087009762, -0.7042320318382091493, 0.3953187339362516095 ) ) ;
#1854 = LINE ( 'NONE', #2305, #4175 ) ;
#1855 = DIRECTION ( 'NONE',  ( -0.000000000000000000, -0.000000000000000000, 1.000000000000000000 ) ) ;
#1856 = ORIENTED_EDGE ( 'NONE', *, *, #5040, .F. ) ;
#1857 = CARTESIAN_POINT ( 'NONE',  ( -12.25000000000017586, 4.219617918037331883, -6.876208701292027214 ) ) ;
#1858 = LINE ( 'NONE', #663, #3627 ) ;
#1859 = CARTESIAN_POINT ( 'NONE',  ( -2.499847315112470714, -7.690188141189745252, -13.65353439024022286 ) ) ;
#1860 = CARTESIAN_POINT ( 'NONE',  ( 2.149285109211029887, 0.000000000000000000, 15.12550583280824235 ) ) ;
#1861 = EDGE_CURVE ( 'NONE', #979, #708, #2095, .T. ) ;
#1862 = B_SPLINE_CURVE_WITH_KNOTS ( 'NONE', 3,
 ( #266, #5471, #4616, #727, #2459, #5112, #1216, #2734, #2155, #4361, #3854, #1671 ),
 .UNSPECIFIED., .F., .F.,
 ( 4, 2, 2, 2, 2, 4 ),
 ( 0.005081030746443659755, 0.005809879854783852639, 0.006174304408953949948, 0.006356516686038999470, 0.006447622824581526399, 0.006538728963124053328 ),
 .UNSPECIFIED. ) ;
#1863 = CARTESIAN_POINT ( 'NONE',  ( -11.79570333260597792, -1.319438993847599439, 9.466088981071374420 ) ) ;
#1864 = DIRECTION ( 'NONE',  ( -1.982541115402064863E-16, 0.000000000000000000, -1.000000000000000000 ) ) ;
#1865 = CARTESIAN_POINT ( 'NONE',  ( 5.683495524367342178, 8.274848726924730613, -12.74084198162489834 ) ) ;
#1866 = CARTESIAN_POINT ( 'NONE',  ( 10.57676962646661423, -0.09753458989099113297, -12.04870014248400700 ) ) ;
#1867 = DIRECTION ( 'NONE',  ( 1.000000000000000000, -0.000000000000000000, -1.095185450775958527E-16 ) ) ;
#1868 = CARTESIAN_POINT ( 'NONE',  ( 3.199999995179072965, -5.542562567520256778, 13.83072458560983442 ) ) ;
#1869 = CARTESIAN_POINT ( 'NONE',  ( 4.226832110698117262, -7.312521305675021566, -13.65353439024021576 ) ) ;
#1870 = EDGE_CURVE ( 'NONE', #145, #3997, #594, .T. ) ;
#1871 = CARTESIAN_POINT ( 'NONE',  ( -4.237613426478464618, 7.305526425523146017, -13.65353439024023530 ) ) ;
#1872 = B_SPLINE_CURVE_WITH_KNOTS ( 'NONE', 3,
 ( #3128, #3554, #1404, #542, #122, #2277, #1852, #3580, #5321, #1428, #4082, #597, #5036, #713 ),
 .UNSPECIFIED., .F., .F.,
 ( 4, 2, 2, 2, 2, 2, 4 ),
 ( 6.406891815124888078E-18, 0.001311768642597252801, 0.001967652963895877467, 0.002295595124545188499, 0.002459566204869843148, 0.002541551745032170472, 0.002623537285194497363 ),
 .UNSPECIFIED. ) ;
#1873 = CARTESIAN_POINT ( 'NONE',  ( 4.601679295797236335, 8.326474549041392947, -13.65353439024023174 ) ) ;
#1874 = B_SPLINE_CURVE_WITH_KNOTS ( 'NONE', 3,
 ( #2311, #155, #3504, #500, #4899, #2234, #3134, #129, #4414, #1356, #524, #475, #4010, #2740 ),
 .UNSPECIFIED., .F., .F.,
 ( 4, 2, 2, 2, 2, 2, 4 ),
 ( -5.999999998012210336E-08, 0.0004769513353904342103, 0.0009539626707808485486, 0.001907985341561677225, 0.003816030683123336313, 0.005724076024684995184, 0.007632121366246654923 ),
 .UNSPECIFIED. ) ;
#1875 = DIRECTION ( 'NONE',  ( 0.000000000000000000, 0.000000000000000000, 1.000000000000000000 ) ) ;
#1876 = ORIENTED_EDGE ( 'NONE', *, *, #3213, .F. ) ;
#1877 = ORIENTED_EDGE ( 'NONE', *, *, #1745, .T. ) ;
#1878 = CARTESIAN_POINT ( 'NONE',  ( -10.57794071329961483, 0.08412347904668879273, -12.04767323909409349 ) ) ;
#1879 = DIRECTION ( 'NONE',  ( 0.000000000000000000, 0.000000000000000000, 1.000000000000000000 ) ) ;
#1880 = CARTESIAN_POINT ( 'NONE',  ( 4.795058547932613102, 8.223822325468809424, -13.65353439024022641 ) ) ;
#1881 = CARTESIAN_POINT ( 'NONE',  ( -9.766808447991863318, 5.157054094427400592, -8.637375896058941294 ) ) ;
#1882 = CYLINDRICAL_SURFACE ( 'NONE', #2554, 4.000000000000000000 ) ;
#1883 = LINE ( 'NONE', #1407, #4107 ) ;
#1884 = ORIENTED_EDGE ( 'NONE', *, *, #142, .T. ) ;
#1885 = CARTESIAN_POINT ( 'NONE',  ( -12.25000000000000178, 4.429486268886512867, 6.266535775077151982 ) ) ;
#1886 = CARTESIAN_POINT ( 'NONE',  ( -7.811825646387157818, 1.894127441243147469, -11.65353439024021220 ) ) ;
#1887 = CARTESIAN_POINT ( 'NONE',  ( 3.365548676890814050, -7.559411101447745196, -13.65353439024021220 ) ) ;
#1888 = B_SPLINE_CURVE_WITH_KNOTS ( 'NONE', 3,
 ( #5316, #90, #2701, #3945, #1422, #4807, #143, #1370, #4452, #1791, #4859, #3600 ),
 .UNSPECIFIED., .F., .F.,
 ( 4, 2, 2, 2, 2, 4 ),
 ( 0.000000000000000000, 0.001001091674784624188, 0.002002183349569248375, 0.003003275024353872346, 0.003503820861746184765, 0.004004366699138497618 ),
 .UNSPECIFIED. ) ;
#1889 = CARTESIAN_POINT ( 'NONE',  ( 3.199999995179071188, -5.102766732192112187, 14.00692200915189289 ) ) ;
#1890 = CARTESIAN_POINT ( 'NONE',  ( -11.93422225186645846, -7.829259875800100410, 2.847479747111040904 ) ) ;
#1891 = CIRCLE ( 'NONE', #4519, 0.8999999999999999112 ) ;
#1892 = CARTESIAN_POINT ( 'NONE',  ( 10.23028267450191287, 1.400895688347620016, -12.12671725201603401 ) ) ;
#1893 = DIRECTION ( 'NONE',  ( 1.000000000000000000, 0.000000000000000000, -0.000000000000000000 ) ) ;
#1894 = LINE ( 'NONE', #4828, #900 ) ;
#1895 = CARTESIAN_POINT ( 'NONE',  ( 10.71248847759210499, -0.3294295291565780270, -11.80132848425132153 ) ) ;
#1896 = ADVANCED_FACE ( 'NONE', ( #3862 ), #3457, .T. ) ;
#1897 = CARTESIAN_POINT ( 'NONE',  ( 9.212753843997113279, 6.353468257589204526, -7.724170246351967251 ) ) ;
#1898 = CARTESIAN_POINT ( 'NONE',  ( -6.520607978663552018, -4.333230450545556778, -13.65353439024021576 ) ) ;
#1899 = LINE ( 'NONE', #613, #924 ) ;
#1900 = CARTESIAN_POINT ( 'NONE',  ( -5.423732419982549402, 7.701985026213016283, -13.65353439024032589 ) ) ;
#1901 = CARTESIAN_POINT ( 'NONE',  ( 2.691312345747630452, 9.371793227488222300, -12.71967741949149122 ) ) ;
#1902 = CARTESIAN_POINT ( 'NONE',  ( 13.21609793467850835, 0.000000000000000000, 7.923703456781640675 ) ) ;
#1903 = VERTEX_POINT ( 'NONE', #2590 ) ;
#1904 = ORIENTED_EDGE ( 'NONE', *, *, #1, .T. ) ;
#1905 = CARTESIAN_POINT ( 'NONE',  ( 9.700000000000002842, -5.439786974697149446, 6.853555111758804941 ) ) ;
#1906 = CARTESIAN_POINT ( 'NONE',  ( 12.25000000000000178, -2.188421359911135067, -7.650817544050133812 ) ) ;
#1907 = CARTESIAN_POINT ( 'NONE',  ( 5.236261856875850107, 8.643723741152825824, -12.75550183986779018 ) ) ;
#1908 = CARTESIAN_POINT ( 'NONE',  ( -4.765903063410826590, -8.241115311073627936, -13.65353439024021043 ) ) ;
#1909 = CARTESIAN_POINT ( 'NONE',  ( -11.84206449711315123, 4.596394306675191110, 7.710491165105797684 ) ) ;
#1910 = EDGE_CURVE ( 'NONE', #291, #1587, #4249, .T. ) ;
#1911 = ORIENTED_EDGE ( 'NONE', *, *, #1636, .T. ) ;
#1912 = VERTEX_POINT ( 'NONE', #4773 ) ;
#1913 = CARTESIAN_POINT ( 'NONE',  ( -11.92247000429327208, 7.470278649353631728, 3.897827605872224765 ) ) ;
#1914 = CARTESIAN_POINT ( 'NONE',  ( -6.249999999999996447, 5.324401906952203056, -12.05631556335986865 ) ) ;
#1915 = CARTESIAN_POINT ( 'NONE',  ( -5.056631844581832347, 8.758343269986649915, -12.75869244000833014 ) ) ;
#1916 = CARTESIAN_POINT ( 'NONE',  ( 4.740430528194591098, -8.255710963545620729, -13.65353439024022109 ) ) ;
#1917 = CIRCLE ( 'NONE', #4739, 7.750000000000000000 ) ;
#1918 = CARTESIAN_POINT ( 'NONE',  ( -11.94788964130199282, -8.197762877303393481, 0.6081608799966288226 ) ) ;
#1919 = CARTESIAN_POINT ( 'NONE',  ( 10.32757714754391642, 0.1007788461627120991, -12.25924539690396742 ) ) ;
#1920 = CARTESIAN_POINT ( 'NONE',  ( -6.768073524754568027, 3.233611569443674671, -4.296152422706461138 ) ) ;
#1921 = CARTESIAN_POINT ( 'NONE',  ( 10.34955087984044475, -0.003256829401966278553, -12.24069658478958544 ) ) ;
#1922 = CARTESIAN_POINT ( 'NONE',  ( 7.061653770650774931, 4.153025638068569947, -9.274654465009858129 ) ) ;
#1923 = DIRECTION ( 'NONE',  ( -0.000000000000000000, -0.000000000000000000, 1.000000000000000000 ) ) ;
#1924 = CARTESIAN_POINT ( 'NONE',  ( -5.134197544450743500, 8.711528108832467865, -12.75794851114830664 ) ) ;
#1925 = CARTESIAN_POINT ( 'NONE',  ( -3.766722439762084207, 8.595950129174465104, -13.65353439024005588 ) ) ;
#1926 = B_SPLINE_CURVE_WITH_KNOTS ( 'NONE', 3,
 ( #3562, #2209, #1860, #1807 ),
 .UNSPECIFIED., .F., .F.,
 ( 4, 4 ),
 ( 0.000000000000000000, 0.06010096412299359425 ),
 .UNSPECIFIED. ) ;
#1927 = CARTESIAN_POINT ( 'NONE',  ( 5.345654675927605126, 9.258945498424809628, -12.01109144709618270 ) ) ;
#1928 = ORIENTED_EDGE ( 'NONE', *, *, #905, .T. ) ;
#1929 = VERTEX_POINT ( 'NONE', #4654 ) ;
#1930 = CARTESIAN_POINT ( 'NONE',  ( 4.333019984726091067, -7.233036385593603512, -13.65353439024021576 ) ) ;
#1931 = CARTESIAN_POINT ( 'NONE',  ( 11.95472383668624694, -0.4607891282677546996, -9.755396795749767591 ) ) ;
#1932 = ADVANCED_FACE ( 'NONE', ( #2160 ), #1396, .T. ) ;
#1933 = CARTESIAN_POINT ( 'NONE',  ( 5.084112020814975708, 8.742220611044505318, -12.75858760677107639 ) ) ;
#1934 = CARTESIAN_POINT ( 'NONE',  ( -5.115110280882319671, -8.723416077330231388, -12.75824944825426144 ) ) ;
#1935 = CARTESIAN_POINT ( 'NONE',  ( 1.040834085586080155E-14, -1.802777518484593756E-14, -24.76024934587180937 ) ) ;
#1936 = ORIENTED_EDGE ( 'NONE', *, *, #614, .T. ) ;
#1937 = VERTEX_POINT ( 'NONE', #1680 ) ;
#1938 = CARTESIAN_POINT ( 'NONE',  ( -11.93344806764639365, 7.671069371580363061, -2.761664463241429779 ) ) ;
#1939 = CARTESIAN_POINT ( 'NONE',  ( -10.24999999999999645, 7.089160035074845110E-14, 8.380125194933041755 ) ) ;
#1940 = EDGE_CURVE ( 'NONE', #5379, #1990, #5148, .T. ) ;
#1941 = CARTESIAN_POINT ( 'NONE',  ( 4.996124101430196696, -6.335548272093887157, -24.76024934587180937 ) ) ;
#1942 = B_SPLINE_CURVE_WITH_KNOTS ( 'NONE', 3,
 ( #4748, #4345, #2594, #2164, #3893, #3090, #460, #3920, #5231, #1340, #4803, #914, #2649, #484, #2216, #5310 ),
 .UNSPECIFIED., .F., .F.,
 ( 4, 2, 2, 2, 2, 2, 2, 4 ),
 ( 3.127317220692750759E-18, 0.001304095849312575687, 0.002608191698625148339, 0.003912287547937721641, 0.005216383397250294075, 0.007824575095875446751, 0.009128670945188021787, 0.01043276679450059856 ),
 .UNSPECIFIED. ) ;
#1943 = CARTESIAN_POINT ( 'NONE',  ( 4.747491875508478287, -8.251707886002497716, -13.65353439024021220 ) ) ;
#1944 = CARTESIAN_POINT ( 'NONE',  ( -4.996124101430190478, 6.335548272093885380, -24.76024934587180937 ) ) ;
#1945 = CARTESIAN_POINT ( 'NONE',  ( -11.94117893070733594, -8.028691008629497361, 2.014301047494667873 ) ) ;
#1946 = LINE ( 'NONE', #2855, #2537 ) ;
#1947 = CARTESIAN_POINT ( 'NONE',  ( -12.12459753033689935, -7.084164557825864073, -3.163629945385381337 ) ) ;
#1948 = CARTESIAN_POINT ( 'NONE',  ( 10.34961698893984128, -0.001632248753037865560, -12.24064068838085362 ) ) ;
#1949 = CARTESIAN_POINT ( 'NONE',  ( -12.24999999999997158, 0.1251127583793520681, -8.760341153604541020 ) ) ;
#1950 = CARTESIAN_POINT ( 'NONE',  ( 3.376137914428173126, -6.759534067922897016, -7.371403714486906011 ) ) ;
#1951 = CARTESIAN_POINT ( 'NONE',  ( -8.293183861041013571, 4.677999763932859878, -12.71229573243436839 ) ) ;
#1952 = CARTESIAN_POINT ( 'NONE',  ( -2.607478804759455038, 8.789763794454000134, -13.65353439024113946 ) ) ;
#1953 = CARTESIAN_POINT ( 'NONE',  ( 9.658130641270350480, -2.208409577447357108, -12.52138225853061826 ) ) ;
#1954 = ORIENTED_EDGE ( 'NONE', *, *, #268, .T. ) ;
#1955 = VERTEX_POINT ( 'NONE', #2560 ) ;
#1956 = CARTESIAN_POINT ( 'NONE',  ( 7.495778612992264556, -4.876171547754631241, -13.65353439024069004 ) ) ;
#1957 = CARTESIAN_POINT ( 'NONE',  ( 12.24999999997175237, -3.081914930983613576, -7.801518352931759992 ) ) ;
#1958 = CARTESIAN_POINT ( 'NONE',  ( 4.224322856417388472, 7.314064395708016697, -13.65353439024021043 ) ) ;
#1959 = CARTESIAN_POINT ( 'NONE',  ( -9.974389958278269575, 4.884607169250537950, -8.797565456481354573 ) ) ;
#1960 = CARTESIAN_POINT ( 'NONE',  ( 7.040996712915918110, 7.279359064714243210, -6.857642930407808812 ) ) ;
#1961 = CARTESIAN_POINT ( 'NONE',  ( 6.284670851385770085, -10.88536922344736624, -8.814338527120410660 ) ) ;
#1962 = VERTEX_POINT ( 'NONE', #4286 ) ;
#1963 = EDGE_CURVE ( 'NONE', #3610, #4142, #80, .T. ) ;
#1964 = CARTESIAN_POINT ( 'NONE',  ( -12.25000000000000355, 3.033295853170872469, 7.322611797708426629 ) ) ;
#1965 = CARTESIAN_POINT ( 'NONE',  ( -9.474420909698821447, 1.311609691311507842, -12.93386351090506103 ) ) ;
#1966 = DIRECTION ( 'NONE',  ( 1.000000000000000000, 0.000000000000000000, 0.000000000000000000 ) ) ;
#1967 = CYLINDRICAL_SURFACE ( 'NONE', #1832, 17.35143634042886163 ) ;
#1968 = ORIENTED_EDGE ( 'NONE', *, *, #4437, .T. ) ;
#1969 = EDGE_CURVE ( 'NONE', #97, #1683, #3237, .T. ) ;
#1970 = CARTESIAN_POINT ( 'NONE',  ( 3.421546455862673586, 6.750467217757973870, -9.442115226098371394 ) ) ;
#1971 = CARTESIAN_POINT ( 'NONE',  ( -12.24999999999935874, -6.788042099384962391, -3.553812127924435238 ) ) ;
#1972 = CARTESIAN_POINT ( 'NONE',  ( -4.631161078583820867, -6.951839121290034562, -13.65353439024021043 ) ) ;
#1973 = CARTESIAN_POINT ( 'NONE',  ( -12.14895566093203172, -7.758523819337185046, 0.01957276958038900797 ) ) ;
#1974 = CARTESIAN_POINT ( 'NONE',  ( 5.168066988431577968, -6.283850061764560735, -7.779311876117911417 ) ) ;
#1975 = EDGE_CURVE ( 'NONE', #16, #4789, #3164, .T. ) ;
#1976 = CARTESIAN_POINT ( 'NONE',  ( -12.25000000000000533, 0.4847742141167641905, -8.646107557733369475 ) ) ;
#1977 = CARTESIAN_POINT ( 'NONE',  ( 9.700000000000001066, -4.841229186757587399, -8.749999997787799799 ) ) ;
#1978 = CARTESIAN_POINT ( 'NONE',  ( -3.365548676504779291, 7.559411099044230475, -13.65353439024020865 ) ) ;
#1979 = CARTESIAN_POINT ( 'NONE',  ( 15.40468664080961325, 3.403799266422122383, 0.3811111474512711705 ) ) ;
#1980 = LINE ( 'NONE', #3711, #1463 ) ;
#1981 = ORIENTED_EDGE ( 'NONE', *, *, #5220, .T. ) ;
#1982 = ORIENTED_EDGE ( 'NONE', *, *, #5526, .F. ) ;
#1983 = CARTESIAN_POINT ( 'NONE',  ( -4.218350012688847350, -7.317368146281904906, -13.65353439024021576 ) ) ;
#1984 = CARTESIAN_POINT ( 'NONE',  ( 5.164851857034061133, -6.329295857091683075, -13.65353439024021576 ) ) ;
#1985 = CARTESIAN_POINT ( 'NONE',  ( 4.414072276718336241, -7.162948340569313288, -13.65353439024021576 ) ) ;
#1986 = CARTESIAN_POINT ( 'NONE',  ( 5.092880564736497639, 8.736975851717538433, -12.75851446231792075 ) ) ;
#1987 = CARTESIAN_POINT ( 'NONE',  ( -4.759994579516851232, -8.244552455475691488, -13.65353439024021576 ) ) ;
#1988 = DIRECTION ( 'NONE',  ( 0.000000000000000000, 0.000000000000000000, 1.000000000000000000 ) ) ;
#1989 = CARTESIAN_POINT ( 'NONE',  ( 2.625808115134545151, -3.034333085677269448, -20.83958864581944326 ) ) ;
#1990 = VERTEX_POINT ( 'NONE', #4903 ) ;
#1991 = CARTESIAN_POINT ( 'NONE',  ( -11.88805699689389250, 6.347973465290471573, 5.865442004123135433 ) ) ;
#1992 = CARTESIAN_POINT ( 'NONE',  ( -10.10808579389607686, 1.141126871088465444, -12.44593831204672618 ) ) ;
#1993 = CARTESIAN_POINT ( 'NONE',  ( -6.826120071912683329, 6.958831463260906958, -12.71827702392455350 ) ) ;
#1994 = B_SPLINE_CURVE_WITH_KNOTS ( 'NONE', 3,
 ( #1755, #501, #4900, #4848, #2715, #2235 ),
 .UNSPECIFIED., .F., .F.,
 ( 4, 2, 4 ),
 ( 0.000000000000000000, 0.001379780356165167610, 0.002759560712330335220 ),
 .UNSPECIFIED. ) ;
#1995 = CARTESIAN_POINT ( 'NONE',  ( 4.751064934791245697, -8.249680982782466643, -13.65353439024021576 ) ) ;
#1996 = VERTEX_POINT ( 'NONE', #504 ) ;
#1997 = CARTESIAN_POINT ( 'NONE',  ( -12.24999999999782929, -5.982332289548553561, -4.930534688208624949 ) ) ;
#1998 = B_SPLINE_CURVE_WITH_KNOTS ( 'NONE', 3,
 ( #1128, #5417, #3275, #5025 ),
 .UNSPECIFIED., .F., .F.,
 ( 4, 4 ),
 ( 0.000000000000000000, 0.01272098475067862458 ),
 .UNSPECIFIED. ) ;
#1999 = CIRCLE ( 'NONE', #2655, 2.000000000000000000 ) ;
#2000 = AXIS2_PLACEMENT_3D ( 'NONE', #2644, #2559, #881 ) ;
#2001 = CARTESIAN_POINT ( 'NONE',  ( -4.223286983316899779, 7.314679823635500178, -13.65353439024021043 ) ) ;
#2002 = DIRECTION ( 'NONE',  ( -1.000000000000000000, 0.000000000000000000, 1.095185450775958527E-16 ) ) ;
#2003 = LINE ( 'NONE', #3736, #2793 ) ;
#2004 = CARTESIAN_POINT ( 'NONE',  ( 10.13626030093343111, 0.4673181344674797177, -12.41810517117185952 ) ) ;
#2005 = SURFACE_STYLE_USAGE ( .BOTH. , #1610 ) ;
#2006 = DIRECTION ( 'NONE',  ( 1.000000000000000000, 0.000000000000000000, 0.000000000000000000 ) ) ;
#2007 = AXIS2_PLACEMENT_3D ( 'NONE', #4216, #424, #452 ) ;
#2008 = CARTESIAN_POINT ( 'NONE',  ( 4.665827964595442053E-16, 8.081451094055029046E-16, 15.23975065412816932 ) ) ;
#2009 = ADVANCED_FACE ( 'NONE', ( #2239 ), #2747, .T. ) ;
#2010 = CARTESIAN_POINT ( 'NONE',  ( 0.000000000000000000, 0.000000000000000000, 15.23975065412817465 ) ) ;
#2011 = DIRECTION ( 'NONE',  ( 1.000000000000000000, -0.000000000000000000, -1.095185450775958527E-16 ) ) ;
#2012 = DIRECTION ( 'NONE',  ( -4.735856013783983273E-16, 1.000000000000000000, 6.838595799838966963E-16 ) ) ;
#2013 = ORIENTED_EDGE ( 'NONE', *, *, #1705, .T. ) ;
#2014 = VERTEX_POINT ( 'NONE', #582 ) ;
#2015 = CARTESIAN_POINT ( 'NONE',  ( -4.750676689966154775, -8.249895957623223808, -13.65353439024021931 ) ) ;
#2016 = CARTESIAN_POINT ( 'NONE',  ( 8.293183861040787974, -4.677999763934101551, -12.71229573243360811 ) ) ;
#2017 = AXIS2_PLACEMENT_3D ( 'NONE', #2656, #2221, #1322 ) ;
#2018 = PLANE ( 'NONE',  #4940 ) ;
#2019 = CARTESIAN_POINT ( 'NONE',  ( 5.968818017573614298, 7.985202187311350563, -12.73314331452230164 ) ) ;
#2020 = CARTESIAN_POINT ( 'NONE',  ( -5.080874153997858578, -8.744148669077160818, -12.75861132246500595 ) ) ;
#2021 = CARTESIAN_POINT ( 'NONE',  ( 5.380261184385638273, -9.318885729346678914, 11.03005007641327317 ) ) ;
#2022 = CARTESIAN_POINT ( 'NONE',  ( 13.21609793467852079, -3.345636064462192305, 7.923703456781644228 ) ) ;
#2023 = VERTEX_POINT ( 'NONE', #59 ) ;
#2024 = CARTESIAN_POINT ( 'NONE',  ( -12.24999999999999112, 0.2530572459992553869, 8.370441430145502792 ) ) ;
#2025 = CARTESIAN_POINT ( 'NONE',  ( -4.020910481843841922, -7.395726431066798945, -13.65353439024022109 ) ) ;
#2026 = CARTESIAN_POINT ( 'NONE',  ( 2.673521135080320299, -9.374512116385536942, -12.71944432217257592 ) ) ;
#2027 = ORIENTED_EDGE ( 'NONE', *, *, #4495, .T. ) ;
#2028 = CARTESIAN_POINT ( 'NONE',  ( 0.2269811518522474592, 7.070261608877126847, -8.905599643249612285 ) ) ;
#2029 = CARTESIAN_POINT ( 'NONE',  ( -12.25000000000043165, -6.903385479872950370, -3.309683308535930735 ) ) ;
#2030 = CARTESIAN_POINT ( 'NONE',  ( -5.063604967696423209, 8.754301050922434158, -12.75868488340593032 ) ) ;
#2031 = CARTESIAN_POINT ( 'NONE',  ( -4.333051787143077149, -7.233198017403649871, -13.65353439024022286 ) ) ;
#2032 = CARTESIAN_POINT ( 'NONE',  ( -12.14661254887731445, -5.922464855158308339, -5.011869404340440148 ) ) ;
#2033 = CARTESIAN_POINT ( 'NONE',  ( 9.845193179057543986, 0.8656965562503834422, -12.65089414296057413 ) ) ;
#2034 = CARTESIAN_POINT ( 'NONE',  ( -10.08906598038282176, 1.619167015014633337, -12.22586119563238327 ) ) ;
#2035 = EDGE_CURVE ( 'NONE', #4886, #4761, #2317, .T. ) ;
#2036 = DIRECTION ( 'NONE',  ( -0.000000000000000000, -0.000000000000000000, 1.000000000000000000 ) ) ;
#2037 = CARTESIAN_POINT ( 'NONE',  ( 8.110364730604734618, 5.541912292338247781, -8.749999997787799799 ) ) ;
#2038 = CARTESIAN_POINT ( 'NONE',  ( -11.79569425232364210, -1.142114412613409069, 9.506849097288993633 ) ) ;
#2039 = DIRECTION ( 'NONE',  ( -0.000000000000000000, -0.000000000000000000, 1.000000000000000000 ) ) ;
#2040 = CARTESIAN_POINT ( 'NONE',  ( -5.345654675927545618, 9.258945498424843379, -12.01109144709618270 ) ) ;
#2041 = ORIENTED_EDGE ( 'NONE', *, *, #2642, .F. ) ;
#2042 = ORIENTED_EDGE ( 'NONE', *, *, #3815, .F. ) ;
#2043 = CARTESIAN_POINT ( 'NONE',  ( -4.690532659534039972, -8.282749213411971567, -13.65353439024022997 ) ) ;
#2044 = CARTESIAN_POINT ( 'NONE',  ( -1.040834085586067533E-14, 1.802777518484600698E-14, -24.76024934587180582 ) ) ;
#2045 = EDGE_CURVE ( 'NONE', #2057, #1955, #5524, .T. ) ;
#2046 = DIRECTION ( 'NONE',  ( 0.000000000000000000, 1.002010156928930384E-16, -1.000000000000000000 ) ) ;
#2047 = CARTESIAN_POINT ( 'NONE',  ( 5.449131366324614589, 8.481236782882977110, -12.74854931879406195 ) ) ;
#2048 = CARTESIAN_POINT ( 'NONE',  ( -5.712483715716865085, -5.953467062037272939, -13.64260298707403685 ) ) ;
#2049 = CARTESIAN_POINT ( 'NONE',  ( 10.65011995450917404, -11.63895033506885746, 0.3811111474512711705 ) ) ;
#2050 = CARTESIAN_POINT ( 'NONE',  ( 7.495082897782427089, -2.168404344971008868E-15, -16.56226468677081343 ) ) ;
#2051 = ORIENTED_EDGE ( 'NONE', *, *, #1560, .F. ) ;
#2052 = CARTESIAN_POINT ( 'NONE',  ( 7.496646891116844458, -12.98457330181771496, -3.557211016089472988 ) ) ;
#2053 = B_SPLINE_SURFACE_WITH_KNOTS ( 'NONE', 3, 3, ( 
 ( #488, #5261, #3518, #994 ),
 ( #3095, #2625, #2678, #4401 ),
 ( #4349, #464, #2194, #2435 ),
 ( #3279, #3683, #4535, #4161 ),
 ( #1927, #1103, #2779, #2350 ),
 ( #192, #2754, #4912, #4968 ),
 ( #591, #677, #3658, #4508 ),
 ( #169, #1474, #4131, #2806 ),
 ( #5028, #1049, #1979, #2408 ),
 ( #4563, #3710, #246, #5446 ),
 ( #2835, #4075, #1554, #1902 ),
 ( #649, #3170, #272, #5420 ),
 ( #1131, #2325, #5369, #1446 ),
 ( #2863, #4103, #1075, #3249 ),
 ( #2378, #218, #618, #1524 ),
 ( #4941, #4996, #3629, #2010 ) ),
 .UNSPECIFIED., .F., .F., .F.,
 ( 4, 1, 1, 1, 2, 1, 1, 1, 1, 1, 1, 1, 4 ),
 ( 4, 4 ),
 ( 0.000000000000000000, 0.1035893723117354698, 0.2071787446234709396, 0.3107681169352063955, 0.4143574892469418791, 0.4875628030910741373, 0.5607681169352063399, 0.6339734307793387647, 0.7071787446234709673, 0.7803840584676031700, 0.8535893723117353726, 0.9267946861558677973, 1.000000000000000000 ),
 ( 0.000000000000000000, 1.000000000000000000 ),
 .UNSPECIFIED. ) ;
#2054 = CARTESIAN_POINT ( 'NONE',  ( 11.89550688829851843, -5.439786974697151223, 6.853555111758789842 ) ) ;
#2055 = CARTESIAN_POINT ( 'NONE',  ( 4.964225482260407496, -8.811693990808075583, -12.75869259328140792 ) ) ;
#2056 = CARTESIAN_POINT ( 'NONE',  ( -0.7687768836824361296, -9.506550322605802350, -12.71295741298109228 ) ) ;
#2057 = VERTEX_POINT ( 'NONE', #4041 ) ;
#2058 = CARTESIAN_POINT ( 'NONE',  ( 2.834531835411823852, 10.78866325426068151, 11.03005007641327317 ) ) ;
#2059 = CARTESIAN_POINT ( 'NONE',  ( -12.24999999999980105, -0.4880742149385031703, -9.255148540851335426 ) ) ;
#2060 = CARTESIAN_POINT ( 'NONE',  ( -5.056631844581836788, 8.758343269986664126, -12.75869244000834080 ) ) ;
#2061 = CARTESIAN_POINT ( 'NONE',  ( -7.496254277519051712, -4.875688759638773462, -13.65353439023926718 ) ) ;
#2062 = DIRECTION ( 'NONE',  ( -0.000000000000000000, -0.000000000000000000, 1.000000000000000000 ) ) ;
#2063 = CARTESIAN_POINT ( 'NONE',  ( 4.847151965498283310, -8.191057977367258047, -13.65353439024020865 ) ) ;
#2064 = CARTESIAN_POINT ( 'NONE',  ( -12.24999999999993605, 0.2859098670892194494, -9.299493830081432932 ) ) ;
#2065 = CARTESIAN_POINT ( 'NONE',  ( -10.58069093148317208, -0.01297498562458860964, -12.04526475049085299 ) ) ;
#2066 = LINE ( 'NONE', #5146, #3912 ) ;
#2067 = CARTESIAN_POINT ( 'NONE',  ( 9.700000000000001066, -8.000000000000003553, -6.000000000000001776 ) ) ;
#2068 = DIRECTION ( 'NONE',  ( 0.000000000000000000, 0.000000000000000000, -1.000000000000000000 ) ) ;
#2069 = DIRECTION ( 'NONE',  ( -1.000000000000000000, 0.000000000000000000, 0.000000000000000000 ) ) ;
#2070 = VERTEX_POINT ( 'NONE', #1784 ) ;
#2071 = ORIENTED_EDGE ( 'NONE', *, *, #2539, .T. ) ;
#2072 = CARTESIAN_POINT ( 'NONE',  ( -4.737706560348430962, -8.257223835712789395, -13.65353439024023174 ) ) ;
#2073 = CARTESIAN_POINT ( 'NONE',  ( -3.747541448891160254, 6.490932192949913748, -16.56226468677082053 ) ) ;
#2074 = VECTOR ( 'NONE', #825, 1000.000000000000000 ) ;
#2075 = CARTESIAN_POINT ( 'NONE',  ( -6.928555206250734955, 2.214541683254373172, -4.741084644807337156 ) ) ;
#2076 = CARTESIAN_POINT ( 'NONE',  ( 5.320637063237782627, 8.582599148530047017, -12.75287962906501171 ) ) ;
#2077 = DIRECTION ( 'NONE',  ( 0.000000000000000000, 1.000000000000000000, 0.000000000000000000 ) ) ;
#2078 = AXIS2_PLACEMENT_3D ( 'NONE', #4002, #1350, #95 ) ;
#2079 = CARTESIAN_POINT ( 'NONE',  ( 3.926829044828248350, -1.259781555095107031, 14.90075911844934176 ) ) ;
#2080 = CARTESIAN_POINT ( 'NONE',  ( 12.56934170277157747, 8.673617379884035472E-16, -8.814338527120403555 ) ) ;
#2081 = EDGE_LOOP ( 'NONE', ( #922, #3819, #1527 ) ) ;
#2082 = CARTESIAN_POINT ( 'NONE',  ( -11.79669960025923636, 1.622098058678311805, 9.374350209116400379 ) ) ;
#2083 = DIRECTION ( 'NONE',  ( 1.673187315634222194E-05, -0.9999999998600223039, 0.000000000000000000 ) ) ;
#2084 = EDGE_CURVE ( 'NONE', #1587, #4970, #1894, .T. ) ;
#2085 = CARTESIAN_POINT ( 'NONE',  ( -4.666474047330833486, -8.943541142342867900, -12.74984582234652208 ) ) ;
#2086 = EDGE_CURVE ( 'NONE', #1696, #4949, #3520, .T. ) ;
#2087 = CARTESIAN_POINT ( 'NONE',  ( 2.986003004085906465, -8.742530871223110012, -13.65353439023835769 ) ) ;
#2088 = ORIENTED_EDGE ( 'NONE', *, *, #426, .T. ) ;
#2089 = CARTESIAN_POINT ( 'NONE',  ( -10.13759299059336350, 0.4664196293444751729, -12.41701802642529451 ) ) ;
#2090 = CARTESIAN_POINT ( 'NONE',  ( -6.608048967339154700, 11.44547655033471045, 7.923703456781644228 ) ) ;
#2091 = CARTESIAN_POINT ( 'NONE',  ( 4.249696202790913091, 7.299433181416571159, -13.65353439024022109 ) ) ;
#2092 = CARTESIAN_POINT ( 'NONE',  ( -5.082789083931301910, 8.743008792269737484, -12.75859731930902008 ) ) ;
#2093 = CARTESIAN_POINT ( 'NONE',  ( -4.931907857543566642, -8.133135158423806743, -13.65353439024010207 ) ) ;
#2094 = CARTESIAN_POINT ( 'NONE',  ( 10.34961971017871818, -0.02779937946894163112, -12.24063838753781930 ) ) ;
#2095 = CIRCLE ( 'NONE', #5272, 2.000000000000000000 ) ;
#2096 = CARTESIAN_POINT ( 'NONE',  ( -12.25000000000196287, 5.132594777259401830, -5.977163332642599691 ) ) ;
#2097 = CIRCLE ( 'NONE', #5275, 0.8999999999999999112 ) ;
#2098 = CARTESIAN_POINT ( 'NONE',  ( -12.24999999999999645, 7.089160035074845110E-14, 8.380125194933041755 ) ) ;
#2099 = CARTESIAN_POINT ( 'NONE',  ( 8.424448298411274294, 5.423802096663606243, -8.749999997787803352 ) ) ;
#2100 = LINE ( 'NONE', #3008, #3260 ) ;
#2101 = CARTESIAN_POINT ( 'NONE',  ( 11.90343288829897439, 3.607106144481045717, -7.978394277713365845 ) ) ;
#2102 = CARTESIAN_POINT ( 'NONE',  ( -3.805249429326137189, 6.659821883550590904, -7.664720500623599442 ) ) ;
#2103 = CARTESIAN_POINT ( 'NONE',  ( 6.107489694535966684, 5.531996555708837526, -13.63201017880193255 ) ) ;
#2104 = ORIENTED_EDGE ( 'NONE', *, *, #1397, .F. ) ;
#2105 = CARTESIAN_POINT ( 'NONE',  ( -5.012875850961070689, -8.782975903375453086, -12.75844160601925914 ) ) ;
#2106 = CARTESIAN_POINT ( 'NONE',  ( -14.05883757168012771, 9.714451465470119729E-14, -6.025986191255825908 ) ) ;
#2107 = AXIS2_PLACEMENT_3D ( 'NONE', #5208, #3963, #85 ) ;
#2108 = CARTESIAN_POINT ( 'NONE',  ( -6.882462098257469130, 2.549225518685511283, -4.408364909346250471 ) ) ;
#2109 = LINE ( 'NONE', #5517, #1806 ) ;
#2110 = CARTESIAN_POINT ( 'NONE',  ( -10.57786719367680561, -0.08507447040051685505, -12.04773748382997489 ) ) ;
#2111 = AXIS2_PLACEMENT_3D ( 'NONE', #2267, #4448, #3543 ) ;
#2112 = UNCERTAINTY_MEASURE_WITH_UNIT (LENGTH_MEASURE( 1.000000000000000082E-05 ), #4743, 'distance_accuracy_value', 'NONE');
#2113 = CARTESIAN_POINT ( 'NONE',  ( 7.496646891116857780, -12.98457330181773628, -3.557211016089484978 ) ) ;
#2114 = CARTESIAN_POINT ( 'NONE',  ( -6.284670851385762091, -10.88536922344735380, -8.814338527120403555 ) ) ;
#2115 = VERTEX_POINT ( 'NONE', #1390 ) ;
#2116 = CARTESIAN_POINT ( 'NONE',  ( -12.24999999999988276, 0.3183253448789838402, 9.082084368580479961 ) ) ;
#2117 = EDGE_CURVE ( 'NONE', #1408, #1163, #1270, .T. ) ;
#2118 = CARTESIAN_POINT ( 'NONE',  ( 11.53066590802283464, -6.927067061773927392, -5.357856186006463517 ) ) ;
#2119 = FACE_OUTER_BOUND ( 'NONE', #4148, .T. ) ;
#2120 = CARTESIAN_POINT ( 'NONE',  ( 1.417419954541587312, -7.791628106807642062, -13.65353439024021576 ) ) ;
#2121 = VERTEX_POINT ( 'NONE', #5254 ) ;
#2122 = CARTESIAN_POINT ( 'NONE',  ( 10.74363161773557174, 1.905778707996115228E-15, -11.79026603071386603 ) ) ;
#2123 = EDGE_CURVE ( 'NONE', #680, #2837, #4056, .T. ) ;
#2124 = CARTESIAN_POINT ( 'NONE',  ( 12.25000000000000000, 0.000000000000000000, -8.776159399017403828 ) ) ;
#2125 = CARTESIAN_POINT ( 'NONE',  ( -12.25000000000029488, -0.7069868098525886602, -9.189954894064992885 ) ) ;
#2126 = CARTESIAN_POINT ( 'NONE',  ( 6.381335628301690654, -4.841229186757587399, -8.749999997787799799 ) ) ;
#2127 = CARTESIAN_POINT ( 'NONE',  ( 11.95656064985487887, -3.318926390222753042, -8.121667370331294933 ) ) ;
#2128 = CARTESIAN_POINT ( 'NONE',  ( -12.24999999999999822, 5.463730654226342409, -4.575129931323683508 ) ) ;
#2129 = FACE_BOUND ( 'NONE', #4915, .T. ) ;
#2130 = CARTESIAN_POINT ( 'NONE',  ( -7.417643696126759778, -2.725388984714556706, -13.65353439024021931 ) ) ;
#2131 = CARTESIAN_POINT ( 'NONE',  ( -11.94654103872263384, -8.115992400013967156, -0.8208654472999371565 ) ) ;
#2132 = CARTESIAN_POINT ( 'NONE',  ( -12.24999999999999822, 4.569155278717373037, 6.302894033764612658 ) ) ;
#2133 = CARTESIAN_POINT ( 'NONE',  ( 4.996124101430189590, 6.335548272093888933, -10.06286195985388510 ) ) ;
#2134 = AXIS2_PLACEMENT_3D ( 'NONE', #1234, #381, #1659 ) ;
#2135 = CARTESIAN_POINT ( 'NONE',  ( -5.500000000000000888, -17.85974039239590638, 6.499999999999999112 ) ) ;
#2136 = EDGE_LOOP ( 'NONE', ( #2273, #884, #3878, #3250, #4204, #5268, #4887 ) ) ;
#2137 = DIRECTION ( 'NONE',  ( 0.4999999999544408325, 0.8660254038107423336, 0.000000000000000000 ) ) ;
#2138 = CARTESIAN_POINT ( 'NONE',  ( -10.69130935185525999, 7.112366251504909087E-14, -12.01109144709618270 ) ) ;
#2139 = CARTESIAN_POINT ( 'NONE',  ( -4.223171334864569637, 7.314747321054063889, -13.65353439024021043 ) ) ;
#2140 = CARTESIAN_POINT ( 'NONE',  ( 7.783062004527151245, 4.386613236386011749, -13.65353439023737003 ) ) ;
#2141 = CARTESIAN_POINT ( 'NONE',  ( -10.38219009043280749, -0.6826392020235562130, -12.21711408806167931 ) ) ;
#2142 = CARTESIAN_POINT ( 'NONE',  ( 7.811825646387161370, 1.892881048235030672, -13.65353439024021576 ) ) ;
#2143 = CARTESIAN_POINT ( 'NONE',  ( -7.702343320404782645, -13.34084996827992242, 0.3811111474512781094 ) ) ;
#2144 = ORIENTED_EDGE ( 'NONE', *, *, #3360, .F. ) ;
#2145 = CARTESIAN_POINT ( 'NONE',  ( -2.518895697892810315, -7.200291148027510246, -16.56226468677082053 ) ) ;
#2146 = B_SPLINE_CURVE_WITH_KNOTS ( 'NONE', 3,
 ( #3841, #5582, #4723, #836, #411, #2142 ),
 .UNSPECIFIED., .F., .F.,
 ( 4, 2, 4 ),
 ( 0.003798424200134970993, 0.005186258657573297043, 0.006574093115011622225 ),
 .UNSPECIFIED. ) ;
#2147 = CARTESIAN_POINT ( 'NONE',  ( 11.65281055870909022, -8.289121003432173396, 2.825182758620382817 ) ) ;
#2148 = CARTESIAN_POINT ( 'NONE',  ( -5.056631844581888302, -8.758343269986610835, -12.75869244000833547 ) ) ;
#2149 = CARTESIAN_POINT ( 'NONE',  ( 4.203239516981249757, -7.324976521343882219, -13.65353439024022286 ) ) ;
#2150 = EDGE_CURVE ( 'NONE', #4087, #1136, #1804, .T. ) ;
#2151 = ORIENTED_EDGE ( 'NONE', *, *, #4606, .F. ) ;
#2152 = CARTESIAN_POINT ( 'NONE',  ( -8.249999999999998224, -6.000000000000000000, 9.035279968901654336E-16 ) ) ;
#2153 = CARTESIAN_POINT ( 'NONE',  ( 3.797213619550939168, 6.576966916254566087, 13.40799355303542839 ) ) ;
#2154 = CARTESIAN_POINT ( 'NONE',  ( -12.24999999999996092, -0.09675304440161741626, -9.321088739697385606 ) ) ;
#2155 = CARTESIAN_POINT ( 'NONE',  ( -4.321523561283387771, 7.242449380697865813, -13.65353439024021043 ) ) ;
#2156 = CARTESIAN_POINT ( 'NONE',  ( 10.19171799261089717, -0.3822271264902037391, -12.37257979199134894 ) ) ;
#2157 = CARTESIAN_POINT ( 'NONE',  ( -12.24999999999999645, -0.1271199243650117938, 8.380125164929484782 ) ) ;
#2158 = CARTESIAN_POINT ( 'NONE',  ( -11.79685784988359920, -0.5772895662350931989, 9.608529152007054819 ) ) ;
#2159 = APPLICATION_PROTOCOL_DEFINITION ( 'draft international standard', 'automotive_design', 1998, #5014 ) ;
#2160 = FACE_OUTER_BOUND ( 'NONE', #4483, .T. ) ;
#2161 = EDGE_CURVE ( 'NONE', #2280, #1903, #637, .T. ) ;
#2162 = CARTESIAN_POINT ( 'NONE',  ( 4.737706560348006413, 8.257223835713027427, -13.65353439024021753 ) ) ;
#2163 = ORIENTED_EDGE ( 'NONE', *, *, #4641, .T. ) ;
#2164 = CARTESIAN_POINT ( 'NONE',  ( 5.802319429865627320, 5.439786974697152111, 12.91764512425556255 ) ) ;
#2165 = CARTESIAN_POINT ( 'NONE',  ( -13.21609793467851901, 8.933825901280556536E-14, 7.923703456781644228 ) ) ;
#2166 = CARTESIAN_POINT ( 'NONE',  ( -4.203239516981182256, 7.324976521343880442, -13.65353439024021576 ) ) ;
#2167 = CARTESIAN_POINT ( 'NONE',  ( 9.975925695223939016, 0.7005864407262955007, -12.54788505987536062 ) ) ;
#2168 = CARTESIAN_POINT ( 'NONE',  ( -5.355610139010858362, -6.194029546748070381, -13.65353439024020332 ) ) ;
#2169 = DIRECTION ( 'NONE',  ( -0.000000000000000000, -0.000000000000000000, -1.000000000000000000 ) ) ;
#2170 = CARTESIAN_POINT ( 'NONE',  ( -7.594427239101724680, 0.000000000000000000, 13.40799355303542839 ) ) ;
#2171 = ORIENTED_EDGE ( 'NONE', *, *, #4606, .T. ) ;
#2172 = CARTESIAN_POINT ( 'NONE',  ( -11.57338852497735715, 7.889818978545834110E-14, -10.46688600320715246 ) ) ;
#2173 = VECTOR ( 'NONE', #5111, 1000.000000000000000 ) ;
#2174 = CARTESIAN_POINT ( 'NONE',  ( 11.68526405074196362, -7.880517137641143144, 3.819494425314577057 ) ) ;
#2175 = CARTESIAN_POINT ( 'NONE',  ( -3.000992371710839102, -9.333181313935275725, -12.72184764928354994 ) ) ;
#2176 = CARTESIAN_POINT ( 'NONE',  ( -3.698723306799526878, -9.211858943531765931, -12.72962060520679373 ) ) ;
#2177 = ORIENTED_EDGE ( 'NONE', *, *, #2161, .T. ) ;
#2178 = CARTESIAN_POINT ( 'NONE',  ( 11.96327267317351506, 0.2826035993044038186, -9.780692569928136848 ) ) ;
#2179 = CARTESIAN_POINT ( 'NONE',  ( 4.273653501818523104, 7.280232506134030501, -13.65353439024022109 ) ) ;
#2180 = CARTESIAN_POINT ( 'NONE',  ( -12.24999999999999467, -0.1286776805891893527, -8.760503463384223366 ) ) ;
#2181 = CARTESIAN_POINT ( 'NONE',  ( -5.657497179709471524, -5.998027859034964493, -8.002350060435233559 ) ) ;
#2182 = EDGE_CURVE ( 'NONE', #4943, #3721, #711, .T. ) ;
#2183 = CARTESIAN_POINT ( 'NONE',  ( -5.073031394731182253, -6.444780768118057779, -13.65353439024021753 ) ) ;
#2184 = DIRECTION ( 'NONE',  ( -0.000000000000000000, -0.000000000000000000, 1.000000000000000000 ) ) ;
#2185 = CARTESIAN_POINT ( 'NONE',  ( -12.14919874392655785, 7.758591421936365862, 0.03125390705609432107 ) ) ;
#2186 = CARTESIAN_POINT ( 'NONE',  ( -1.928435696110814002, 6.990151146443530195, -7.345981449850925493 ) ) ;
#2187 = CARTESIAN_POINT ( 'NONE',  ( 4.223021972046032246, 7.314832526865342466, -13.65353439024022641 ) ) ;
#2188 = ORIENTED_EDGE ( 'NONE', *, *, #2803, .F. ) ;
#2189 = CARTESIAN_POINT ( 'NONE',  ( -6.249999999999996447, 3.000000000000024425, 5.196152422706619589 ) ) ;
#2190 = CARTESIAN_POINT ( 'NONE',  ( -7.496646891116767186, 12.98457330181778957, -3.557211016089484978 ) ) ;
#2191 = EDGE_CURVE ( 'NONE', #2866, #2247, #3273, .T. ) ;
#2192 = CARTESIAN_POINT ( 'NONE',  ( -5.037545621682926189, 8.769240826067310479, -12.75864225789580964 ) ) ;
#2193 = CARTESIAN_POINT ( 'NONE',  ( 10.34819843832676867, 1.214151159288100246, -12.04271838011754348 ) ) ;
#2194 = CARTESIAN_POINT ( 'NONE',  ( 3.940713593307409557, 0.7568499903312246868, -20.83958864581944326 ) ) ;
#2195 = AXIS2_PLACEMENT_3D ( 'NONE', #5026, #3305, #4590 ) ;
#2196 =( GEOMETRIC_REPRESENTATION_CONTEXT ( 3 ) GLOBAL_UNCERTAINTY_ASSIGNED_CONTEXT ( ( #2112 ) ) GLOBAL_UNIT_ASSIGNED_CONTEXT ( ( #4743, #1811, #3861 ) ) REPRESENTATION_CONTEXT ( 'NONE', 'WORKASPACE' ) );
#2197 = CARTESIAN_POINT ( 'NONE',  ( 4.999999999999999112, -0.0002019602996343742218, -9.749999997787799799 ) ) ;
#2198 = CARTESIAN_POINT ( 'NONE',  ( -3.940713593307409557, -0.7568499903312246868, -20.83958864581944326 ) ) ;
#2199 = ORIENTED_EDGE ( 'NONE', *, *, #2191, .F. ) ;
#2200 = CARTESIAN_POINT ( 'NONE',  ( -1.862394475783622383, -7.694035269741880789, 13.40799355303542839 ) ) ;
#2201 = CARTESIAN_POINT ( 'NONE',  ( 11.87012413546539591, -5.697415932310887499, 6.640930032325914389 ) ) ;
#2202 = CARTESIAN_POINT ( 'NONE',  ( 0.8609004701397832138, 9.514646088269737234, -12.71261252878058023 ) ) ;
#2203 = FACE_OUTER_BOUND ( 'NONE', #98, .T. ) ;
#2204 = EDGE_LOOP ( 'NONE', ( #4210, #2327, #739, #1535, #1904 ) ) ;
#2205 = VERTEX_POINT ( 'NONE', #1493 ) ;
#2206 = CARTESIAN_POINT ( 'NONE',  ( 12.25000000000000355, 0.009776519207644543061, -8.776158519389230861 ) ) ;
#2207 = B_SPLINE_CURVE_WITH_KNOTS ( 'NONE', 3,
 ( #2851, #1889, #4036, #2366, #3697, #2339, #261, #4064, #232, #605 ),
 .UNSPECIFIED., .F., .F.,
 ( 4, 2, 2, 2, 4 ),
 ( 1.015220885719448636E-17, 0.001420886884819693536, 0.002841773769639376664, 0.004262660654459060443, 0.005683547539278743788 ),
 .UNSPECIFIED. ) ;
#2208 = CARTESIAN_POINT ( 'NONE',  ( 3.540567915631158691, -7.524920194366734094, -13.65353439024022464 ) ) ;
#2209 = CARTESIAN_POINT ( 'NONE',  ( 1.074660247923445944, 0.000000000000000000, 15.23975065412817465 ) ) ;
#2210 = CARTESIAN_POINT ( 'NONE',  ( -11.97115296434011356, 8.190384643818178775E-14, -9.794801864921526047 ) ) ;
#2211 = CARTESIAN_POINT ( 'NONE',  ( -11.92271881876571626, -1.110381771173958754, -9.570468932241265492 ) ) ;
#2212 = DIRECTION ( 'NONE',  ( 0.000000000000000000, 0.000000000000000000, 1.000000000000000000 ) ) ;
#2213 = CARTESIAN_POINT ( 'NONE',  ( 4.924868111744528321, 8.828976810775827744, -12.75690793152185343 ) ) ;
#2214 = EDGE_CURVE ( 'NONE', #4344, #4696, #2742, .T. ) ;
#2215 = ORIENTED_EDGE ( 'NONE', *, *, #606, .F. ) ;
#2216 = CARTESIAN_POINT ( 'NONE',  ( 11.66211946956953938, 5.439786974697152999, 7.302604267611738642 ) ) ;
#2217 = CARTESIAN_POINT ( 'NONE',  ( 11.86542338816411757, 5.527776802728916472, 6.826981762725543135 ) ) ;
#2218 = CARTESIAN_POINT ( 'NONE',  ( -4.198176095140772723, 7.327377010670306667, -13.65353439024022286 ) ) ;
#2219 = CARTESIAN_POINT ( 'NONE',  ( 10.29034563261381052, 0.1948905438325985728, -12.29053535049355261 ) ) ;
#2220 = CARTESIAN_POINT ( 'NONE',  ( 11.89786165938388685, 1.754273154807156843, -9.277171892084174587 ) ) ;
#2221 = DIRECTION ( 'NONE',  ( 0.000000000000000000, 0.000000000000000000, 1.000000000000000000 ) ) ;
#2222 = EDGE_CURVE ( 'NONE', #278, #3843, #699, .T. ) ;
#2223 = CARTESIAN_POINT ( 'NONE',  ( -14.99329378223377596, 0.000000000000000000, -3.557211016089484978 ) ) ;
#2224 = EDGE_LOOP ( 'NONE', ( #3900, #1751, #806, #3999, #2755, #845, #2104 ) ) ;
#2225 = CLOSED_SHELL ( 'NONE', ( #5145, #3705, #4156, #337, #3604, #3672, #3388, #3746, #311, #42, #2608, #2709, #4109, #3140, #5510, #2844, #130, #3534, #3219, #3630, #5213, #4046, #75, #4331, #3856, #4579, #4410, #3396, #3208, #1284, #3953, #5249, #4363, #2992, #1896, #1595, #1542, #1218, #107, #454, #3985, #50, #729, #999, #2729, #2702, #4864, #2652, #2258, #1211, #4015, #512, #730, #3807, #3886, #4184, #1808, #1767, #2680, #3822, #790, #4766, #2613, #3561, #3154, #2985, #577, #1426, #2948, #3467, #3052, #4993, #2009, #4885, #1519, #4690, #394, #4751, #684, #1330, #2424, #969, #540, #4341, #2905, #1932, #4824, #1796 ) ) ;
#2226 = CARTESIAN_POINT ( 'NONE',  ( -9.508203419209111829, -2.398356220929290128, -12.62076719855920182 ) ) ;
#2227 = DIRECTION ( 'NONE',  ( -0.000000000000000000, -0.000000000000000000, -1.000000000000000000 ) ) ;
#2228 = CARTESIAN_POINT ( 'NONE',  ( -6.809081694305791466, 2.999999999999951594, -6.096152422706657248 ) ) ;
#2229 = EDGE_CURVE ( 'NONE', #2962, #680, #2003, .T. ) ;
#2230 = ORIENTED_EDGE ( 'NONE', *, *, #4395, .T. ) ;
#2231 = ORIENTED_EDGE ( 'NONE', *, *, #4395, .F. ) ;
#2232 = CARTESIAN_POINT ( 'NONE',  ( -12.24999999999804778, 1.466393681940219906, -8.847852009965718523 ) ) ;
#2233 = CARTESIAN_POINT ( 'NONE',  ( 11.89916950705502963, -5.581893428120091372, 6.703249507110590422 ) ) ;
#2234 = CARTESIAN_POINT ( 'NONE',  ( 6.019793203775611445, -7.937472747333055523, -12.73156924143822266 ) ) ;
#2235 = CARTESIAN_POINT ( 'NONE',  ( 6.520726147118396376, -4.332772238813509702, -13.65353439024021576 ) ) ;
#2236 = CARTESIAN_POINT ( 'NONE',  ( -12.24999999999999112, -0.5004129987250998113, 8.339408126674642929 ) ) ;
#2237 = CARTESIAN_POINT ( 'NONE',  ( -10.75000000000000000, 2.999999999999952482, -4.296152422706658314 ) ) ;
#2238 = CARTESIAN_POINT ( 'NONE',  ( -4.996124101430183373, -6.335548272093890709, -24.76024934587180937 ) ) ;
#2239 = FACE_OUTER_BOUND ( 'NONE', #946, .T. ) ;
#2240 = CARTESIAN_POINT ( 'NONE',  ( 4.698412303148524316, 8.278626976070857069, -13.65353439024021398 ) ) ;
#2241 = CARTESIAN_POINT ( 'NONE',  ( -4.759994579475196552, -8.244552455499768229, -13.65353439024021220 ) ) ;
#2242 = LINE ( 'NONE', #2721, #2370 ) ;
#2243 = CARTESIAN_POINT ( 'NONE',  ( 5.074721175992253031, -8.747787614227194197, -12.75864622187790332 ) ) ;
#2244 = CARTESIAN_POINT ( 'NONE',  ( -5.404567570191044723, 8.517816618050099819, -12.75006201813392970 ) ) ;
#2245 = CARTESIAN_POINT ( 'NONE',  ( -4.718748015525747519, 8.267707703953234954, -13.65353439024029392 ) ) ;
#2246 = CARTESIAN_POINT ( 'NONE',  ( 11.87937184655567435, 2.394681224740491832, -8.907770160363199352 ) ) ;
#2247 = VERTEX_POINT ( 'NONE', #1577 ) ;
#2248 = VERTEX_POINT ( 'NONE', #3301 ) ;
#2249 = CARTESIAN_POINT ( 'NONE',  ( -9.355546009936841045, -2.587838219831046338, -12.71841089425808669 ) ) ;
#2250 = CYLINDRICAL_SURFACE ( 'NONE', #672, 2.000000000000000000 ) ;
#2251 = DIRECTION ( 'NONE',  ( 0.000000000000000000, 0.000000000000000000, -1.000000000000000000 ) ) ;
#2252 = FACE_OUTER_BOUND ( 'NONE', #1212, .T. ) ;
#2253 = LINE ( 'NONE', #2333, #414 ) ;
#2254 = EDGE_LOOP ( 'NONE', ( #4273, #1557, #2711, #4978 ) ) ;
#2255 = CARTESIAN_POINT ( 'NONE',  ( -12.24999999999992184, 4.316104477624869595, -6.794297382589464362 ) ) ;
#2256 = CARTESIAN_POINT ( 'NONE',  ( 12.25000000000005862, 0.4851986394696629068, -9.257123955908642898 ) ) ;
#2257 = PRODUCT_RELATED_PRODUCT_CATEGORY ( 'part', '', ( #3726 ) ) ;
#2258 = ADVANCED_FACE ( 'NONE', ( #2490 ), #1701, .T. ) ;
#2259 = CARTESIAN_POINT ( 'NONE',  ( -8.249999999999998224, 3.000000000000024425, 5.196152422706620477 ) ) ;
#2260 = CARTESIAN_POINT ( 'NONE',  ( -5.091478752633988414, 6.306877910092954842, -10.17378778596942546 ) ) ;
#2261 = B_SPLINE_CURVE_WITH_KNOTS ( 'NONE', 3,
 ( #5160, #5132, #1298, #2054 ),
 .UNSPECIFIED., .F., .F.,
 ( 4, 4 ),
 ( 0.000000000000000000, 7.129366197146041833E-05 ),
 .UNSPECIFIED. ) ;
#2262 = CARTESIAN_POINT ( 'NONE',  ( -12.25000000000131450, -1.443136989450774621, 8.851061114584384271 ) ) ;
#2263 = CARTESIAN_POINT ( 'NONE',  ( -11.89772429113480534, -1.734890802291581213, -9.297090825743548947 ) ) ;
#2264 = CARTESIAN_POINT ( 'NONE',  ( 6.918458296977143540, -11.98312128041092706, -6.401395631722282431 ) ) ;
#2265 = CARTESIAN_POINT ( 'NONE',  ( 5.044770324859753963, 8.765143767785728457, -12.75867158782269506 ) ) ;
#2266 = CARTESIAN_POINT ( 'NONE',  ( 6.435810131856715799, 7.415863152786458024, -6.708574639902587400 ) ) ;
#2267 = CARTESIAN_POINT ( 'NONE',  ( -10.74999999999999645, 3.000000000000024425, 5.196152422706620477 ) ) ;
#2268 = CARTESIAN_POINT ( 'NONE',  ( 4.771817245315552292, -8.237669130816728469, -13.65353439024021398 ) ) ;
#2269 = CARTESIAN_POINT ( 'NONE',  ( -4.874708473449139490, 8.172872500184253042, -13.65353439024019444 ) ) ;
#2270 = CARTESIAN_POINT ( 'NONE',  ( -4.924971607137180740, 8.828953279173214597, -12.75692110136441570 ) ) ;
#2271 = FACE_OUTER_BOUND ( 'NONE', #496, .T. ) ;
#2272 = ORIENTED_EDGE ( 'NONE', *, *, #1038, .F. ) ;
#2273 = ORIENTED_EDGE ( 'NONE', *, *, #3575, .F. ) ;
#2274 = CARTESIAN_POINT ( 'NONE',  ( -10.74362848909473378, 0.02240455683284017091, -11.79027092705016244 ) ) ;
#2275 = CARTESIAN_POINT ( 'NONE',  ( -6.401606370864102225, -4.776421714441966060, -13.65031664903180619 ) ) ;
#2276 = VECTOR ( 'NONE', #2077, 1000.000000000000000 ) ;
#2277 = CARTESIAN_POINT ( 'NONE',  ( -10.13626030093341690, -0.4673181344674977589, -12.41810517117186485 ) ) ;
#2278 = CARTESIAN_POINT ( 'NONE',  ( -5.499999999999998224, -13.33348071145182345, 4.511280427126877157 ) ) ;
#2279 = DIRECTION ( 'NONE',  ( 0.000000000000000000, 0.000000000000000000, 1.000000000000000000 ) ) ;
#2280 = VERTEX_POINT ( 'NONE', #2522 ) ;
#2281 = ORIENTED_EDGE ( 'NONE', *, *, #4464, .F. ) ;
#2282 = CARTESIAN_POINT ( 'NONE',  ( -12.25000000000000888, 3.846346781536741144, -6.305879211626259639 ) ) ;
#2283 = CARTESIAN_POINT ( 'NONE',  ( 3.199999999999999734, -13.00199129927385577, 6.499999999999999112 ) ) ;
#2284 = CIRCLE ( 'NONE', #1300, 2.000000000000000444 ) ;
#2285 = CARTESIAN_POINT ( 'NONE',  ( 0.7052542284602589806, -7.818570947971881679, -13.65353439024022109 ) ) ;
#2286 = CARTESIAN_POINT ( 'NONE',  ( -5.145503181986189389, -6.290634340147830628, -7.773756461153436881 ) ) ;
#2287 = EDGE_CURVE ( 'NONE', #5238, #1962, #362, .T. ) ;
#2288 = STYLED_ITEM ( 'NONE', ( #3085 ), #5307 ) ;
#2289 = CARTESIAN_POINT ( 'NONE',  ( -12.24999999999912959, -4.876096798959613565, 6.753740726342186917 ) ) ;
#2290 = DIRECTION ( 'NONE',  ( 1.000000000000000000, 0.000000000000000000, -1.095185450775958527E-16 ) ) ;
#2291 = DIRECTION ( 'NONE',  ( 1.000000000000000000, 0.000000000000000000, 0.000000000000000000 ) ) ;
#2292 = CARTESIAN_POINT ( 'NONE',  ( 5.056631844581895407, -8.758343269986621493, -12.75869244000834613 ) ) ;
#2293 = CARTESIAN_POINT ( 'NONE',  ( 6.291207464139155547, 5.147032945919661096, -13.30031056585333005 ) ) ;
#2294 = CARTESIAN_POINT ( 'NONE',  ( 3.199999999999997957, -6.380300083108361164, 13.49509795826530656 ) ) ;
#2295 = CARTESIAN_POINT ( 'NONE',  ( 5.086028313581265614, -8.741075352533073328, -12.75857187611583932 ) ) ;
#2296 = CARTESIAN_POINT ( 'NONE',  ( -6.494181741281102482, 7.373159447919118925, -12.72322168412212662 ) ) ;
#2297 = CARTESIAN_POINT ( 'NONE',  ( 3.555182340817339970, 7.521258032825899775, -13.65353439024021043 ) ) ;
#2298 = DIRECTION ( 'NONE',  ( 2.602085213965242196E-15, 1.000000000000000000, 0.000000000000000000 ) ) ;
#2299 = ORIENTED_EDGE ( 'NONE', *, *, #5410, .F. ) ;
#2300 = ORIENTED_EDGE ( 'NONE', *, *, #1963, .F. ) ;
#2301 = CARTESIAN_POINT ( 'NONE',  ( -10.32801875850685569, 0.1000306863395626078, -12.25887322248138389 ) ) ;
#2302 = CARTESIAN_POINT ( 'NONE',  ( -10.66716540198924257, -0.5193969092917521957, -11.82588130892814604 ) ) ;
#2303 = CARTESIAN_POINT ( 'NONE',  ( 4.566073689231521904, 8.980154720498443766, -12.74697962021288511 ) ) ;
#2304 = CARTESIAN_POINT ( 'NONE',  ( -5.499999999999999112, -13.84717316117443531, -1.869094076002728366 ) ) ;
#2305 = CARTESIAN_POINT ( 'NONE',  ( 3.199999999999999734, 5.439786974697152111, 13.58355318891101682 ) ) ;
#2306 = AXIS2_PLACEMENT_3D ( 'NONE', #5293, #1403, #3075 ) ;
#2307 = ORIENTED_EDGE ( 'NONE', *, *, #4191, .T. ) ;
#2308 = VERTEX_POINT ( 'NONE', #3793 ) ;
#2309 = CARTESIAN_POINT ( 'NONE',  ( -12.24999999999978861, 7.286189977369398996, 2.933784596853322491 ) ) ;
#2310 = CARTESIAN_POINT ( 'NONE',  ( 9.700000000000001066, 5.439786974697151223, 6.853555111758804941 ) ) ;
#2311 = CARTESIAN_POINT ( 'NONE',  ( 5.056631844581895407, -8.758343269986621493, -12.75869244000834613 ) ) ;
#2312 = EDGE_CURVE ( 'NONE', #2205, #355, #3205, .T. ) ;
#2313 = CARTESIAN_POINT ( 'NONE',  ( 4.731944218599752894, -8.260446294983935900, -13.65353439024021753 ) ) ;
#2314 = CARTESIAN_POINT ( 'NONE',  ( -12.24999999999999289, -3.850583691148947274, 6.748861091908223919 ) ) ;
#2315 = CARTESIAN_POINT ( 'NONE',  ( 10.34696821532352651, 0.02591342834636012338, -12.24287982823893906 ) ) ;
#2316 = FACE_OUTER_BOUND ( 'NONE', #2541, .T. ) ;
#2317 = LINE ( 'NONE', #3064, #4515 ) ;
#2318 = CARTESIAN_POINT ( 'NONE',  ( 10.56965456413171545, -0.1567343105529074021, -12.05493937810626548 ) ) ;
#2319 = CARTESIAN_POINT ( 'NONE',  ( 6.809387187562596644, 5.003802035125378467, -8.873300202670579395 ) ) ;
#2320 = CARTESIAN_POINT ( 'NONE',  ( 3.199999999999997957, -8.639183698205933126, 12.07910463973954762 ) ) ;
#2321 = CARTESIAN_POINT ( 'NONE',  ( 5.134197544450731954, -8.711528108832474970, -12.75794851114831729 ) ) ;
#2322 = CARTESIAN_POINT ( 'NONE',  ( -4.957004711112937834, 8.114550811720663503, -13.65353439024019089 ) ) ;
#2323 = CARTESIAN_POINT ( 'NONE',  ( -2.838394583256305559, 7.649830609943399473, -13.65353439024020865 ) ) ;
#2324 = EDGE_CURVE ( 'NONE', #5165, #3030, #3022, .T. ) ;
#2325 = CARTESIAN_POINT ( 'NONE',  ( 5.729998003162780407, 5.461073332090770727, 13.40799355303541596 ) ) ;
#2326 = ORIENTED_EDGE ( 'NONE', *, *, #2683, .F. ) ;
#2327 = ORIENTED_EDGE ( 'NONE', *, *, #719, .T. ) ;
#2328 = CARTESIAN_POINT ( 'NONE',  ( -10.74085633826246955, 0.1025923634206031693, -11.79040665973775859 ) ) ;
#2329 = CARTESIAN_POINT ( 'NONE',  ( 11.96327586327746317, -0.2832683414018949963, -9.780612760578929255 ) ) ;
#2330 = CARTESIAN_POINT ( 'NONE',  ( 5.065756789049451037, 8.753070774645784979, -12.75869793428827670 ) ) ;
#2331 = FACE_OUTER_BOUND ( 'NONE', #2136, .T. ) ;
#2332 = CARTESIAN_POINT ( 'NONE',  ( -11.88360885564054747, 6.190043458994488823, 6.066350750727969476 ) ) ;
#2333 = CARTESIAN_POINT ( 'NONE',  ( -6.249999999999999112, -5.227723404215887548, -24.76024934587180937 ) ) ;
#2334 = ORIENTED_EDGE ( 'NONE', *, *, #4437, .F. ) ;
#2335 = B_SPLINE_CURVE_WITH_KNOTS ( 'NONE', 3,
 ( #3719, #2786, #150, #226 ),
 .UNSPECIFIED., .F., .F.,
 ( 4, 4 ),
 ( 0.001442663767477338687, 0.001909238413760294423 ),
 .UNSPECIFIED. ) ;
#2336 = CARTESIAN_POINT ( 'NONE',  ( -12.24999999999999822, 4.785043436797567828, 5.918295364142134751 ) ) ;
#2337 = DIRECTION ( 'NONE',  ( 0.000000000000000000, 1.000000000000000000, 0.000000000000000000 ) ) ;
#2338 = CARTESIAN_POINT ( 'NONE',  ( -3.086272258368426544E-15, 10.28104244438736536, -24.76024934587180937 ) ) ;
#2339 = CARTESIAN_POINT ( 'NONE',  ( 3.200000000000003730, -2.356930613938363450, 14.70190893433809087 ) ) ;
#2340 = AXIS2_PLACEMENT_3D ( 'NONE', #161, #1016, #4474 ) ;
#2341 = CARTESIAN_POINT ( 'NONE',  ( -12.25000000000042810, -4.267559555343029665, 7.278653047422688260 ) ) ;
#2342 = VECTOR ( 'NONE', #4578, 1000.000000000000000 ) ;
#2343 = CARTESIAN_POINT ( 'NONE',  ( 6.435810131856715799, 11.12379472917968570, -10.06286195985388154 ) ) ;
#2344 =( LENGTH_UNIT ( ) NAMED_UNIT ( * ) SI_UNIT ( .MILLI., .METRE. ) );
#2345 = CARTESIAN_POINT ( 'NONE',  ( -12.24999999999999822, -2.669598330337274561, -7.275695482540511350 ) ) ;
#2346 = CARTESIAN_POINT ( 'NONE',  ( 9.854472872074104828, -0.8555091812968158571, -12.64367928439379796 ) ) ;
#2347 = DIRECTION ( 'NONE',  ( -1.000000000000000000, 0.000000000000000000, 0.000000000000000000 ) ) ;
#2348 = CARTESIAN_POINT ( 'NONE',  ( -6.031007699531289568, 7.009333166945517668, -13.65353439023950699 ) ) ;
#2349 = CARTESIAN_POINT ( 'NONE',  ( 3.811272667615281939, 7.458001254896922561, -13.65353439024021043 ) ) ;
#2350 = CARTESIAN_POINT ( 'NONE',  ( 10.69130935185527242, 0.000000000000000000, -12.01109144709619514 ) ) ;
#2351 = ORIENTED_EDGE ( 'NONE', *, *, #5445, .T. ) ;
#2352 = ORIENTED_EDGE ( 'NONE', *, *, #2683, .T. ) ;
#2353 = CARTESIAN_POINT ( 'NONE',  ( 5.887503488522833450, 6.296861558849453644, -8.749999997787798023 ) ) ;
#2354 = EDGE_CURVE ( 'NONE', #1990, #4783, #4023, .T. ) ;
#2355 = CARTESIAN_POINT ( 'NONE',  ( 12.24999999999986500, -0.1973754039260507409, -9.312263934520487396 ) ) ;
#2356 = CARTESIAN_POINT ( 'NONE',  ( 4.258689268453281329, 7.290871110986942405, -13.65353439024022286 ) ) ;
#2357 = DIRECTION ( 'NONE',  ( -0.000000000000000000, -1.002010156928930384E-16, 1.000000000000000000 ) ) ;
#2358 = CARTESIAN_POINT ( 'NONE',  ( 7.743981870925445586E-15, 4.648177544792775881E-16, -24.76024934587180226 ) ) ;
#2359 = CIRCLE ( 'NONE', #1641, 0.8999999999999998002 ) ;
#2360 = ORIENTED_EDGE ( 'NONE', *, *, #449, .T. ) ;
#2361 = EDGE_LOOP ( 'NONE', ( #4352, #2071, #4609, #2281 ) ) ;
#2362 = CARTESIAN_POINT ( 'NONE',  ( -11.83712359150488602, 4.380182659521301147, 7.876121128789273840 ) ) ;
#2363 = CARTESIAN_POINT ( 'NONE',  ( -6.249999999999997335, 6.114269194416379172, -8.908563491628894937 ) ) ;
#2364 = CARTESIAN_POINT ( 'NONE',  ( -5.567781676934019153, 8.382396770629814142, -12.74452786693043471 ) ) ;
#2365 = CIRCLE ( 'NONE', #5555, 17.35143634042886163 ) ;
#2366 = CARTESIAN_POINT ( 'NONE',  ( 3.199999999999997957, -3.745095776025022971, 14.41761694466685739 ) ) ;
#2367 = CIRCLE ( 'NONE', #5559, 0.9000000000000005773 ) ;
#2368 = CARTESIAN_POINT ( 'NONE',  ( 11.56711507691151830, 6.210046982884134259, -6.174674144371665285 ) ) ;
#2369 = CARTESIAN_POINT ( 'NONE',  ( -11.84717748569213569, -4.959246373453281009, -6.923537905838814233 ) ) ;
#2370 = VECTOR ( 'NONE', #1418, 1000.000000000000114 ) ;
#2371 = CARTESIAN_POINT ( 'NONE',  ( -4.223402424642279662, 7.314611983205614898, -13.65353439024022109 ) ) ;
#2372 = CARTESIAN_POINT ( 'NONE',  ( -1.963414522414115071, -3.400733709139851069, 14.90075911844934353 ) ) ;
#2373 = CARTESIAN_POINT ( 'NONE',  ( 10.58025261833766884, -0.03694912336116370349, -12.04564775088940287 ) ) ;
#2374 = FACE_OUTER_BOUND ( 'NONE', #1456, .T. ) ;
#2375 = SURFACE_STYLE_FILL_AREA ( #299 ) ;
#2376 = CARTESIAN_POINT ( 'NONE',  ( -10.58023040728217623, -0.03784209484325468109, -12.04566711055483985 ) ) ;
#2377 = CARTESIAN_POINT ( 'NONE',  ( 3.895893224031944158, 7.435032075077892877, -13.65353439024021220 ) ) ;
#2378 = CARTESIAN_POINT ( 'NONE',  ( 0.6544890075644409499, 1.133608214096948785, 15.23975065412816754 ) ) ;
#2379 = EDGE_CURVE ( 'NONE', #1990, #2280, #447, .T. ) ;
#2380 = ORIENTED_EDGE ( 'NONE', *, *, #1673, .T. ) ;
#2381 = EDGE_LOOP ( 'NONE', ( #4634, #3050, #1373, #4296, #195, #2531 ) ) ;
#2382 = CARTESIAN_POINT ( 'NONE',  ( 8.327122666680697449, -3.386215737220498401, -13.65353439023690107 ) ) ;
#2383 = CARTESIAN_POINT ( 'NONE',  ( 4.249637807719554239, -7.299466895826756563, -13.65353439024021576 ) ) ;
#2384 = CARTESIAN_POINT ( 'NONE',  ( 4.767658201014482344, 8.240108474917946069, -13.65353439024020865 ) ) ;
#2385 = CARTESIAN_POINT ( 'NONE',  ( -4.767658201014473462, -8.240108474917947845, -13.65353439024021753 ) ) ;
#2386 = EDGE_CURVE ( 'NONE', #3812, #2070, #3266, .T. ) ;
#2387 = CARTESIAN_POINT ( 'NONE',  ( 7.623479776832856381, 7.101717225980110015, -7.041444979279964045 ) ) ;
#2388 = CARTESIAN_POINT ( 'NONE',  ( 1.963414522414127283, -3.400733709139868832, 14.90075911844933110 ) ) ;
#2389 = ORIENTED_EDGE ( 'NONE', *, *, #1387, .F. ) ;
#2390 = CARTESIAN_POINT ( 'NONE',  ( -12.24999999999999822, 7.140791201916366404, 0.5464380665929370329 ) ) ;
#2391 = CARTESIAN_POINT ( 'NONE',  ( 0.3380818723002103066, -13.39215013803867826, 6.499999999999998224 ) ) ;
#2392 = FACE_OUTER_BOUND ( 'NONE', #3180, .T. ) ;
#2393 = AXIS2_PLACEMENT_3D ( 'NONE', #2947, #2495, #271 ) ;
#2394 = EDGE_CURVE ( 'NONE', #2247, #1770, #3756, .T. ) ;
#2395 = CARTESIAN_POINT ( 'NONE',  ( 4.217010864457456876, -7.318077731828735111, -13.65353439024021220 ) ) ;
#2396 = ORIENTED_EDGE ( 'NONE', *, *, #4469, .F. ) ;
#2397 = CARTESIAN_POINT ( 'NONE',  ( 11.53074576920566052, 6.923962512454347795, -5.362047053282975817 ) ) ;
#2398 = CARTESIAN_POINT ( 'NONE',  ( -11.85007659189135687, -5.057077448852256296, -6.825803424937629593 ) ) ;
#2399 = CARTESIAN_POINT ( 'NONE',  ( 8.925446771053765715, -15.04274960149093410, -13.31481341276963093 ) ) ;
#2400 = CARTESIAN_POINT ( 'NONE',  ( -5.024380695243161554, -8.063597740355483268, -13.65353439024022464 ) ) ;
#2401 = CARTESIAN_POINT ( 'NONE',  ( -12.25000000000008171, -4.254339671033384285, 6.488323226567204394 ) ) ;
#2402 = CARTESIAN_POINT ( 'NONE',  ( 10.22398199978017885, -0.9683060541367159990, -12.35059466455325250 ) ) ;
#2403 = CARTESIAN_POINT ( 'NONE',  ( -11.96646346693196605, 0.2082771573673743992, -9.787598378822073286 ) ) ;
#2404 = CARTESIAN_POINT ( 'NONE',  ( -9.508353281324213313, 2.399713013312728904, -12.62052856735977890 ) ) ;
#2405 = B_SPLINE_CURVE_WITH_KNOTS ( 'NONE', 3,
 ( #1728, #4893, #3153, #3479 ),
 .UNSPECIFIED., .F., .F.,
 ( 4, 4 ),
 ( 1.170134957959038384E-17, 0.001163468232920522247 ),
 .UNSPECIFIED. ) ;
#2406 = DIRECTION ( 'NONE',  ( 1.000000000000000000, -0.000000000000000000, -1.095185450775958527E-16 ) ) ;
#2407 = CARTESIAN_POINT ( 'NONE',  ( 4.545452347578734731, 8.986597088990436077, -12.74648022260807956 ) ) ;
#2408 = CARTESIAN_POINT ( 'NONE',  ( 15.40468664080961325, 0.000000000000000000, 0.3811111474512711705 ) ) ;
#2409 = DIRECTION ( 'NONE',  ( -0.000000000000000000, -0.000000000000000000, 1.000000000000000000 ) ) ;
#2410 = ORIENTED_EDGE ( 'NONE', *, *, #1630, .F. ) ;
#2411 = CARTESIAN_POINT ( 'NONE',  ( -4.993960386365308146, -8.793246100638070217, -12.75820576428513498 ) ) ;
#2412 = CARTESIAN_POINT ( 'NONE',  ( 5.577980665907369406, -8.371095986029718716, -12.74422240858134536 ) ) ;
#2413 = CARTESIAN_POINT ( 'NONE',  ( 11.97023205694222803, -0.08615705953775712467, -9.793800202251574660 ) ) ;
#2414 = CARTESIAN_POINT ( 'NONE',  ( 5.068395367396206552, 8.751506274581085876, -12.75867216765848333 ) ) ;
#2415 = CARTESIAN_POINT ( 'NONE',  ( -4.223286966585822810, -7.314679730291144821, -13.65353439024021576 ) ) ;
#2416 = FACE_OUTER_BOUND ( 'NONE', #1371, .T. ) ;
#2417 = CARTESIAN_POINT ( 'NONE',  ( 0.8924481909828266835, -1.041198949684378539, -23.48981541844718990 ) ) ;
#2418 = ORIENTED_EDGE ( 'NONE', *, *, #2462, .F. ) ;
#2419 = CARTESIAN_POINT ( 'NONE',  ( -12.24999999999783640, 2.231512330633039998, 8.564768046829245307 ) ) ;
#2420 = CARTESIAN_POINT ( 'NONE',  ( -10.38345786792347525, 0.6812584771700681552, -12.21603718823671869 ) ) ;
#2421 = DIRECTION ( 'NONE',  ( -0.000000000000000000, -0.000000000000000000, 1.000000000000000000 ) ) ;
#2422 = FACE_OUTER_BOUND ( 'NONE', #3012, .T. ) ;
#2423 = VERTEX_POINT ( 'NONE', #56 ) ;
#2424 = ADVANCED_FACE ( 'NONE', ( #5274 ), #2667, .T. ) ;
#2425 = CARTESIAN_POINT ( 'NONE',  ( 1.750398642896088708, 6.987371843026422447, -9.048809169103467553 ) ) ;
#2426 = CARTESIAN_POINT ( 'NONE',  ( -11.93909463160650297, -7.970366100451323987, 2.296167915159357698 ) ) ;
#2427 = DIRECTION ( 'NONE',  ( 1.000000000000000000, -0.000000000000000000, -1.095185450775958527E-16 ) ) ;
#2428 = PLANE ( 'NONE',  #1009 ) ;
#2429 = DIRECTION ( 'NONE',  ( -1.000000000000000000, -0.000000000000000000, 1.095185450775958527E-16 ) ) ;
#2430 = CARTESIAN_POINT ( 'NONE',  ( 10.19036526311154844, 0.3834288712431618840, -12.37369623814539565 ) ) ;
#2431 = CARTESIAN_POINT ( 'NONE',  ( -4.996124101430183373, -6.335548272093890709, -24.76024934587180937 ) ) ;
#2432 = AXIS2_PLACEMENT_3D ( 'NONE', #1117, #604, #2879 ) ;
#2433 = CARTESIAN_POINT ( 'NONE',  ( -8.819192958928207204, 2.347841692624606402, -13.65353439024021398 ) ) ;
#2434 = DIRECTION ( 'NONE',  ( 0.000000000000000000, 0.000000000000000000, -1.000000000000000000 ) ) ;
#2435 = CARTESIAN_POINT ( 'NONE',  ( 3.940713593307409557, 0.000000000000000000, -20.83958864581944326 ) ) ;
#2436 = CARTESIAN_POINT ( 'NONE',  ( 12.25000000000000000, 0.000000000000000000, -8.776159399017403828 ) ) ;
#2437 = CARTESIAN_POINT ( 'NONE',  ( 4.999999999999999112, -0.0002019602996343742218, -11.74999999778779980 ) ) ;
#2438 = EDGE_LOOP ( 'NONE', ( #5130, #3487 ) ) ;
#2439 = ORIENTED_EDGE ( 'NONE', *, *, #719, .F. ) ;
#2440 = CARTESIAN_POINT ( 'NONE',  ( -4.727668105894188066, -8.262802728114948536, -13.65353439024021398 ) ) ;
#2441 = CARTESIAN_POINT ( 'NONE',  ( 7.047336426689475353, -6.648032760728871615, -12.71653451211116526 ) ) ;
#2442 = CARTESIAN_POINT ( 'NONE',  ( 12.24999999999999467, -0.3371910762591238120, -9.290140379882286581 ) ) ;
#2443 = DIRECTION ( 'NONE',  ( 0.4105036910772313363, -0.9118589362461549941, -9.136919158050572923E-17 ) ) ;
#2444 = CARTESIAN_POINT ( 'NONE',  ( -4.230452814174854304, -7.310240594498981004, -13.65353439024022286 ) ) ;
#2445 = CARTESIAN_POINT ( 'NONE',  ( 3.747541448891205551, -6.490932192949887991, -16.56226468677082053 ) ) ;
#2446 = CARTESIAN_POINT ( 'NONE',  ( 1.347928836311746315, -0.2558855395382735320, -23.48981541844717924 ) ) ;
#2447 = ORIENTED_EDGE ( 'NONE', *, *, #1745, .F. ) ;
#2448 = CARTESIAN_POINT ( 'NONE',  ( 4.760829353910851935, -15.03913384866023151, 0.3811111474512781094 ) ) ;
#2449 = FACE_OUTER_BOUND ( 'NONE', #5622, .T. ) ;
#2450 = CARTESIAN_POINT ( 'NONE',  ( 4.183094841664396490, -8.484309120154291506, -13.65353439023610171 ) ) ;
#2451 = EDGE_CURVE ( 'NONE', #4761, #1848, #1994, .T. ) ;
#2452 = EDGE_LOOP ( 'NONE', ( #620, #5031, #413, #3459, #91, #2479 ) ) ;
#2453 = B_SPLINE_CURVE_WITH_KNOTS ( 'NONE', 3,
 ( #2436, #5119, #4162, #273 ),
 .UNSPECIFIED., .F., .F.,
 ( 4, 4 ),
 ( 3.572668901937742398E-18, 0.0001771768802106123771 ),
 .UNSPECIFIED. ) ;
#2454 = DIRECTION ( 'NONE',  ( -0.7665552457350629512, 0.6421783671504804891, 0.000000000000000000 ) ) ;
#2455 = CARTESIAN_POINT ( 'NONE',  ( -12.25000000000000355, -7.043202023621716101, -0.9250088752529016523 ) ) ;
#2456 = CIRCLE ( 'NONE', #3175, 4.000000000000000000 ) ;
#2457 = VECTOR ( 'NONE', #5279, 1000.000000000000000 ) ;
#2458 = CARTESIAN_POINT ( 'NONE',  ( -15.40468664080962569, 17.31243405050479112, -13.65353439024021398 ) ) ;
#2459 = CARTESIAN_POINT ( 'NONE',  ( -4.589784178160600803, 6.993830666156790166, -13.65353439024021220 ) ) ;
#2460 = B_SPLINE_SURFACE_WITH_KNOTS ( 'NONE', 3, 3, ( 
 ( #15, #3871, #1769, #805 ),
 ( #1690, #2627, #412, #3049 ),
 ( #837, #3495, #2198, #3382 ),
 ( #490, #5237, #3072, #2540 ),
 ( #3440, #2572, #4809, #2990 ),
 ( #2114, #1743, #5583, #4324 ),
 ( #4351, #2961, #3842, #5129 ),
 ( #3412, #5157, #4695, #2223 ),
 ( #2143, #1262, #920, #4295 ),
 ( #5615, #4725, #4378, #2657 ),
 ( #1295, #1716, #4755, #863 ),
 ( #3926, #3948, #4782, #3468 ),
 ( #43, #2600, #439, #2170 ),
 ( #5215, #1323, #891, #4221 ),
 ( #2977, #301, #4160, #792 ),
 ( #1645, #2008, #4254, #5476 ) ),
 .UNSPECIFIED., .F., .F., .F.,
 ( 4, 1, 1, 1, 2, 1, 1, 1, 1, 1, 1, 1, 4 ),
 ( 4, 4 ),
 ( 0.000000000000000000, 0.1035893723117354698, 0.2071787446234709396, 0.3107681169352063955, 0.4143574892469418791, 0.4875628030910741373, 0.5607681169352063399, 0.6339734307793387647, 0.7071787446234709673, 0.7803840584676031700, 0.8535893723117353726, 0.9267946861558677973, 1.000000000000000000 ),
 ( 0.000000000000000000, 1.000000000000000000 ),
 .UNSPECIFIED. ) ;
#2461 = CARTESIAN_POINT ( 'NONE',  ( -12.18551064684338847, -4.880894674243347886, -6.030959283509081281 ) ) ;
#2462 = EDGE_CURVE ( 'NONE', #370, #4078, #2691, .T. ) ;
#2463 = DIRECTION ( 'NONE',  ( 0.000000000000000000, -1.000000000000000000, 0.000000000000000000 ) ) ;
#2464 = CARTESIAN_POINT ( 'NONE',  ( -1.713047511969698178, -7.006080748185575580, -7.137486872428658202 ) ) ;
#2465 = CARTESIAN_POINT ( 'NONE',  ( -10.74363161773562858, -2.394797180242607299E-45, -11.79026603071379320 ) ) ;
#2466 = CARTESIAN_POINT ( 'NONE',  ( -11.89772376813476207, 1.737899928737116184, -9.295643797121941887 ) ) ;
#2467 = DIRECTION ( 'NONE',  ( 0.000000000000000000, -1.000000000000000000, 0.000000000000000000 ) ) ;
#2468 = CYLINDRICAL_SURFACE ( 'NONE', #1011, 1.999999999999975797 ) ;
#2469 = CARTESIAN_POINT ( 'NONE',  ( -3.747541448891150928, 6.490932192949903090, -16.56226468677081343 ) ) ;
#2470 = ORIENTED_EDGE ( 'NONE', *, *, #4572, .F. ) ;
#2471 = ORIENTED_EDGE ( 'NONE', *, *, #3309, .F. ) ;
#2472 = CARTESIAN_POINT ( 'NONE',  ( -4.621468886791066488, -8.317277073807250787, -13.65353439024018911 ) ) ;
#2473 = CARTESIAN_POINT ( 'NONE',  ( 6.544451934717824493, -4.305052553042933106, -13.65353439024022109 ) ) ;
#2474 = PLANE ( 'NONE',  #4481 ) ;
#2475 = CARTESIAN_POINT ( 'NONE',  ( 4.292906755339592095, 7.265205895860728624, -13.65353439024022109 ) ) ;
#2476 = CARTESIAN_POINT ( 'NONE',  ( -10.51496509477760277, -0.8929370980864902441, -11.92654406386345478 ) ) ;
#2477 = CARTESIAN_POINT ( 'NONE',  ( 3.940713593307400675, -0.7676566186148195969, -20.83958864581943260 ) ) ;
#2478 = CARTESIAN_POINT ( 'NONE',  ( 3.926829044828248350, 1.734723475976807094E-15, 14.90075911844934353 ) ) ;
#2479 = ORIENTED_EDGE ( 'NONE', *, *, #1870, .T. ) ;
#2480 = CARTESIAN_POINT ( 'NONE',  ( -7.399510874385451409, -12.81632878559387478, 4.294159011543763782 ) ) ;
#2481 = CARTESIAN_POINT ( 'NONE',  ( 11.71099143412380350, -7.541555144665211152, 4.451520416850691220 ) ) ;
#2482 = DIRECTION ( 'NONE',  ( -1.000000000000000000, 0.000000000000000000, 0.000000000000000000 ) ) ;
#2483 = CARTESIAN_POINT ( 'NONE',  ( -1.498325030063100138, -8.886000885349254474, -13.65353439023928317 ) ) ;
#2484 = VERTEX_POINT ( 'NONE', #5331 ) ;
#2485 = CARTESIAN_POINT ( 'NONE',  ( -12.24999999999999822, 0.000000000000000000, 4.000000000000001776 ) ) ;
#2486 = EDGE_CURVE ( 'NONE', #4434, #278, #1917, .T. ) ;
#2487 = CARTESIAN_POINT ( 'NONE',  ( -11.91900983207545828, -7.235211646829057486, -3.780869157553577331 ) ) ;
#2488 = CARTESIAN_POINT ( 'NONE',  ( -4.759994579516806823, 8.244552455475746555, -13.65353439024021043 ) ) ;
#2489 = CARTESIAN_POINT ( 'NONE',  ( -4.292906755339623182, -7.265205895860757046, -13.65353439024022286 ) ) ;
#2490 = FACE_OUTER_BOUND ( 'NONE', #4666, .T. ) ;
#2491 = VECTOR ( 'NONE', #4558, 1000.000000000000000 ) ;
#2492 = CARTESIAN_POINT ( 'NONE',  ( 4.251724702068258033, -7.295813099582633576, -13.65353439024020865 ) ) ;
#2493 = CARTESIAN_POINT ( 'NONE',  ( -12.25000000000000000, 0.2416919728161668612, -9.306806750374962078 ) ) ;
#2494 = CARTESIAN_POINT ( 'NONE',  ( -8.849132349126815456, 3.656098029008306050, -12.71358367307693094 ) ) ;
#2495 = DIRECTION ( 'NONE',  ( -0.5897290428086990888, 0.7042320318382090383, 0.3953187339362547736 ) ) ;
#2496 = CARTESIAN_POINT ( 'NONE',  ( -12.24999999999999822, 0.000000000000000000, 1.341602177200549140E-15 ) ) ;
#2497 = CARTESIAN_POINT ( 'NONE',  ( 2.499847315112158075, 7.690188141189768345, -13.65353439024022464 ) ) ;
#2498 = CARTESIAN_POINT ( 'NONE',  ( -0.8573700180293916118, 7.070363780079873095, -8.905421254260616593 ) ) ;
#2499 = CARTESIAN_POINT ( 'NONE',  ( 1.755253510950568252, -3.040188261130055469, 14.95466961231925573 ) ) ;
#2500 = ORIENTED_EDGE ( 'NONE', *, *, #5598, .T. ) ;
#2501 = ORIENTED_EDGE ( 'NONE', *, *, #4230, .F. ) ;
#2502 = CARTESIAN_POINT ( 'NONE',  ( -4.198754764187398791, -7.327065544080562987, -13.65353439024022109 ) ) ;
#2503 = CARTESIAN_POINT ( 'NONE',  ( -3.940713593307400675, 2.537033083616080376E-14, -20.83958864581943260 ) ) ;
#2504 = EDGE_CURVE ( 'NONE', #3721, #5345, #1926, .T. ) ;
#2505 = FACE_OUTER_BOUND ( 'NONE', #1003, .T. ) ;
#2506 = CARTESIAN_POINT ( 'NONE',  ( 5.844128616641421914, 7.241794470650154025, -13.65353439024162618 ) ) ;
#2507 = CARTESIAN_POINT ( 'NONE',  ( -10.73829409720445582, -0.1414966378330146657, -11.79089740624126748 ) ) ;
#2508 = CARTESIAN_POINT ( 'NONE',  ( 10.76052236877131030, -2.934783667711155175, 11.03005007641328028 ) ) ;
#2509 = B_SPLINE_CURVE_WITH_KNOTS ( 'NONE', 3,
 ( #4682, #5537, #3306, #2099, #2037, #4591, #1158, #1221 ),
 .UNSPECIFIED., .F., .F.,
 ( 4, 2, 2, 4 ),
 ( 0.000000000000000000, 0.001006098133043299443, 0.002012196266086598885, 0.004024392532173197770 ),
 .UNSPECIFIED. ) ;
#2510 = CARTESIAN_POINT ( 'NONE',  ( 9.511476015767888370, -9.769182162351935261, 7.923703456781640675 ) ) ;
#2511 = ORIENTED_EDGE ( 'NONE', *, *, #5171, .F. ) ;
#2512 = CARTESIAN_POINT ( 'NONE',  ( -12.25000000000032152, 0.1645064885614616335, 9.093578975839816891 ) ) ;
#2513 = CARTESIAN_POINT ( 'NONE',  ( 4.420249689259576620, -4.420249689259603265, -11.74999999778779980 ) ) ;
#2514 = CYLINDRICAL_SURFACE ( 'NONE', #715, 0.9000000000000005773 ) ;
#2515 = CARTESIAN_POINT ( 'NONE',  ( 4.605524329078255263, -8.965782842532908248, -12.74812952741704564 ) ) ;
#2516 = ORIENTED_EDGE ( 'NONE', *, *, #1133, .T. ) ;
#2517 = CARTESIAN_POINT ( 'NONE',  ( 10.34961971017870397, 2.400368524960678698E-15, -12.24063838753783529 ) ) ;
#2518 = CARTESIAN_POINT ( 'NONE',  ( -0.6544890075644328453, 1.133608214096953670, 15.23975065412816754 ) ) ;
#2519 = CARTESIAN_POINT ( 'NONE',  ( -12.25000000000000178, -3.000835756734248516, -7.023496151109111629 ) ) ;
#2520 = CARTESIAN_POINT ( 'NONE',  ( -4.785267583928495050, 8.229712801659820443, -13.65353439024021576 ) ) ;
#2521 = CARTESIAN_POINT ( 'NONE',  ( -5.423451749199860394, -7.702877634985409117, -13.65353439024056570 ) ) ;
#2522 = CARTESIAN_POINT ( 'NONE',  ( 7.004399813979021339, -12.13197635433772170, -5.999999995171812373 ) ) ;
#2523 = CARTESIAN_POINT ( 'NONE',  ( 4.837275554389022680, -8.197483278110077265, -13.65353439024024595 ) ) ;
#2524 = CARTESIAN_POINT ( 'NONE',  ( -11.97115299705341940, 0.04408170320362412437, -9.794801809647365687 ) ) ;
#2525 = DIRECTION ( 'NONE',  ( -0.000000000000000000, -0.000000000000000000, 1.000000000000000000 ) ) ;
#2526 = CARTESIAN_POINT ( 'NONE',  ( -11.92388750563011079, -7.383073478981462934, -3.475699752057907155 ) ) ;
#2527 = FACE_OUTER_BOUND ( 'NONE', #2648, .T. ) ;
#2528 = CARTESIAN_POINT ( 'NONE',  ( 2.418570005752040952, 6.909636284216982283, -7.424318386171653295 ) ) ;
#2529 = CARTESIAN_POINT ( 'NONE',  ( 6.335548272093890709, 4.996124101430186037, -13.64423972950234898 ) ) ;
#2530 = EDGE_CURVE ( 'NONE', #2057, #4789, #5324, .T. ) ;
#2531 = ORIENTED_EDGE ( 'NONE', *, *, #583, .T. ) ;
#2532 = CARTESIAN_POINT ( 'NONE',  ( -4.837197200818353693, -8.870536752943834813, -12.75467446785752124 ) ) ;
#2533 = CARTESIAN_POINT ( 'NONE',  ( -0.6544890075644343996, 1.133608214096955891, 15.23975065412817465 ) ) ;
#2534 = VECTOR ( 'NONE', #854, 1000.000000000000000 ) ;
#2535 = CARTESIAN_POINT ( 'NONE',  ( 5.577069772064862541, 8.372245731904863320, -12.74426402551598514 ) ) ;
#2536 = DIRECTION ( 'NONE',  ( -1.000000000000000000, 0.000000000000000000, 1.095185450775958527E-16 ) ) ;
#2537 = VECTOR ( 'NONE', #4555, 1000.000000000000000 ) ;
#2538 = CARTESIAN_POINT ( 'NONE',  ( 3.054765047922956445, -2.770642189457110049, 14.90075911844933110 ) ) ;
#2539 = EDGE_CURVE ( 'NONE', #4783, #1240, #3485, .T. ) ;
#2540 = CARTESIAN_POINT ( 'NONE',  ( -7.495082897782441300, 0.000000000000000000, -16.56226468677082053 ) ) ;
#2541 = EDGE_LOOP ( 'NONE', ( #1616, #4862, #5318, #4325, #5434, #1500, #1928, #4756, #5290, #1324, #1776 ) ) ;
#2542 = CARTESIAN_POINT ( 'NONE',  ( -3.580543813029884781, -10.27803273026836983, -12.01109144709619514 ) ) ;
#2543 = CARTESIAN_POINT ( 'NONE',  ( -10.74999999999999822, -6.000000000000000000, 1.177324359584155102E-15 ) ) ;
#2544 = CARTESIAN_POINT ( 'NONE',  ( -10.28104244438774373, -5.432281094608359541E-16, -11.74999999778779980 ) ) ;
#2545 = CARTESIAN_POINT ( 'NONE',  ( 4.600235068037247466, -8.327197205189989404, -13.65353439024023174 ) ) ;
#2546 = ORIENTED_EDGE ( 'NONE', *, *, #1454, .F. ) ;
#2547 = CARTESIAN_POINT ( 'NONE',  ( 5.970170069379499012, -5.694745810265347430, -8.221349379072188768 ) ) ;
#2548 = CARTESIAN_POINT ( 'NONE',  ( 0.6544890075644581584, 1.133608214096942124, 15.23975065412817465 ) ) ;
#2549 = CARTESIAN_POINT ( 'NONE',  ( -12.24999999999998401, -3.387682427382496364, -6.705196350693329421 ) ) ;
#2550 = CARTESIAN_POINT ( 'NONE',  ( -12.25000000000000355, -0.4955863491346457761, -8.641528482996763572 ) ) ;
#2551 = CARTESIAN_POINT ( 'NONE',  ( 9.700000000000002842, -10.47145570306014761, 4.285279256179112650 ) ) ;
#2552 = CARTESIAN_POINT ( 'NONE',  ( -11.84245376614002332, 4.796052570120671099, -7.080992419723840747 ) ) ;
#2553 = CIRCLE ( 'NONE', #103, 0.8999999999999998002 ) ;
#2554 = AXIS2_PLACEMENT_3D ( 'NONE', #5457, #2874, #1988 ) ;
#2555 = AXIS2_PLACEMENT_3D ( 'NONE', #3267, #209, #2454 ) ;
#2556 = CARTESIAN_POINT ( 'NONE',  ( -4.223171334864678883, -7.314747321054023921, -13.65353439024021931 ) ) ;
#2557 = DIRECTION ( 'NONE',  ( -1.000000000000000000, 0.000000000000000000, 0.000000000000000000 ) ) ;
#2558 = CARTESIAN_POINT ( 'NONE',  ( -6.335548272093892486, 4.996124101430186037, -13.64421020617563052 ) ) ;
#2559 = DIRECTION ( 'NONE',  ( -1.000000000000000000, -0.000000000000000000, -0.000000000000000000 ) ) ;
#2560 = CARTESIAN_POINT ( 'NONE',  ( -6.249999999999997335, 7.153077274473686131, -7.029896828205895787 ) ) ;
#2561 = CARTESIAN_POINT ( 'NONE',  ( -1.970356796653670139, 3.412758080842885011, -20.83958864581943260 ) ) ;
#2562 = ORIENTED_EDGE ( 'NONE', *, *, #4956, .T. ) ;
#2563 = LINE ( 'NONE', #885, #5458 ) ;
#2564 = CARTESIAN_POINT ( 'NONE',  ( -3.054765047922936905, 2.770642189457131366, 14.90075911844933110 ) ) ;
#2565 = AXIS2_PLACEMENT_3D ( 'NONE', #4796, #5600, #1220 ) ;
#2566 = CARTESIAN_POINT ( 'NONE',  ( -4.759994579516797941, 8.244552455475721686, -13.65353439024021043 ) ) ;
#2567 = EDGE_CURVE ( 'NONE', #220, #339, #4784, .T. ) ;
#2568 = CARTESIAN_POINT ( 'NONE',  ( 10.74362791950804485, 0.02378788515371808160, -11.79027181845580508 ) ) ;
#2569 = CARTESIAN_POINT ( 'NONE',  ( -10.19677716016888525, -0.3727643458539462995, -12.36840419362935606 ) ) ;
#2570 = UNCERTAINTY_MEASURE_WITH_UNIT (LENGTH_MEASURE( 1.000000000000000082E-05 ), #612, 'distance_accuracy_value', 'NONE');
#2571 = CARTESIAN_POINT ( 'NONE',  ( 12.56934170277157747, -2.478901035774592643, -8.814338527120403555 ) ) ;
#2572 = CARTESIAN_POINT ( 'NONE',  ( -7.116738111284055535, -8.236410000264481113, -12.01109144709618270 ) ) ;
#2573 = VERTEX_POINT ( 'NONE', #1358 ) ;
#2574 = B_SPLINE_CURVE_WITH_KNOTS ( 'NONE', 3,
 ( #3493, #5235, #5342, #3576, #2246, #2220, #4425, #1398, #1344, #3122, #3070, #3969 ),
 .UNSPECIFIED., .F., .F.,
 ( 4, 2, 2, 2, 2, 4 ),
 ( 0.001029797371176828904, 0.002137637367668441223, 0.003245477364160052891, 0.004353317360651664560, 0.004907237358897470828, 0.005461157357143277963 ),
 .UNSPECIFIED. ) ;
#2575 = CARTESIAN_POINT ( 'NONE',  ( -12.25000000000064659, 1.185655573180627531, 8.928337402604741513 ) ) ;
#2576 = FACE_OUTER_BOUND ( 'NONE', #2452, .T. ) ;
#2577 = CARTESIAN_POINT ( 'NONE',  ( -5.567550320466707170, -8.382914624887666477, -12.74455058080020642 ) ) ;
#2578 = CARTESIAN_POINT ( 'NONE',  ( -2.624629484727987183, -8.787084024948924821, -13.65353439023898119 ) ) ;
#2579 = VERTEX_POINT ( 'NONE', #5226 ) ;
#2580 = CARTESIAN_POINT ( 'NONE',  ( 12.24999999999996447, 0.1143889553768349526, -9.320002162665888434 ) ) ;
#2581 = CARTESIAN_POINT ( 'NONE',  ( 4.665827964595385847E-16, -8.081451094055063559E-16, 15.23975065412816932 ) ) ;
#2582 = EDGE_CURVE ( 'NONE', #2938, #339, #1015, .T. ) ;
#2583 = CARTESIAN_POINT ( 'NONE',  ( -12.24999999999912603, -1.464791379490710144, -8.848477478708336008 ) ) ;
#2584 = CARTESIAN_POINT ( 'NONE',  ( 11.86785600774221017, -5.613217212534475031, 6.734617360747946258 ) ) ;
#2585 = CARTESIAN_POINT ( 'NONE',  ( 9.699999999999993960, -9.361892612938431668, 6.310273417560416043 ) ) ;
#2586 =( BOUNDED_SURFACE ( )  B_SPLINE_SURFACE ( 3, 2, ( 
 ( #4881, #3625, #1471 ),
 ( #2675, #3117, #3143 ),
 ( #1419, #5366, #4398 ),
 ( #4422, #2751, #508 ),
 ( #166, #3193, #4503 ),
 ( #991, #941, #3965 ),
 ( #587, #533, #2776 ),
 ( #4478, #2268, #2243 ),
 ( #3993, #1844, #3544 ),
 ( #3167, #2722, #559 ),
 ( #3570, #4449, #2295 ),
 ( #3597, #4019, #5312 ),
 ( #4856, #139, #5285 ),
 ( #1869, #5339, #1443 ),
 ( #1393, #964, #2698 ),
 ( #4909, #1020, #2321 ),
 ( #4045, #5080, #4679 ),
 ( #3397, #2523, #759 ),
 ( #1188, #2063, #4250 ),
 ( #2492, #4217, #329 ),
 ( #576, #2687, #3284 ),
 ( #5033, #1618, #1138 ),
 ( #1198, #5515, #682 ),
 ( #1930, #3686, #2839 ),
 ( #1502, #3661, #3715 ),
 ( #4971, #5061, #2412 ),
 ( #1589, #5398, #1107 ),
 ( #2869, #742, #4136 ),
 ( #1079, #4568, #251 ),
 ( #710, #5452, #308 ),
 ( #1984, #3227, #221 ),
 ( #4598, #1559, #2441 ),
 ( #3344, #5092, #2809 ),
 ( #2473, #1956, #4167 ),
 ( #280, #4539, #2016 ),
 ( #653, #2382, #3745 ),
 ( #4106, #1165, #5483 ),
 ( #3314, #5423, #2898 ) ),
 .UNSPECIFIED., .F., .F., .T. ) 
 B_SPLINE_SURFACE_WITH_KNOTS ( ( 4, 2, 2, 2, 2, 2, 2, 2, 2, 2, 2, 2, 2, 2, 2, 2, 2, 2, 4 ),
 ( 3, 3 ),
 ( -1.301042606982605321E-18, 1.004173111085531435E-07, 2.008346222184073297E-07, 4.016692444381157019E-07, 8.033384888775324465E-07, 1.606676977756365936E-06, 3.213353955514032914E-06, 6.426707911029366870E-06, 1.285341582206003478E-05, 2.570683164412137061E-05, 5.141366328824404226E-05, 0.0001028273265764893856, 0.0002056546531529800722, 0.0004113093063059614454, 0.0008226186126119241918, 0.001645237225223849685, 0.003290474450447700670, 0.004935711675671552306, 0.006580948900895403075 ),
 ( 0.000000000000000000, 1.000000000000000000 ),
 .UNSPECIFIED. ) 
 GEOMETRIC_REPRESENTATION_ITEM ( )  RATIONAL_B_SPLINE_SURFACE ( (
 ( 1.000000000000000000, 0.8810729325328477968, 1.000000000000000000),
 ( 1.000000000000000000, 0.8810725486871048284, 1.000000000000000000),
 ( 1.000000000000000000, 0.8810721019229069695, 1.000000000000000000),
 ( 1.000000000000000000, 0.8810712208115462074, 1.000000000000000000),
 ( 1.000000000000000000, 0.8810707847551512151, 1.000000000000000000),
 ( 1.000000000000000000, 0.8810694654813530091, 1.000000000000000000),
 ( 1.000000000000000000, 0.8810685865303090614, 1.000000000000000000),
 ( 1.000000000000000000, 0.8810659605622557233, 1.000000000000000000),
 ( 1.000000000000000000, 0.8810642105786357092, 1.000000000000000000),
 ( 1.000000000000000000, 0.8810590092182445376, 1.000000000000000000),
 ( 1.000000000000000000, 0.8810555664936229325, 1.000000000000000000),
 ( 1.000000000000000000, 0.8810453197885333987, 1.000000000000000000),
 ( 1.000000000000000000, 0.8810386079954097838, 1.000000000000000000),
 ( 1.000000000000000000, 0.8810186802598923839, 1.000000000000000000),
 ( 1.000000000000000000, 0.8810057228495150605, 1.000000000000000000),
 ( 1.000000000000000000, 0.8809674902302028210, 1.000000000000000000),
 ( 1.000000000000000000, 0.8809428960171480361, 1.000000000000000000),
 ( 1.000000000000000000, 0.8808708882268218021, 1.000000000000000000),
 ( 1.000000000000000000, 0.8808252928071195198, 1.000000000000000000),
 ( 1.000000000000000000, 0.8806932470957525849, 1.000000000000000000),
 ( 1.000000000000000000, 0.8806115268377308070, 1.000000000000000000),
 ( 1.000000000000000000, 0.8803781669122404674, 1.000000000000000000),
 ( 1.000000000000000000, 0.8802384298610811397, 1.000000000000000000),
 ( 1.000000000000000000, 0.8798477058978138032, 1.000000000000000000),
 ( 1.000000000000000000, 0.8796249179155924969, 1.000000000000000000),
 ( 1.000000000000000000, 0.8790177322170690255, 1.000000000000000000),
 ( 1.000000000000000000, 0.8786953008030093937, 1.000000000000000000),
 ( 1.000000000000000000, 0.8778491419404572671, 1.000000000000000000),
 ( 1.000000000000000000, 0.8774461344974422428, 1.000000000000000000),
 ( 1.000000000000000000, 0.8764326998866838192, 1.000000000000000000),
 ( 1.000000000000000000, 0.8760262121982778094, 1.000000000000000000),
 ( 1.000000000000000000, 0.8750716747327752509, 1.000000000000000000),
 ( 1.000000000000000000, 0.8748066149377621281, 1.000000000000000000),
 ( 1.000000000000000000, 0.8744916553893579136, 1.000000000000000000),
 ( 1.000000000000000000, 0.8744657477924843159, 1.000000000000000000),
 ( 1.000000000000000000, 0.8746498322980499340, 1.000000000000000000),
 ( 1.000000000000000000, 0.8748578197091919639, 1.000000000000000000),
 ( 1.000000000000000000, 0.8753220979726880069, 1.000000000000000000) ) ) 
 REPRESENTATION_ITEM ( '' )  SURFACE ( )  );
#2587 = CARTESIAN_POINT ( 'NONE',  ( -12.24999999999998757, 0.9077925633740548950, 8.256471965277905056 ) ) ;
#2588 = CARTESIAN_POINT ( 'NONE',  ( -8.249999999999998224, 0.000000000000000000, 4.000000000000000888 ) ) ;
#2589 = CARTESIAN_POINT ( 'NONE',  ( -4.223171334864678883, -7.314747321054023921, -13.65353439024021931 ) ) ;
#2590 = CARTESIAN_POINT ( 'NONE',  ( 5.056631844581895407, -8.758343269986621493, -12.75869244000834613 ) ) ;
#2591 = CIRCLE ( 'NONE', #2393, 1.999999999999999778 ) ;
#2592 = CARTESIAN_POINT ( 'NONE',  ( 4.755819443670423752, 8.246942328785365817, -13.65353439024021931 ) ) ;
#2593 = ORIENTED_EDGE ( 'NONE', *, *, #3118, .F. ) ;
#2594 = CARTESIAN_POINT ( 'NONE',  ( 5.015711920085254683, 5.439786974697150335, 13.28078451853858333 ) ) ;
#2595 = CARTESIAN_POINT ( 'NONE',  ( -3.797213619550801056, 6.576966916254645135, 13.40799355303542839 ) ) ;
#2596 = DIRECTION ( 'NONE',  ( 1.000000000000000000, -0.000000000000000000, 0.000000000000000000 ) ) ;
#2597 = CARTESIAN_POINT ( 'NONE',  ( 4.956099228279255087, 8.115315961915033682, -13.65353439024026549 ) ) ;
#2598 = CARTESIAN_POINT ( 'NONE',  ( 4.999999999999999112, -5.000201960299634152, -9.749999997787799799 ) ) ;
#2599 = CARTESIAN_POINT ( 'NONE',  ( 9.700000000000001066, 5.008216688070136868, -8.749999997787799799 ) ) ;
#2600 = CARTESIAN_POINT ( 'NONE',  ( -5.729998003162780407, -5.461073332090770727, 13.40799355303541596 ) ) ;
#2601 = ORIENTED_EDGE ( 'NONE', *, *, #347, .T. ) ;
#2602 = CARTESIAN_POINT ( 'NONE',  ( -10.74251676775912223, -0.06615366239087637490, -11.79021649192946519 ) ) ;
#2603 = CARTESIAN_POINT ( 'NONE',  ( 11.56695933348200533, -6.211727076734034902, -6.173207044654653863 ) ) ;
#2604 = CARTESIAN_POINT ( 'NONE',  ( -4.055031542692885793, -9.132910002885392231, -12.73523639377005523 ) ) ;
#2605 = CARTESIAN_POINT ( 'NONE',  ( -3.555182340818478171, -7.521258032825151929, -13.65353439024021043 ) ) ;
#2606 = ORIENTED_EDGE ( 'NONE', *, *, #3057, .T. ) ;
#2607 = ORIENTED_EDGE ( 'NONE', *, *, #2878, .T. ) ;
#2608 = ADVANCED_FACE ( 'NONE', ( #4794 ), #1967, .F. ) ;
#2609 = CARTESIAN_POINT ( 'NONE',  ( 11.89906375774515901, 1.710869125151599501, -9.302781817727222347 ) ) ;
#2610 = CARTESIAN_POINT ( 'NONE',  ( 4.459102015370155492, 7.121333703898255152, -13.65353439024022286 ) ) ;
#2611 = DIRECTION ( 'NONE',  ( -0.000000000000000000, -1.002010156928930384E-16, 1.000000000000000000 ) ) ;
#2612 = CARTESIAN_POINT ( 'NONE',  ( 9.699999999999999289, -9.284725370330095373, -6.000000000000000000 ) ) ;
#2613 = ADVANCED_FACE ( 'NONE', ( #2422 ), #4552, .T. ) ;
#2614 = CARTESIAN_POINT ( 'NONE',  ( -12.25000000000000888, 3.935426120125327110, 6.676445255750650176 ) ) ;
#2615 = CARTESIAN_POINT ( 'NONE',  ( 3.200000000001050893, 6.307596191344152597E-16, 14.90003172573260670 ) ) ;
#2616 = CARTESIAN_POINT ( 'NONE',  ( -12.17346993033290303, 7.538211252239611859, 1.835569196505139944 ) ) ;
#2617 = CARTESIAN_POINT ( 'NONE',  ( -3.819105836322565839, 7.832324164783417864, -6.217898170193174145 ) ) ;
#2618 = CARTESIAN_POINT ( 'NONE',  ( 5.046831549090228464, 8.763968511018179086, -12.75867881064248799 ) ) ;
#2619 = B_SPLINE_CURVE_WITH_KNOTS ( 'NONE', 3,
 ( #1700, #4705, #396, #543, #27, #5140 ),
 .UNSPECIFIED., .F., .F.,
 ( 4, 2, 4 ),
 ( 1.388456241783856658E-18, 0.001379780356166165943, 0.002759560712332330586 ),
 .UNSPECIFIED. ) ;
#2620 = ORIENTED_EDGE ( 'NONE', *, *, #5563, .T. ) ;
#2621 = CARTESIAN_POINT ( 'NONE',  ( -12.24999999999999822, 0.000000000000000000, 1.341602177200549140E-15 ) ) ;
#2622 = CYLINDRICAL_SURFACE ( 'NONE', #2111, 0.9000000000000005773 ) ;
#2623 = CARTESIAN_POINT ( 'NONE',  ( -4.698856216710637135, 8.278401483070052080, -13.65353439024019089 ) ) ;
#2624 = CARTESIAN_POINT ( 'NONE',  ( 9.614586930736535919, 2.266310486133382263, -12.55272150270404019 ) ) ;
#2625 = CARTESIAN_POINT ( 'NONE',  ( 0.8955677958571031105, 1.039397844970433971, -23.48981541844717924 ) ) ;
#2626 = FACE_OUTER_BOUND ( 'NONE', #513, .T. ) ;
#2627 = CARTESIAN_POINT ( 'NONE',  ( -0.8955677958571031105, -1.039397844970433971, -23.48981541844717924 ) ) ;
#2628 = VERTEX_POINT ( 'NONE', #2792 ) ;
#2629 = CARTESIAN_POINT ( 'NONE',  ( -0.8720639969053260998, -4.030825228822622286, 14.90075911844933110 ) ) ;
#2630 = AXIS2_PLACEMENT_3D ( 'NONE', #2544, #417, #2482 ) ;
#2631 = CARTESIAN_POINT ( 'NONE',  ( -9.947650958835072998, -1.817511514826240848, -12.32475653660135784 ) ) ;
#2632 = DIRECTION ( 'NONE',  ( 0.000000000000000000, 0.000000000000000000, 1.000000000000000000 ) ) ;
#2633 = ORIENTED_EDGE ( 'NONE', *, *, #2582, .T. ) ;
#2634 = ORIENTED_EDGE ( 'NONE', *, *, #4892, .F. ) ;
#2635 = CARTESIAN_POINT ( 'NONE',  ( 12.25000000000000533, 0.1537312555433320016, -8.754045100333929241 ) ) ;
#2636 = DIRECTION ( 'NONE',  ( 0.000000000000000000, 0.000000000000000000, -1.000000000000000000 ) ) ;
#2637 = EDGE_CURVE ( 'NONE', #514, #5345, #2207, .T. ) ;
#2638 = CARTESIAN_POINT ( 'NONE',  ( -12.25000000000000533, -0.9616510601365859667, -8.421381927981038018 ) ) ;
#2639 = CARTESIAN_POINT ( 'NONE',  ( 11.86327747995274251, -5.439786974697159216, 6.917222209112898312 ) ) ;
#2640 = B_SPLINE_CURVE_WITH_KNOTS ( 'NONE', 3,
 ( #3739, #4592, #1953, #1023, #704, #5395, #3196, #1499, #4482, #4049, #3224, #4652 ),
 .UNSPECIFIED., .F., .F.,
 ( 4, 2, 2, 2, 2, 4 ),
 ( 3.274218758650566998E-18, 0.0007871295686970180986, 0.001574259137394032728, 0.002361388706091047465, 0.002754953490439553641, 0.003148518274788060251 ),
 .UNSPECIFIED. ) ;
#2641 = CARTESIAN_POINT ( 'NONE',  ( -12.24999999999999289, 3.652439244634092752, 6.904763900251039921 ) ) ;
#2642 = EDGE_CURVE ( 'NONE', #5608, #4518, #4923, .T. ) ;
#2643 = CARTESIAN_POINT ( 'NONE',  ( 0.000000000000000000, 0.000000000000000000, 15.23975065412817465 ) ) ;
#2644 = CARTESIAN_POINT ( 'NONE',  ( 9.700000000000002842, 0.000000000000000000, -1.062329887252679946E-15 ) ) ;
#2645 = PRESENTATION_LAYER_ASSIGNMENT (  '', '', ( #5093 ) ) ;
#2646 = CARTESIAN_POINT ( 'NONE',  ( 9.097977632755508637, 3.165374113992462046, -12.71489014548937391 ) ) ;
#2647 = CARTESIAN_POINT ( 'NONE',  ( 4.717991338870239026, 8.268115410331491333, -13.65353439024021398 ) ) ;
#2648 = EDGE_LOOP ( 'NONE', ( #4484, #4870, #5150, #3055, #305 ) ) ;
#2649 = CARTESIAN_POINT ( 'NONE',  ( 10.97279120346141390, 5.439786974697134347, 8.405713839682800170 ) ) ;
#2650 = CARTESIAN_POINT ( 'NONE',  ( 11.86307749376396536, 5.438193789319896609, 6.919557095354874399 ) ) ;
#2651 = CARTESIAN_POINT ( 'NONE',  ( -4.751064934791211058, 8.249680982782487959, -13.65353439024020510 ) ) ;
#2652 = ADVANCED_FACE ( 'NONE', ( #4092 ), #590, .T. ) ;
#2653 = CARTESIAN_POINT ( 'NONE',  ( 10.34580144774593435, 0.03228011575627412477, -12.24386588032045964 ) ) ;
#2654 = DIRECTION ( 'NONE',  ( 0.000000000000000000, 0.000000000000000000, -1.000000000000000000 ) ) ;
#2655 = AXIS2_PLACEMENT_3D ( 'NONE', #2686, #1853, #3526 ) ;
#2656 = CARTESIAN_POINT ( 'NONE',  ( -4.420249689259600601, 4.420249689259584613, 0.000000000000000000 ) ) ;
#2657 = CARTESIAN_POINT ( 'NONE',  ( -14.79902174877078203, 0.000000000000000000, 4.294159011543763782 ) ) ;
#2658 = ORIENTED_EDGE ( 'NONE', *, *, #1975, .T. ) ;
#2659 = CARTESIAN_POINT ( 'NONE',  ( 3.199999999999999734, 5.439786974697152111, 13.58355318891101682 ) ) ;
#2660 = CIRCLE ( 'NONE', #194, 17.35143634042885807 ) ;
#2661 = DIRECTION ( 'NONE',  ( 1.000000000000000000, 0.000000000000000000, -0.000000000000000000 ) ) ;
#2662 = CARTESIAN_POINT ( 'NONE',  ( -5.146651199200407589, 6.290289164860642046, -10.23796976335634490 ) ) ;
#2663 = VERTEX_POINT ( 'NONE', #506 ) ;
#2664 = CARTESIAN_POINT ( 'NONE',  ( -12.25000000000001243, 3.377702754591261680, -6.713537233340135302 ) ) ;
#2665 = CARTESIAN_POINT ( 'NONE',  ( 11.88602445489348192, -5.682999825204381850, 6.624199095781849067 ) ) ;
#2666 = CARTESIAN_POINT ( 'NONE',  ( 0.000000000000000000, 0.000000000000000000, 6.499999999999999112 ) ) ;
#2667 = PLANE ( 'NONE',  #3462 ) ;
#2668 = CARTESIAN_POINT ( 'NONE',  ( -11.79605319336663172, -0.8586495936243715432, 9.564892042610411593 ) ) ;
#2669 = CARTESIAN_POINT ( 'NONE',  ( 1.963414522414174579, 3.400733709139841299, 14.90075911844933110 ) ) ;
#2670 = CARTESIAN_POINT ( 'NONE',  ( -12.21978257076861496, 3.992041641824291442, -6.652780640819441871 ) ) ;
#2671 = DIRECTION ( 'NONE',  ( -1.000000000000000000, 0.000000000000000000, 0.000000000000000000 ) ) ;
#2672 = CARTESIAN_POINT ( 'NONE',  ( 5.012875850960527124, 8.782975903375751514, -12.75844160601925026 ) ) ;
#2673 = DIRECTION ( 'NONE',  ( -0.000000000000000000, 1.000000000000000000, -0.000000000000000000 ) ) ;
#2674 = CARTESIAN_POINT ( 'NONE',  ( 3.199999999999999289, -12.18699419264016548, 8.095579756663218163 ) ) ;
#2675 = CARTESIAN_POINT ( 'NONE',  ( 4.223200214992771429, -7.314730390859829789, -13.65353439024021576 ) ) ;
#2676 = CARTESIAN_POINT ( 'NONE',  ( -6.565270244327752636, 6.310765802794266577, -13.65353439024163684 ) ) ;
#2677 = CARTESIAN_POINT ( 'NONE',  ( -4.835634556136170659, 8.871308218986433403, -12.75464845986759777 ) ) ;
#2678 = CARTESIAN_POINT ( 'NONE',  ( 1.347928836311760081, 0.2522833301104082104, -23.48981541844718990 ) ) ;
#2679 = ORIENTED_EDGE ( 'NONE', *, *, #4531, .T. ) ;
#2680 = ADVANCED_FACE ( 'NONE', ( #3488 ), #5609, .T. ) ;
#2681 = EDGE_LOOP ( 'NONE', ( #4895, #2679, #2272, #4267, #3251, #3659, #5192, #2151, #2852, #1296, #1285 ) ) ;
#2682 = CARTESIAN_POINT ( 'NONE',  ( -10.71248847759216538, 0.3294295291567677642, -11.80132848425120606 ) ) ;
#2683 = EDGE_CURVE ( 'NONE', #355, #4761, #1101, .T. ) ;
#2684 = CARTESIAN_POINT ( 'NONE',  ( -12.25000000000000178, 0.4987446975286121131, -8.640474846318545232 ) ) ;
#2685 = DIRECTION ( 'NONE',  ( -1.000000000000000000, -0.000000000000000000, 1.095185450775958527E-16 ) ) ;
#2686 = CARTESIAN_POINT ( 'NONE',  ( 7.811825646387160482, 1.892881048235021346, -11.65353439024021753 ) ) ;
#2687 = CARTESIAN_POINT ( 'NONE',  ( 4.889985838120322725, -8.162392473957865491, -13.65353439024024418 ) ) ;
#2688 = CARTESIAN_POINT ( 'NONE',  ( -12.24999999999973888, 0.5993391475588514261, -8.596032517583998001 ) ) ;
#2689 = CARTESIAN_POINT ( 'NONE',  ( 12.25000000000023626, 0.03328964966920087976, -9.323645655011349120 ) ) ;
#2690 = DIRECTION ( 'NONE',  ( 0.000000000000000000, 0.000000000000000000, 1.000000000000000000 ) ) ;
#2691 = LINE ( 'NONE', #3958, #3367 ) ;
#2692 = CARTESIAN_POINT ( 'NONE',  ( -12.25000000000085443, -7.277955478302846615, 2.958512614916163130 ) ) ;
#2693 = CARTESIAN_POINT ( 'NONE',  ( -4.420249689259610371, -4.420249689259559744, -24.76024934587180937 ) ) ;
#2694 = DIRECTION ( 'NONE',  ( 0.000000000000000000, 0.000000000000000000, -1.000000000000000000 ) ) ;
#2695 = CARTESIAN_POINT ( 'NONE',  ( 4.744848102616604280, 8.253202780814300255, -13.65353439024023174 ) ) ;
#2696 = CARTESIAN_POINT ( 'NONE',  ( 6.964610807318102559, 3.394917398085174121, -9.506766650562036958 ) ) ;
#2697 = CARTESIAN_POINT ( 'NONE',  ( 3.199999999999709299, -12.82214674779275576, 6.908022889067220618 ) ) ;
#2698 = CARTESIAN_POINT ( 'NONE',  ( 5.116980155952193243, -8.722254144630060324, -12.75821910029659456 ) ) ;
#2699 = CARTESIAN_POINT ( 'NONE',  ( -4.333019984726218077, 7.233036385593496931, -13.65353439024022109 ) ) ;
#2700 = CARTESIAN_POINT ( 'NONE',  ( -4.713522331396709397, 8.270532601299686704, -13.65353439024022464 ) ) ;
#2701 = CARTESIAN_POINT ( 'NONE',  ( 6.215961375844006653, 5.314467074432484672, -12.97315817741953126 ) ) ;
#2702 = ADVANCED_FACE ( 'NONE', ( #406 ), #4776, .T. ) ;
#2703 = EDGE_LOOP ( 'NONE', ( #2188, #5291, #3864, #2231 ) ) ;
#2704 = ORIENTED_EDGE ( 'NONE', *, *, #1788, .T. ) ;
#2705 = CARTESIAN_POINT ( 'NONE',  ( -10.31934181138937312, 0.1239768784774031851, -12.26618088510332250 ) ) ;
#2706 = CARTESIAN_POINT ( 'NONE',  ( -9.355546009936841045, -2.587838219831046338, -12.71841089425808669 ) ) ;
#2707 = DIRECTION ( 'NONE',  ( 1.000000000000000000, 0.000000000000000000, -1.095185450775958527E-16 ) ) ;
#2708 = CARTESIAN_POINT ( 'NONE',  ( -6.884137636881008326, 4.602504519232819113, -9.557542219258511551 ) ) ;
#2709 = ADVANCED_FACE ( 'NONE', ( #4289 ), #433, .F. ) ;
#2710 = ORIENTED_EDGE ( 'NONE', *, *, #659, .F. ) ;
#2711 = ORIENTED_EDGE ( 'NONE', *, *, #4117, .F. ) ;
#2712 = CARTESIAN_POINT ( 'NONE',  ( -12.25000000000044054, 6.786687616360344677, -3.583324702057749445 ) ) ;
#2713 = DIRECTION ( 'NONE',  ( 0.000000000000000000, -1.000000000000000000, 0.000000000000000000 ) ) ;
#2714 = CARTESIAN_POINT ( 'NONE',  ( -12.24999999999999822, 0.000000000000000000, 1.341602177200549140E-15 ) ) ;
#2715 = CARTESIAN_POINT ( 'NONE',  ( 6.758397202609462084, -3.938840784870888623, -13.65353439024021576 ) ) ;
#2716 = CARTESIAN_POINT ( 'NONE',  ( -12.24999999999827516, -7.006339264796825006, 3.708911826608419560 ) ) ;
#2717 = CARTESIAN_POINT ( 'NONE',  ( -11.86345728415974143, -5.500000115233718567, -6.356384242403588125 ) ) ;
#2718 = CARTESIAN_POINT ( 'NONE',  ( 5.143341490027903973, -8.908528781405392394, -12.49712237659163705 ) ) ;
#2719 = FACE_OUTER_BOUND ( 'NONE', #1761, .T. ) ;
#2720 = CARTESIAN_POINT ( 'NONE',  ( 5.168130480154242257, 6.283830971655682163, -10.26295655819017227 ) ) ;
#2721 = CARTESIAN_POINT ( 'NONE',  ( 7.070393896041109016, 9.287295642215402315E-15, -9.749999997787799799 ) ) ;
#2722 = CARTESIAN_POINT ( 'NONE',  ( 4.777186088534508990, -8.234507798825555724, -13.65353439024022109 ) ) ;
#2723 = CARTESIAN_POINT ( 'NONE',  ( -5.164851857035325011, 6.329295857089592303, -13.65353439024021576 ) ) ;
#2724 = CARTESIAN_POINT ( 'NONE',  ( -4.222408701343431048, 7.315178183483934227, -13.65353439024021043 ) ) ;
#2725 = CARTESIAN_POINT ( 'NONE',  ( 11.95927432395797396, -0.3716464891748806343, -9.775533844245050119 ) ) ;
#2726 = ORIENTED_EDGE ( 'NONE', *, *, #1861, .T. ) ;
#2727 = ORIENTED_EDGE ( 'NONE', *, *, #2354, .F. ) ;
#2728 = CARTESIAN_POINT ( 'NONE',  ( 6.520726147118396376, -4.332772238813509702, -13.65353439024021576 ) ) ;
#2729 = ADVANCED_FACE ( 'NONE', ( #2983 ), #4717, .T. ) ;
#2730 = DIRECTION ( 'NONE',  ( 0.000000000000000000, 1.000000000000000000, 1.002010156928930384E-16 ) ) ;
#2731 = VECTOR ( 'NONE', #4409, 1000.000000000000000 ) ;
#2732 = FACE_OUTER_BOUND ( 'NONE', #5521, .T. ) ;
#2733 = CARTESIAN_POINT ( 'NONE',  ( -5.282718120774095638, 6.230605609816766588, -10.46053025805164083 ) ) ;
#2734 = CARTESIAN_POINT ( 'NONE',  ( -4.344926864316109416, 7.222889515050398224, -13.65353439024021576 ) ) ;
#2735 = DIRECTION ( 'NONE',  ( -0.000000000000000000, -0.000000000000000000, 1.000000000000000000 ) ) ;
#2736 = EDGE_LOOP ( 'NONE', ( #2593, #2027, #3296, #5591, #4672, #1424, #3291 ) ) ;
#2737 = CARTESIAN_POINT ( 'NONE',  ( -12.25000000000645528, 0.8423275062196381446, -9.138151871097219825 ) ) ;
#2738 = CARTESIAN_POINT ( 'NONE',  ( -6.335548272093887157, -4.996124101430185149, 0.000000000000000000 ) ) ;
#2739 = AXIS2_PLACEMENT_3D ( 'NONE', #3957, #5273, #3614 ) ;
#2740 = CARTESIAN_POINT ( 'NONE',  ( 9.355492701130454947, -2.589388974355976814, -12.71828949103743867 ) ) ;
#2741 = CARTESIAN_POINT ( 'NONE',  ( -12.24999999999999822, -1.425471851450980543, 8.109885003762636657 ) ) ;
#2742 = B_SPLINE_CURVE_WITH_KNOTS ( 'NONE', 3,
 ( #5413, #1920, #1518, #240, #3243, #2771, #5388, #4961, #4989, #1097, #2857, #2829, #4557, #1547 ),
 .UNSPECIFIED., .F., .F.,
 ( 4, 2, 2, 2, 2, 2, 4 ),
 ( 0.002830027734725395691, 0.003540198708619561509, 0.003895284195566644202, 0.004250369682513726460, 0.004605455169460809586, 0.004960540656407891845, 0.005670711630302058964 ),
 .UNSPECIFIED. ) ;
#2743 = EDGE_CURVE ( 'NONE', #4943, #4403, #2284, .T. ) ;
#2744 = CARTESIAN_POINT ( 'NONE',  ( -11.91444314574969887, -7.228343455153930286, 4.423262148733011934 ) ) ;
#2745 = CARTESIAN_POINT ( 'NONE',  ( 10.10735618270838287, 1.140804607055125208, -12.44652870112442145 ) ) ;
#2746 = DIRECTION ( 'NONE',  ( -0.9117863222994632144, 0.4106649515938991524, 8.673617379884036458E-16 ) ) ;
#2747 = CYLINDRICAL_SURFACE ( 'NONE', #2340, 4.000000000000000000 ) ;
#2748 = CARTESIAN_POINT ( 'NONE',  ( 10.58039350579231552, -0.03160790332156586391, -12.04552450616847104 ) ) ;
#2749 = DIRECTION ( 'NONE',  ( 0.000000000000000000, 0.000000000000000000, -1.000000000000000000 ) ) ;
#2750 = CARTESIAN_POINT ( 'NONE',  ( 11.89507822344227961, 5.406681361682443843, 6.887509418809505846 ) ) ;
#2751 = CARTESIAN_POINT ( 'NONE',  ( 4.765524406091065757, -8.241346280224828291, -13.65353439024021576 ) ) ;
#2752 = CARTESIAN_POINT ( 'NONE',  ( -5.143236576468969368, 8.705775610473331483, -12.75777611636551256 ) ) ;
#2753 = CARTESIAN_POINT ( 'NONE',  ( 3.587679970073314184, 8.632564625808504033, -13.65353439023974857 ) ) ;
#2754 = CARTESIAN_POINT ( 'NONE',  ( 8.431462121834121248, 9.645918705560061923, -8.814338527120403555 ) ) ;
#2755 = ORIENTED_EDGE ( 'NONE', *, *, #4507, .F. ) ;
#2756 = ORIENTED_EDGE ( 'NONE', *, *, #5246, .F. ) ;
#2757 = DIRECTION ( 'NONE',  ( 0.8660254037844428154, 0.4999999999999931166, 0.000000000000000000 ) ) ;
#2758 = CARTESIAN_POINT ( 'NONE',  ( 12.25000000000028244, -1.458765722796546260, -8.857440629068994653 ) ) ;
#2759 = CARTESIAN_POINT ( 'NONE',  ( 5.096879262669148147, 8.734554872307295881, -12.75847345237388986 ) ) ;
#2760 = CARTESIAN_POINT ( 'NONE',  ( -5.499999999999997335, -13.80858985927958749, 2.405675714810013410 ) ) ;
#2761 = CARTESIAN_POINT ( 'NONE',  ( 7.908536406846473632, 6.998626512601877181, -7.144592836184739504 ) ) ;
#2762 = VECTOR ( 'NONE', #5103, 1000.000000000000114 ) ;
#2763 = ORIENTED_EDGE ( 'NONE', *, *, #4790, .T. ) ;
#2764 = VERTEX_POINT ( 'NONE', #3941 ) ;
#2765 = CARTESIAN_POINT ( 'NONE',  ( -12.25000000000000178, 6.728772838461049233, 2.746056007255399667 ) ) ;
#2766 = DIRECTION ( 'NONE',  ( 0.000000000000000000, 0.000000000000000000, 1.000000000000000000 ) ) ;
#2767 = CARTESIAN_POINT ( 'NONE',  ( -5.684027093416444743, 8.273896584912181495, -12.74082750455040802 ) ) ;
#2768 = CARTESIAN_POINT ( 'NONE',  ( 4.955837520125619733, -8.813271466401802812, -12.75755797717554252 ) ) ;
#2769 = CARTESIAN_POINT ( 'NONE',  ( -11.88762763165328806, -6.334060637252325598, 5.865347405970535277 ) ) ;
#2770 = DIRECTION ( 'NONE',  ( 0.000000000000000000, 0.000000000000000000, 1.000000000000000000 ) ) ;
#2771 = CARTESIAN_POINT ( 'NONE',  ( -6.632079105091577276, 3.875676115157133950, -4.957011872078483705 ) ) ;
#2772 = EDGE_CURVE ( 'NONE', #2837, #680, #3641, .T. ) ;
#2773 = CARTESIAN_POINT ( 'NONE',  ( 10.34931629246433538, -1.213669729152149879, -12.04191260748766368 ) ) ;
#2774 = CYLINDRICAL_SURFACE ( 'NONE', #4085, 17.35143634042886163 ) ;
#2775 = CARTESIAN_POINT ( 'NONE',  ( -0.8659574297830426870, -7.070357237860884325, -7.071778314661266940 ) ) ;
#2776 = CARTESIAN_POINT ( 'NONE',  ( 5.071384450340346461, -8.749751433267022094, -12.75866034481723155 ) ) ;
#2777 = CARTESIAN_POINT ( 'NONE',  ( -5.657647797412771240, 5.677055728283499469, -13.65353439024021576 ) ) ;
#2778 = CARTESIAN_POINT ( 'NONE',  ( -4.077460382494029645, 8.514565663519215732, -13.65353439024028859 ) ) ;
#2779 = CARTESIAN_POINT ( 'NONE',  ( 10.69130935185527242, 2.038174463687155047, -12.01109144709619514 ) ) ;
#2780 = ORIENTED_EDGE ( 'NONE', *, *, #1175, .F. ) ;
#2781 = ORIENTED_EDGE ( 'NONE', *, *, #2539, .F. ) ;
#2782 = CARTESIAN_POINT ( 'NONE',  ( -10.57676962646671903, 0.09753458989102610499, -12.04870014248393417 ) ) ;
#2783 = CARTESIAN_POINT ( 'NONE',  ( 4.589784178160655870, -6.993830666156751086, -13.65353439024021220 ) ) ;
#2784 = CARTESIAN_POINT ( 'NONE',  ( 4.770597429694312552, 8.238384586931021047, -13.65353439024021043 ) ) ;
#2785 = CARTESIAN_POINT ( 'NONE',  ( -4.786773787726064988, -8.228804413535726781, -13.65353439024021931 ) ) ;
#2786 = CARTESIAN_POINT ( 'NONE',  ( -6.249999999999997335, 7.247782096564399090, -6.905910539607814869 ) ) ;
#2787 = ORIENTED_EDGE ( 'NONE', *, *, #4790, .F. ) ;
#2788 = ORIENTED_EDGE ( 'NONE', *, *, #5526, .T. ) ;
#2789 = CARTESIAN_POINT ( 'NONE',  ( -12.25000000000043698, 7.012968979489081711, 3.694549191797641630 ) ) ;
#2790 = DIRECTION ( 'NONE',  ( -0.9999999952423108684, -9.754679970269150926E-05, 0.000000000000000000 ) ) ;
#2791 = CARTESIAN_POINT ( 'NONE',  ( -5.380261184385566331, 9.318885729346710889, 11.03005007641328028 ) ) ;
#2792 = CARTESIAN_POINT ( 'NONE',  ( -5.222245417387555655, -6.252407666090283200, -13.65353439024021576 ) ) ;
#2793 = VECTOR ( 'NONE', #5472, 1000.000000000000000 ) ;
#2794 = CARTESIAN_POINT ( 'NONE',  ( 2.174465375120260724, 6.938736387517056237, -9.131716714134761048 ) ) ;
#2795 = EDGE_CURVE ( 'NONE', #2023, #4537, #2563, .T. ) ;
#2796 = CARTESIAN_POINT ( 'NONE',  ( -12.24999999999999822, -4.137270941142539016, -6.044004543993670708 ) ) ;
#2797 = CIRCLE ( 'NONE', #5343, 7.750000000000000000 ) ;
#2798 = CARTESIAN_POINT ( 'NONE',  ( -7.811825646387161370, 17.31243405050479112, -13.65353439024021398 ) ) ;
#2799 = CARTESIAN_POINT ( 'NONE',  ( -12.22000286217397580, -3.985881972072689905, -6.656329048535813087 ) ) ;
#2800 = CARTESIAN_POINT ( 'NONE',  ( 10.52316467558999591, -0.3540890924957942887, -12.09558544305257932 ) ) ;
#2801 = CARTESIAN_POINT ( 'NONE',  ( 5.601481669910121752, 6.036224796285024397, -11.11427778366793540 ) ) ;
#2802 = CARTESIAN_POINT ( 'NONE',  ( 12.24999999999997691, 3.155258895414990938, -6.890883244071957847 ) ) ;
#2803 = EDGE_CURVE ( 'NONE', #2247, #707, #190, .T. ) ;
#2804 = DIRECTION ( 'NONE',  ( 1.000000000000000000, 0.000000000000000000, 0.000000000000000000 ) ) ;
#2805 = CARTESIAN_POINT ( 'NONE',  ( 4.360089135708767216, 8.424437400853644675, -13.65353439024028859 ) ) ;
#2806 = CARTESIAN_POINT ( 'NONE',  ( 14.99329378223377596, 0.000000000000000000, -3.557211016089484978 ) ) ;
#2807 = VERTEX_POINT ( 'NONE', #3013 ) ;
#2808 = EDGE_LOOP ( 'NONE', ( #3074, #4370, #3282 ) ) ;
#2809 = CARTESIAN_POINT ( 'NONE',  ( 7.375493421783927417, -6.163887761836991608, -12.71468074548579175 ) ) ;
#2810 = EDGE_CURVE ( 'NONE', #5421, #1996, #1942, .T. ) ;
#2811 = CARTESIAN_POINT ( 'NONE',  ( 4.344926864316206228, -7.222889515050328058, -13.65353439024021576 ) ) ;
#2812 = CARTESIAN_POINT ( 'NONE',  ( 4.241162459637922488, 7.303151615263346663, -13.65353439024022286 ) ) ;
#2813 = CARTESIAN_POINT ( 'NONE',  ( -4.237615823213151778, -7.305551308214240258, -13.65353439024021576 ) ) ;
#2814 = CARTESIAN_POINT ( 'NONE',  ( -11.80085773886652234, 2.250223291543295812, 9.148507780260809241 ) ) ;
#2815 = AXIS2_PLACEMENT_3D ( 'NONE', #1939, #981, #5407 ) ;
#2816 = CARTESIAN_POINT ( 'NONE',  ( 1.970356796653697007, -3.412758080842880126, -20.83958864581944326 ) ) ;
#2817 = ORIENTED_EDGE ( 'NONE', *, *, #867, .T. ) ;
#2818 = CARTESIAN_POINT ( 'NONE',  ( -12.25000000000171596, 7.679340201831124979, 1.100193866949252586 ) ) ;
#2819 = PLANE ( 'NONE',  #3086 ) ;
#2820 = CIRCLE ( 'NONE', #1306, 17.35143634042849570 ) ;
#2821 = CIRCLE ( 'NONE', #106, 2.000000000000000444 ) ;
#2822 = CARTESIAN_POINT ( 'NONE',  ( -8.202369394321285867, 4.837507824536393386, -12.71225469725226631 ) ) ;
#2823 = CARTESIAN_POINT ( 'NONE',  ( 4.745879623847270246, -8.252620272577388505, -13.65353439024022109 ) ) ;
#2824 = CIRCLE ( 'NONE', #4545, 8.750000000000001776 ) ;
#2825 = DIRECTION ( 'NONE',  ( 0.8660254037844391517, 0.4999999999999993894, 0.000000000000000000 ) ) ;
#2826 = CARTESIAN_POINT ( 'NONE',  ( -11.84136533083475840, -4.760071825283067604, -7.115232671875989290 ) ) ;
#2827 = CARTESIAN_POINT ( 'NONE',  ( -4.223748108809322943, 7.314407402364018651, -13.65353439024021576 ) ) ;
#2828 = CARTESIAN_POINT ( 'NONE',  ( -9.355546009936841045, -2.587838219831041453, -12.71841089425808313 ) ) ;
#2829 = CARTESIAN_POINT ( 'NONE',  ( -6.721183782228601800, 3.467796627957972611, -6.000007562292075214 ) ) ;
#2830 = CARTESIAN_POINT ( 'NONE',  ( 10.57976557725185351, -0.05195191284846213675, -12.04607406930640146 ) ) ;
#2831 = FACE_OUTER_BOUND ( 'NONE', #1432, .T. ) ;
#2832 = CARTESIAN_POINT ( 'NONE',  ( 11.85013719145388045, 3.913432329963519862, -7.820793998752694876 ) ) ;
#2833 = DIRECTION ( 'NONE',  ( 1.000000000000000000, -0.000000000000000000, -0.000000000000000000 ) ) ;
#2834 = CARTESIAN_POINT ( 'NONE',  ( 4.545358435859533586, 8.351915642037349485, -13.65353439024017490 ) ) ;
#2835 = CARTESIAN_POINT ( 'NONE',  ( 6.608048967339230195, 11.44547655033466604, 7.923703456781644228 ) ) ;
#2836 = ORIENTED_EDGE ( 'NONE', *, *, #4540, .F. ) ;
#2837 = VERTEX_POINT ( 'NONE', #1070 ) ;
#2838 = CARTESIAN_POINT ( 'NONE',  ( -4.656155074866554777, -8.300295411227819997, -13.65353439024023352 ) ) ;
#2839 = CARTESIAN_POINT ( 'NONE',  ( 5.404567570190786263, -8.517816618050337851, -12.75006201813392259 ) ) ;
#2840 = CARTESIAN_POINT ( 'NONE',  ( 7.070393896041109016, 9.287345689728979461E-15, -11.74999999778779980 ) ) ;
#2841 = CARTESIAN_POINT ( 'NONE',  ( 5.115110280882324112, 8.723416077330234941, -12.75824944825425611 ) ) ;
#2842 = CARTESIAN_POINT ( 'NONE',  ( -6.125999779427570680, 5.474231613685749842, -12.62871191018428796 ) ) ;
#2843 = CARTESIAN_POINT ( 'NONE',  ( -11.90629647185595630, 6.960032944993913340, 4.914235944570257253 ) ) ;
#2844 = ADVANCED_FACE ( 'NONE', ( #2374 ), #2774, .F. ) ;
#2845 = CARTESIAN_POINT ( 'NONE',  ( 7.399510874385361703, -12.81632878559392275, 4.294159011543763782 ) ) ;
#2846 = ORIENTED_EDGE ( 'NONE', *, *, #4037, .T. ) ;
#2847 = CARTESIAN_POINT ( 'NONE',  ( -12.25000000000474643, 2.711573565577762857, 8.326108558187881314 ) ) ;
#2848 = CARTESIAN_POINT ( 'NONE',  ( -10.34931629246435669, 1.213669729152807131, -12.04191260748735282 ) ) ;
#2849 = CARTESIAN_POINT ( 'NONE',  ( -4.223171334864678883, -7.314747321054023921, -13.65353439024021931 ) ) ;
#2850 = CIRCLE ( 'NONE', #3755, 1.999999999999999112 ) ;
#2851 = CARTESIAN_POINT ( 'NONE',  ( 3.199999995179072965, -5.542562567520256778, 13.83072458560983442 ) ) ;
#2852 = ORIENTED_EDGE ( 'NONE', *, *, #2504, .T. ) ;
#2853 = CARTESIAN_POINT ( 'NONE',  ( 11.68417579094971259, 7.900670378347298239, 3.829388125172772384 ) ) ;
#2854 = CARTESIAN_POINT ( 'NONE',  ( -12.24999999999966072, -4.256519042960610122, -6.844719473515993968 ) ) ;
#2855 = CARTESIAN_POINT ( 'NONE',  ( 4.999999999999999112, -5.000201960299634152, -11.74999999778779980 ) ) ;
#2856 = CARTESIAN_POINT ( 'NONE',  ( -4.956099228279228441, -8.115315961915019471, -13.65353439024022286 ) ) ;
#2857 = CARTESIAN_POINT ( 'NONE',  ( -6.667712705512310656, 3.717429717450239313, -5.752073993758664905 ) ) ;
#2858 = CARTESIAN_POINT ( 'NONE',  ( -10.32639397260433789, 0.1048880295149797331, -12.26024240530070664 ) ) ;
#2859 = DIRECTION ( 'NONE',  ( -1.095185450775958527E-16, 0.000000000000000000, -1.000000000000000000 ) ) ;
#2860 = CARTESIAN_POINT ( 'NONE',  ( -10.47635492022522641, 0.9895686031129230509, -11.95203394200487601 ) ) ;
#2861 = FACE_OUTER_BOUND ( 'NONE', #2224, .T. ) ;
#2862 = CARTESIAN_POINT ( 'NONE',  ( 7.070393896041109016, 9.287290673886657102E-15, -8.749999997787798023 ) ) ;
#2863 = CARTESIAN_POINT ( 'NONE',  ( 1.963414522414115071, 3.400733709139851069, 14.90075911844934353 ) ) ;
#2864 = CARTESIAN_POINT ( 'NONE',  ( 12.05694698354291639, 2.708614645375624352, -8.326421912714693008 ) ) ;
#2865 = DIRECTION ( 'NONE',  ( 0.000000000000000000, 1.000000000000000000, 0.000000000000000000 ) ) ;
#2866 = VERTEX_POINT ( 'NONE', #3655 ) ;
#2867 = ORIENTED_EDGE ( 'NONE', *, *, #3596, .T. ) ;
#2868 = CARTESIAN_POINT ( 'NONE',  ( -4.712848266313876877, -8.270891652296985086, -13.65353439024022819 ) ) ;
#2869 = CARTESIAN_POINT ( 'NONE',  ( 4.631120213454250845, -6.951307177048984265, -13.65353439024021931 ) ) ;
#2870 = CARTESIAN_POINT ( 'NONE',  ( 11.96862590340385069, -0.1460318608221495840, -9.791417902033888510 ) ) ;
#2871 = EDGE_CURVE ( 'NONE', #3320, #4696, #5390, .T. ) ;
#2872 = CARTESIAN_POINT ( 'NONE',  ( 5.075610925780769556, 8.747263284263253169, -12.75864064331061165 ) ) ;
#2873 = CARTESIAN_POINT ( 'NONE',  ( -5.141430841217530912, -8.706936671498496594, -12.75781640250978377 ) ) ;
#2874 = DIRECTION ( 'NONE',  ( -1.000000000000000000, -0.000000000000000000, 1.095185450775958527E-16 ) ) ;
#2875 = CARTESIAN_POINT ( 'NONE',  ( 10.20702516543054905, -11.41973567553702296, -3.557211016089484978 ) ) ;
#2876 = ORIENTED_EDGE ( 'NONE', *, *, #5382, .F. ) ;
#2877 = CARTESIAN_POINT ( 'NONE',  ( -4.139772290847549385, -12.12372698475856403, -8.814338527120410660 ) ) ;
#2878 = EDGE_CURVE ( 'NONE', #1848, #661, #3696, .T. ) ;
#2879 = DIRECTION ( 'NONE',  ( -9.912705577010324317E-17, 0.000000000000000000, -1.000000000000000000 ) ) ;
#2880 = CARTESIAN_POINT ( 'NONE',  ( 4.713522331396783116, -8.270532601299649400, -13.65353439024023174 ) ) ;
#2881 = VERTEX_POINT ( 'NONE', #3141 ) ;
#2882 = DIRECTION ( 'NONE',  ( 0.000000000000000000, 0.000000000000000000, 1.000000000000000000 ) ) ;
#2883 = CARTESIAN_POINT ( 'NONE',  ( -12.25000000000075495, -4.450517419580044987, -6.669880791477345028 ) ) ;
#2884 = CARTESIAN_POINT ( 'NONE',  ( -5.067060868529655870, 8.752284905220321320, -12.75867610643142669 ) ) ;
#2885 = CARTESIAN_POINT ( 'NONE',  ( -5.852193446843033442, -8.109438037533315935, -12.73599735307360525 ) ) ;
#2886 = CARTESIAN_POINT ( 'NONE',  ( -12.17330075744856899, -7.539750589101255507, 1.829600934912711141 ) ) ;
#2887 = CARTESIAN_POINT ( 'NONE',  ( -6.249999999999996447, -2.210124844629778096, 0.000000000000000000 ) ) ;
#2888 = CARTESIAN_POINT ( 'NONE',  ( 1.712399506366683699, -7.006156374962599465, -7.137413143915138924 ) ) ;
#2889 = AXIS2_PLACEMENT_3D ( 'NONE', #1041, #2770, #608 ) ;
#2890 = CARTESIAN_POINT ( 'NONE',  ( 3.199999999999999734, 0.000000000000000000, -4.599778893259026948E-16 ) ) ;
#2891 = CYLINDRICAL_SURFACE ( 'NONE', #3574, 1.999999999999974021 ) ;
#2892 = CARTESIAN_POINT ( 'NONE',  ( -11.89116521877677712, -6.458528360157187898, 5.703800919887750176 ) ) ;
#2893 = CARTESIAN_POINT ( 'NONE',  ( -0.7052542284604629286, 7.818570947971874574, -13.65353439024022464 ) ) ;
#2894 = FACE_OUTER_BOUND ( 'NONE', #4385, .T. ) ;
#2895 = EDGE_LOOP ( 'NONE', ( #2516, #5017, #3633, #35, #5576, #5073, #3021 ) ) ;
#2896 = ORIENTED_EDGE ( 'NONE', *, *, #4892, .T. ) ;
#2897 = CARTESIAN_POINT ( 'NONE',  ( -4.217136262173949213, -7.318002003751542084, -13.65353439024022109 ) ) ;
#2898 = CARTESIAN_POINT ( 'NONE',  ( 9.355492701130456723, -2.589388974355969264, -12.71828949103744222 ) ) ;
#2899 = DIRECTION ( 'NONE',  ( -0.9118589362461549941, -0.4105036910772312253, 0.000000000000000000 ) ) ;
#2900 = CARTESIAN_POINT ( 'NONE',  ( 4.359145675583559587, 7.211058214095310781, -13.65353439024021576 ) ) ;
#2901 = CARTESIAN_POINT ( 'NONE',  ( -4.227740443193968467, -7.311958637677902217, -13.65353439024022286 ) ) ;
#2902 = CARTESIAN_POINT ( 'NONE',  ( 10.69130935185525821, 3.469446951953614189E-15, -12.01109144709618270 ) ) ;
#2903 = CARTESIAN_POINT ( 'NONE',  ( 5.732032763318125390, -5.459898562767346419, 13.40799355303542839 ) ) ;
#2904 = EDGE_LOOP ( 'NONE', ( #4566, #5297, #4133, #1401, #5244 ) ) ;
#2905 = ADVANCED_FACE ( 'NONE', ( #1391 ), #4330, .T. ) ;
#2906 = CARTESIAN_POINT ( 'NONE',  ( 7.399510874385343939, -12.81632878559389077, 4.294159011543782434 ) ) ;
#2907 = CARTESIAN_POINT ( 'NONE',  ( -8.811691165149047933, -3.730262698006038047, -12.71343403529106730 ) ) ;
#2908 = CARTESIAN_POINT ( 'NONE',  ( 4.141731259111591790, -7.351956214303558390, -13.65353439024022109 ) ) ;
#2909 = EDGE_LOOP ( 'NONE', ( #1347, #2041, #5221 ) ) ;
#2910 = CARTESIAN_POINT ( 'NONE',  ( -12.24999999999956835, -5.146997712116463397, -5.961298936294902262 ) ) ;
#2911 = CIRCLE ( 'NONE', #3724, 1.999999999999975797 ) ;
#2912 = CARTESIAN_POINT ( 'NONE',  ( -5.071384450340221228, 8.749751433267094924, -12.75866034481722977 ) ) ;
#2913 = CARTESIAN_POINT ( 'NONE',  ( -6.886550937097510428, -5.838459696537108279, -13.65353439024115723 ) ) ;
#2914 = B_SPLINE_SURFACE_WITH_KNOTS ( 'NONE', 3, 3, ( 
 ( #2932, #3720, #3691, #5428 ),
 ( #3781, #2446, #2417, #5459 ),
 ( #227, #4141, #1989, #2816 ),
 ( #2050, #1204, #4633, #1534 ),
 ( #3232, #776, #3256, #5010 ),
 ( #2080, #5067, #1566, #1961 ),
 ( #256, #3290, #5041, #1113 ),
 ( #4235, #1143, #2875, #4603 ),
 ( #4574, #717, #4172, #5520 ),
 ( #747, #3319, #4977, #2845 ),
 ( #286, #2022, #2510, #348 ),
 ( #3751, #4665, #5490, #1172 ),
 ( #3811, #1596, #2903, #4546 ),
 ( #2478, #4203, #660, #2388 ),
 ( #5552, #4113, #316, #1626 ),
 ( #687, #3350, #5098, #466 ) ),
 .UNSPECIFIED., .F., .F., .F.,
 ( 4, 1, 1, 1, 2, 1, 1, 1, 1, 1, 1, 1, 4 ),
 ( 4, 4 ),
 ( 0.000000000000000000, 0.1035893723117354698, 0.2071787446234709396, 0.3107681169352063955, 0.4143574892469418791, 0.4875628030910741373, 0.5607681169352063399, 0.6339734307793387647, 0.7071787446234709673, 0.7803840584676031700, 0.8535893723117353726, 0.9267946861558677973, 1.000000000000000000 ),
 ( 0.000000000000000000, 1.000000000000000000 ),
 .UNSPECIFIED. ) ;
#2915 = CARTESIAN_POINT ( 'NONE',  ( 9.699999999999999289, -9.284725370330095373, -6.000000000000000000 ) ) ;
#2916 = EDGE_CURVE ( 'NONE', #5068, #1962, #3015, .T. ) ;
#2917 = B_SPLINE_CURVE_WITH_KNOTS ( 'NONE', 3,
 ( #3340, #2981, #274, #1614, #1161, #2103, #5511, #2529 ),
 .UNSPECIFIED., .F., .F.,
 ( 4, 2, 2, 4 ),
 ( 2.934965519869990483E-17, 0.0004304832085526531793, 0.0008609664171052770851, 0.001721932834210527065 ),
 .UNSPECIFIED. ) ;
#2918 = CARTESIAN_POINT ( 'NONE',  ( -11.96857501410597635, 0.1463080763702054587, -9.791314415459302367 ) ) ;
#2919 = CARTESIAN_POINT ( 'NONE',  ( -10.58060319023879536, -0.01962318162068019470, -12.04534122229466675 ) ) ;
#2920 = CARTESIAN_POINT ( 'NONE',  ( -11.85167759331909210, 3.812094672410320406, -7.901875246271004904 ) ) ;
#2921 = CARTESIAN_POINT ( 'NONE',  ( -11.94788857114111913, -8.176444970310027927, -0.1322407882616164487 ) ) ;
#2922 = LINE ( 'NONE', #678, #4637 ) ;
#2923 = CARTESIAN_POINT ( 'NONE',  ( 5.593976898344683590, 6.155791376185677954, -8.101496439174031394 ) ) ;
#2924 = CARTESIAN_POINT ( 'NONE',  ( 9.355492701130454947, -2.589388974355976814, -12.71828949103743867 ) ) ;
#2925 = ORIENTED_EDGE ( 'NONE', *, *, #1705, .F. ) ;
#2926 = CARTESIAN_POINT ( 'NONE',  ( -5.044770324861296729, -8.765143767784852713, -12.75867158782270216 ) ) ;
#2927 = CARTESIAN_POINT ( 'NONE',  ( -0.8924481909828193560, 1.041198949684384534, -23.48981541844718990 ) ) ;
#2928 = CARTESIAN_POINT ( 'NONE',  ( 4.361148979892688793, 7.777906225367778426, -6.287567093980378274 ) ) ;
#2929 = CARTESIAN_POINT ( 'NONE',  ( 8.583650401182508105, 2.875834799671697972, -13.65353439024258009 ) ) ;
#2930 = CARTESIAN_POINT ( 'NONE',  ( -10.64448023800552079, -0.5781694018118022083, -11.84054038408366694 ) ) ;
#2931 = CARTESIAN_POINT ( 'NONE',  ( 7.702343320404776428, -13.34084996827991176, 0.3811111474512711705 ) ) ;
#2932 = CARTESIAN_POINT ( 'NONE',  ( 7.743981870925445586E-15, 4.648177544792775881E-16, -24.76024934587180226 ) ) ;
#2933 = ORIENTED_EDGE ( 'NONE', *, *, #1, .F. ) ;
#2934 = FACE_OUTER_BOUND ( 'NONE', #1526, .T. ) ;
#2935 = DIRECTION ( 'NONE',  ( -1.000000000000000000, 0.000000000000000000, 0.000000000000000000 ) ) ;
#2936 = CARTESIAN_POINT ( 'NONE',  ( -6.824382018919657789, -6.962210813199535941, -12.71817507895344690 ) ) ;
#2937 = CARTESIAN_POINT ( 'NONE',  ( 4.537950558125896983, -8.989435174188693978, -12.74628935024552945 ) ) ;
#2938 = VERTEX_POINT ( 'NONE', #4476 ) ;
#2939 = CARTESIAN_POINT ( 'NONE',  ( 1.963414522414174579, 3.400733709139841299, 14.90075911844933110 ) ) ;
#2940 = CARTESIAN_POINT ( 'NONE',  ( -12.25000000000000178, -0.5977919701638237937, -8.596474052128153076 ) ) ;
#2941 = CARTESIAN_POINT ( 'NONE',  ( -4.225465522956796782, 7.313366227323644608, -13.65353439024020510 ) ) ;
#2942 = EDGE_CURVE ( 'NONE', #3281, #2205, #1601, .T. ) ;
#2943 = CARTESIAN_POINT ( 'NONE',  ( -6.299722712807907854, -7.616045258244310112, -12.72599340131396772 ) ) ;
#2944 = CARTESIAN_POINT ( 'NONE',  ( 9.699999999999999289, -9.135603748876260255, 6.628466873390611802 ) ) ;
#2945 = CARTESIAN_POINT ( 'NONE',  ( 10.34961971017875548, 0.02829925398847575949, -12.24063838753779088 ) ) ;
#2946 = DIRECTION ( 'NONE',  ( -1.982541115402064863E-16, 0.000000000000000000, -1.000000000000000000 ) ) ;
#2947 = CARTESIAN_POINT ( 'NONE',  ( -7.811825646387160482, -1.892881048235043551, -11.65353439024021753 ) ) ;
#2948 = ADVANCED_FACE ( 'NONE', ( #2831, #4618 ), #731, .T. ) ;
#2949 = CARTESIAN_POINT ( 'NONE',  ( -11.94779057761092211, -8.193214754021230561, 0.5546043671173308542 ) ) ;
#2950 = CARTESIAN_POINT ( 'NONE',  ( 3.381473006643041401, 7.555867216619317261, -13.65353439024021931 ) ) ;
#2951 = CARTESIAN_POINT ( 'NONE',  ( -6.435810131856738003, 7.415863152786451806, -6.708574639902594505 ) ) ;
#2952 =( BOUNDED_SURFACE ( )  B_SPLINE_SURFACE ( 3, 2, ( 
 ( #1756, #5172, #5227 ),
 ( #2157, #1334, #1278 ),
 ( #3006, #502, #4932 ),
 ( #2236, #3959, #109 ),
 ( #3083, #1012, #2668 ),
 ( #527, #3506, #1863 ),
 ( #1836, #2262, #3986 ),
 ( #3535, #607, #3563 ),
 ( #5305, #579, #79 ),
 ( #1413, #3136, #934 ),
 ( #4065, #3111, #5250 ),
 ( #4875, #4850, #3162 ),
 ( #2314, #2341, #4441 ),
 ( #1040, #2289, #984 ),
 ( #1781, #3617, #4038 ),
 ( #157, #552, #4012 ),
 ( #4901, #1386, #2769 ),
 ( #3187, #4416, #133 ),
 ( #4497, #4390, #5276 ),
 ( #957, #3589, #2744 ),
 ( #1809, #2716, #1360 ),
 ( #4823, #2692, #5332 ),
 ( #1437, #4470, #1890 ),
 ( #5358, #1464, #2426 ),
 ( #3327, #1064, #1945 ),
 ( #3674, #696, #3298 ),
 ( #4525, #236, #1918 ),
 ( #294, #5076, #5412 ),
 ( #2455, #5386, #3651 ),
 ( #5047, #1515, #5498 ),
 ( #3733, #210, #1605 ),
 ( #4644, #2029, #1182 ),
 ( #755, #1971, #2487 ),
 ( #3760, #1543, #1092 ),
 ( #3239, #4152, #184 ),
 ( #264, #1997, #1491 ),
 ( #5469, #4614, #3268 ),
 ( #1574, #2910, #1151 ),
 ( #4182, #3215, #5019 ),
 ( #4986, #4958, #2398 ),
 ( #2796, #639, #2369 ),
 ( #4094, #2883, #5436 ),
 ( #4583, #4122, #2826 ),
 ( #1122, #4554, #667 ),
 ( #3701, #2854, #725 ),
 ( #2549, #1331, #817 ),
 ( #2519, #1214, #3853 ),
 ( #3362, #848, #901 ),
 ( #5110, #3449, #4277 ),
 ( #5625, #2583, #3033 ),
 ( #1274, #5594, #1753 ),
 ( #2940, #1243, #395 ),
 ( #4736, #2125, #4334 ),
 ( #1699, #2059, #4245 ),
 ( #3392, #5565, #5138 ),
 ( #3058, #3421, #3908 ),
 ( #4213, #5167, #4675 ),
 ( #5224, #3001, #2970 ),
 ( #422, #26, #4704 ),
 ( #448, #2154, #4309 ),
 ( #3881, #1727, #785 ),
 ( #1668, #3478, #4792 ),
 ( #325, #359, #3790 ),
 ( #5531, #5197, #4767 ) ),
 .UNSPECIFIED., .F., .F., .T. ) 
 B_SPLINE_SURFACE_WITH_KNOTS ( ( 4, 2, 2, 2, 2, 2, 2, 2, 2, 2, 2, 2, 2, 2, 2, 2, 2, 2, 2, 2, 2, 2, 2, 2, 2, 2, 2, 2, 2, 2, 2, 4 ),
 ( 3, 3 ),
 ( -6.993104012531503599E-17, 0.0003739834030676564953, 0.0007479668061353829216, 0.001495933612270835883, 0.002991867224541741588, 0.003739834030677194332, 0.004487800836812647076, 0.005983734449083553432, 0.006731701255219007043, 0.007479668061354459788, 0.008975601673625365276, 0.009723568479760818020, 0.01047153528589627076, 0.01196746889816717625, 0.01346340251043808348, 0.01495933612270898896, 0.01570730292884444171, 0.01645526973497989445, 0.01795120334725079994, 0.01869917015338625269, 0.01907315355645397906, 0.01926014525798784224, 0.01944713695952170543, 0.02094307057179261092, 0.02243900418406351641, 0.02318697099019896915, 0.02356095439326669552, 0.02374794609480055871, 0.02384144194556749030, 0.02388818987095095436, 0.02391156383364268639, 0.02393493779633442189 ),
 ( 0.000000000000000000, 1.000000000000000000 ),
 .UNSPECIFIED. ) 
 GEOMETRIC_REPRESENTATION_ITEM ( )  RATIONAL_B_SPLINE_SURFACE ( (
 ( 1.000000000000000000, 0.9418659363109685989, 1.000000000000000000),
 ( 1.000000000000000000, 0.9418557340765220109, 1.000000000000000000),
 ( 1.000000000000000000, 0.9417531314257788777, 1.000000000000000000),
 ( 1.000000000000000000, 0.9416029488766889388, 1.000000000000000000),
 ( 1.000000000000000000, 0.9415483514011286914, 1.000000000000000000),
 ( 1.000000000000000000, 0.9415019039920717869, 1.000000000000000000),
 ( 1.000000000000000000, 0.9416231407166371081, 1.000000000000000000),
 ( 1.000000000000000000, 0.9423703351810190920, 1.000000000000000000),
 ( 1.000000000000000000, 0.9433293924103453021, 1.000000000000000000),
 ( 1.000000000000000000, 0.9450400293550687003, 1.000000000000000000),
 ( 1.000000000000000000, 0.9456594506541932121, 1.000000000000000000),
 ( 1.000000000000000000, 0.9469598032492682060, 1.000000000000000000),
 ( 1.000000000000000000, 0.9476446165598635396, 1.000000000000000000),
 ( 1.000000000000000000, 0.9496859100849671664, 1.000000000000000000),
 ( 1.000000000000000000, 0.9510451264511035063, 1.000000000000000000),
 ( 1.000000000000000000, 0.9529934170698850515, 1.000000000000000000),
 ( 1.000000000000000000, 0.9536284848567979644, 1.000000000000000000),
 ( 1.000000000000000000, 0.9548600044873500892, 1.000000000000000000),
 ( 1.000000000000000000, 0.9554556447833347788, 1.000000000000000000),
 ( 1.000000000000000000, 0.9571374214209518172, 1.000000000000000000),
 ( 1.000000000000000000, 0.9581341114650436808, 1.000000000000000000),
 ( 1.000000000000000000, 0.9593533246790835189, 1.000000000000000000),
 ( 1.000000000000000000, 0.9597164496041735715, 1.000000000000000000),
 ( 1.000000000000000000, 0.9603508517518183352, 1.000000000000000000),
 ( 1.000000000000000000, 0.9606220794292317233, 1.000000000000000000),
 ( 1.000000000000000000, 0.9612712938325904677, 1.000000000000000000),
 ( 1.000000000000000000, 0.9614948831684694275, 1.000000000000000000),
 ( 1.000000000000000000, 0.9614867293749663757, 1.000000000000000000),
 ( 1.000000000000000000, 0.9612502081383756947, 1.000000000000000000),
 ( 1.000000000000000000, 0.9603219560863042181, 1.000000000000000000),
 ( 1.000000000000000000, 0.9596336378409660028, 1.000000000000000000),
 ( 1.000000000000000000, 0.9582538995788426606, 1.000000000000000000),
 ( 1.000000000000000000, 0.9577331384307318229, 1.000000000000000000),
 ( 1.000000000000000000, 0.9566258716334784529, 1.000000000000000000),
 ( 1.000000000000000000, 0.9560346763019392791, 1.000000000000000000),
 ( 1.000000000000000000, 0.9541637302595599168, 1.000000000000000000),
 ( 1.000000000000000000, 0.9527859121946286036, 1.000000000000000000),
 ( 1.000000000000000000, 0.9505850213999395004, 1.000000000000000000),
 ( 1.000000000000000000, 0.9498331131433005448, 1.000000000000000000),
 ( 1.000000000000000000, 0.9486934659304535611, 1.000000000000000000),
 ( 1.000000000000000000, 0.9483114035955056975, 1.000000000000000000),
 ( 1.000000000000000000, 0.9477367336357545025, 1.000000000000000000),
 ( 1.000000000000000000, 0.9475449168969749536, 1.000000000000000000),
 ( 1.000000000000000000, 0.9471610834752670627, 1.000000000000000000),
 ( 1.000000000000000000, 0.9474136646882861390, 1.000000000000000000),
 ( 1.000000000000000000, 0.9481845810318659806, 1.000000000000000000),
 ( 1.000000000000000000, 0.9489726763568843149, 1.000000000000000000),
 ( 1.000000000000000000, 0.9510308269249224677, 1.000000000000000000),
 ( 1.000000000000000000, 0.9522601726969849301, 1.000000000000000000),
 ( 1.000000000000000000, 0.9551515699901671486, 1.000000000000000000),
 ( 1.000000000000000000, 0.9562823638697536266, 1.000000000000000000),
 ( 1.000000000000000000, 0.9586272837798494040, 1.000000000000000000),
 ( 1.000000000000000000, 0.9595204898703136864, 1.000000000000000000),
 ( 1.000000000000000000, 0.9611676838395508682, 1.000000000000000000),
 ( 1.000000000000000000, 0.9617702078166431301, 1.000000000000000000),
 ( 1.000000000000000000, 0.9627899893082604299, 1.000000000000000000),
 ( 1.000000000000000000, 0.9631518072341550551, 1.000000000000000000),
 ( 1.000000000000000000, 0.9637139290630033495, 1.000000000000000000),
 ( 1.000000000000000000, 0.9639049845736117339, 1.000000000000000000),
 ( 1.000000000000000000, 0.9641796041752566104, 1.000000000000000000),
 ( 1.000000000000000000, 0.9642694441934233085, 1.000000000000000000),
 ( 1.000000000000000000, 0.9644289211979885090, 1.000000000000000000),
 ( 1.000000000000000000, 0.9645045897222671583, 1.000000000000000000),
 ( 1.000000000000000000, 0.9645145105621958370, 1.000000000000000000) ) ) 
 REPRESENTATION_ITEM ( '' )  SURFACE ( )  );
#2953 = CARTESIAN_POINT ( 'NONE',  ( 1.040834085586105240E-14, 1.802777518484578926E-14, -24.76024934587180937 ) ) ;
#2954 = ORIENTED_EDGE ( 'NONE', *, *, #234, .F. ) ;
#2955 = CARTESIAN_POINT ( 'NONE',  ( -5.046831549092120284, -8.763968511017100838, -12.75867881064249509 ) ) ;
#2956 = CARTESIAN_POINT ( 'NONE',  ( -3.926829044828248350, 2.580401170515500553E-14, 14.90075911844934353 ) ) ;
#2957 = CARTESIAN_POINT ( 'NONE',  ( 5.404231295207304164, 7.622640261931851846, -6.479996912611579951 ) ) ;
#2958 = CARTESIAN_POINT ( 'NONE',  ( 4.723942539406253971, 6.851371416375831913, -13.65353439024020510 ) ) ;
#2959 = CARTESIAN_POINT ( 'NONE',  ( -6.251754465819232109, -5.274813612574186017, -13.63653123913891285 ) ) ;
#2960 = CARTESIAN_POINT ( 'NONE',  ( 14.99329378223374754, -3.125211623426418228, -3.557211016089472988 ) ) ;
#2961 = CARTESIAN_POINT ( 'NONE',  ( -9.485881199269837083, -10.75707124910625012, -6.025986191255825020 ) ) ;
#2962 = VERTEX_POINT ( 'NONE', #3707 ) ;
#2963 = CARTESIAN_POINT ( 'NONE',  ( -3.747541448891251292, -6.490932192949863122, -16.56226468677082053 ) ) ;
#2964 = CARTESIAN_POINT ( 'NONE',  ( 11.51845577168957568, -7.531030164190349652, -4.469367151124560067 ) ) ;
#2965 = DIRECTION ( 'NONE',  ( 1.000000000000000000, -0.000000000000000000, -1.095185450775958527E-16 ) ) ;
#2966 = CARTESIAN_POINT ( 'NONE',  ( 2.483867302334481497, -7.692555284129138471, -13.65353439024021576 ) ) ;
#2967 = VERTEX_POINT ( 'NONE', #5416 ) ;
#2968 = CARTESIAN_POINT ( 'NONE',  ( -9.467739228626493642, 1.318853259419499491, -12.93871280934028434 ) ) ;
#2969 = CARTESIAN_POINT ( 'NONE',  ( -1.864429235938860341, 7.692860500418481351, 13.40799355303541596 ) ) ;
#2970 = CARTESIAN_POINT ( 'NONE',  ( -11.96497804233541906, -0.2431088218417889746, -9.784552117440462382 ) ) ;
#2971 = CARTESIAN_POINT ( 'NONE',  ( 6.350982205497067490, -4.944792439265785156, -8.692096362290282485 ) ) ;
#2972 = CARTESIAN_POINT ( 'NONE',  ( 10.32639397260432368, -0.1048880295149782482, -12.26024240530071374 ) ) ;
#2973 = CARTESIAN_POINT ( 'NONE',  ( -11.84058135838455961, 4.597082882595979747, -7.260070893425290883 ) ) ;
#2974 = EDGE_CURVE ( 'NONE', #16, #4105, #4588, .T. ) ;
#2975 = CARTESIAN_POINT ( 'NONE',  ( -1.308978015128886785, 9.107298248878237246E-15, 15.23975065412816754 ) ) ;
#2976 = COLOUR_RGB ( '',0.7921568627450980005, 0.8196078431372548767, 0.9333333333333333481 ) ;
#2977 = CARTESIAN_POINT ( 'NONE',  ( -0.6544890075644409499, -1.133608214096948785, 15.23975065412816754 ) ) ;
#2978 = CARTESIAN_POINT ( 'NONE',  ( -11.81123106375887133, -3.068845994854772385, 8.752221083211471964 ) ) ;
#2979 = CARTESIAN_POINT ( 'NONE',  ( 4.185019065842676689, 7.336774543844071239, -13.65353439024022464 ) ) ;
#2980 = CARTESIAN_POINT ( 'NONE',  ( -0.9675325567172068375, 7.070356041131807601, -7.260553997760957223 ) ) ;
#2981 = CARTESIAN_POINT ( 'NONE',  ( 5.355610139010841486, 6.194029546748087256, -13.65353439024021576 ) ) ;
#2982 = VERTEX_POINT ( 'NONE', #4680 ) ;
#2983 = FACE_OUTER_BOUND ( 'NONE', #3643, .T. ) ;
#2984 = CARTESIAN_POINT ( 'NONE',  ( 11.57338852497738024, 0.000000000000000000, -10.46688600320714535 ) ) ;
#2985 = ADVANCED_FACE ( 'NONE', ( #789 ), #623, .T. ) ;
#2986 = CARTESIAN_POINT ( 'NONE',  ( -5.056631844581826130, 8.758343269986641033, -12.75869244000834435 ) ) ;
#2987 = CARTESIAN_POINT ( 'NONE',  ( 10.74363161773563036, 0.000000000000000000, -11.79026603071380919 ) ) ;
#2988 = CARTESIAN_POINT ( 'NONE',  ( -10.34696821532347499, -0.02591342834632969633, -12.24287982823899590 ) ) ;
#2989 = CARTESIAN_POINT ( 'NONE',  ( 0.6544890075644422822, -1.133608214096951450, 15.23975065412817465 ) ) ;
#2990 = CARTESIAN_POINT ( 'NONE',  ( -10.69130935185527242, 0.000000000000000000, -12.01109144709619514 ) ) ;
#2991 = ORIENTED_EDGE ( 'NONE', *, *, #2504, .F. ) ;
#2992 = ADVANCED_FACE ( 'NONE', ( #2934 ), #4586, .T. ) ;
#2993 = CARTESIAN_POINT ( 'NONE',  ( -4.786268616803267761, -14.54941092809841940, -3.557211016089484978 ) ) ;
#2994 = CARTESIAN_POINT ( 'NONE',  ( 11.85046022763777707, -3.895257229649752517, -7.835143337225098037 ) ) ;
#2995 = CARTESIAN_POINT ( 'NONE',  ( 4.667553896898143151, -8.943286461732398607, -12.74989689689740224 ) ) ;
#2996 = CARTESIAN_POINT ( 'NONE',  ( -1.789980620712825266, -7.756886259536540429, -13.65353439024022109 ) ) ;
#2997 = ORIENTED_EDGE ( 'NONE', *, *, #3882, .T. ) ;
#2998 = CARTESIAN_POINT ( 'NONE',  ( 4.420249689259576620, -4.420249689259603265, -13.65353439024021576 ) ) ;
#2999 = CARTESIAN_POINT ( 'NONE',  ( 12.25000000000004086, 0.1661311501437257587, -9.315868296751517619 ) ) ;
#3000 = CARTESIAN_POINT ( 'NONE',  ( -7.399510874385253345, 12.81632878559393873, 4.294159011543782434 ) ) ;
#3001 = CARTESIAN_POINT ( 'NONE',  ( -12.25000000000005507, -0.1670327402443385623, -9.315586396888202003 ) ) ;
#3002 = DIRECTION ( 'NONE',  ( -1.000000000000000000, -0.000000000000000000, -0.000000000000000000 ) ) ;
#3003 = CARTESIAN_POINT ( 'NONE',  ( 9.700000000000004619, -10.31603112217797502, 4.636711818356983095 ) ) ;
#3004 = CARTESIAN_POINT ( 'NONE',  ( -12.25000000000429701, 2.584690752860650420, -8.157916980370368165 ) ) ;
#3005 = VECTOR ( 'NONE', #5567, 1000.000000000000000 ) ;
#3006 = CARTESIAN_POINT ( 'NONE',  ( -12.24999999999999112, -0.2523597293563540900, 8.370498336000006034 ) ) ;
#3007 = LINE ( 'NONE', #4313, #578 ) ;
#3008 = CARTESIAN_POINT ( 'NONE',  ( -5.500000000000000888, -5.137535010518945455, -6.000000000000000000 ) ) ;
#3009 = CARTESIAN_POINT ( 'NONE',  ( -12.24999999999999822, 2.670037449900325210, -7.275534345746004661 ) ) ;
#3010 = CARTESIAN_POINT ( 'NONE',  ( 0.4827334150300917059, 7.070412803267348778, -7.260495159422116984 ) ) ;
#3011 = CARTESIAN_POINT ( 'NONE',  ( 3.199999999999999734, 0.000000000000000000, 6.499999999999999112 ) ) ;
#3012 = EDGE_LOOP ( 'NONE', ( #5045, #1820, #768, #4924 ) ) ;
#3013 = CARTESIAN_POINT ( 'NONE',  ( 12.25000000000000000, 0.1747299227346826578, -8.748255223420336790 ) ) ;
#3014 = CARTESIAN_POINT ( 'NONE',  ( 12.25000000000000000, 0.000000000000000000, -8.776159399017403828 ) ) ;
#3015 = CIRCLE ( 'NONE', #388, 1.999999999999982681 ) ;
#3016 = DIRECTION ( 'NONE',  ( 0.000000000000000000, 0.000000000000000000, -1.000000000000000000 ) ) ;
#3017 = CARTESIAN_POINT ( 'NONE',  ( 7.811825646387188016, 1.892881048234977381, -13.65353439024021931 ) ) ;
#3018 = CARTESIAN_POINT ( 'NONE',  ( -10.14346922605154688, -0.4562566155350613606, -12.41221384395630523 ) ) ;
#3019 = CARTESIAN_POINT ( 'NONE',  ( 13.21609793467852079, -3.345636064462192305, 7.923703456781644228 ) ) ;
#3020 = CARTESIAN_POINT ( 'NONE',  ( -10.24999999999999822, 0.000000000000000000, -8.776159399017432250 ) ) ;
#3021 = ORIENTED_EDGE ( 'NONE', *, *, #99, .F. ) ;
#3022 = B_SPLINE_CURVE_WITH_KNOTS ( 'NONE', 3,
 ( #5113, #2127, #878, #328, #3395, #5568, #5534, #4738 ),
 .UNSPECIFIED., .F., .F.,
 ( 4, 2, 2, 4 ),
 ( 7.676480922580621863E-16, 0.001929425999148934182, 0.002894138998723017574, 0.003858851998297100749 ),
 .UNSPECIFIED. ) ;
#3023 = PRESENTATION_LAYER_ASSIGNMENT (  '', '', ( #2288 ) ) ;
#3024 = CARTESIAN_POINT ( 'NONE',  ( -4.665827964595441067E-16, 8.081451094055031018E-16, 15.23975065412816932 ) ) ;
#3025 = DIRECTION ( 'NONE',  ( 0.000000000000000000, 0.000000000000000000, -1.000000000000000000 ) ) ;
#3026 = EDGE_CURVE ( 'NONE', #3099, #2764, #3968, .T. ) ;
#3027 = CARTESIAN_POINT ( 'NONE',  ( -6.335548272093897815, -4.996124101430171827, -8.749999997787799799 ) ) ;
#3028 = EDGE_CURVE ( 'NONE', #4403, #2628, #1679, .T. ) ;
#3029 = CARTESIAN_POINT ( 'NONE',  ( -4.193112451035229782, -8.480881650463668819, -13.65353439024013582 ) ) ;
#3030 = VERTEX_POINT ( 'NONE', #3829 ) ;
#3031 = CARTESIAN_POINT ( 'NONE',  ( 11.90128554355661983, -5.666762284134207128, 6.608865750627368918 ) ) ;
#3032 = CARTESIAN_POINT ( 'NONE',  ( -7.702343320404687610, 13.34084996827997571, 0.3811111474512781094 ) ) ;
#3033 = CARTESIAN_POINT ( 'NONE',  ( -11.89925437272840547, -1.720189936188118329, -9.291664362909921593 ) ) ;
#3034 = CARTESIAN_POINT ( 'NONE',  ( 6.335548272093880051, -4.996124101430178932, -8.662490632786193245 ) ) ;
#3035 = CARTESIAN_POINT ( 'NONE',  ( 9.699999999999999289, -8.419339404479581290, 7.539816373701673236 ) ) ;
#3036 = CARTESIAN_POINT ( 'NONE',  ( -12.24999999999999645, 0.3668020974096145581, 8.360239768290515627 ) ) ;
#3037 = LINE ( 'NONE', #2237, #833 ) ;
#3038 = CARTESIAN_POINT ( 'NONE',  ( -12.13670321699383337, 7.685839708615876731, -1.059325427207052917 ) ) ;
#3039 = CARTESIAN_POINT ( 'NONE',  ( -2.196426106339708362, 7.992720811546963233, -6.012208573996040251 ) ) ;
#3040 = VECTOR ( 'NONE', #1704, 1000.000000000000000 ) ;
#3041 = CARTESIAN_POINT ( 'NONE',  ( 5.033512733190945276, 8.771510683769434991, -12.75861900584133046 ) ) ;
#3042 = ORIENTED_EDGE ( 'NONE', *, *, #1673, .F. ) ;
#3043 = CARTESIAN_POINT ( 'NONE',  ( -4.755819443644418776, -8.246942328800113131, -13.65353439024021043 ) ) ;
#3044 = CARTESIAN_POINT ( 'NONE',  ( 10.74363161773562858, 0.000000000000000000, -11.79026603071380919 ) ) ;
#3045 = CARTESIAN_POINT ( 'NONE',  ( -4.172669504271858898, 7.338905424007468703, -13.65353439024022286 ) ) ;
#3046 = CARTESIAN_POINT ( 'NONE',  ( 10.57667898939268980, 0.09849210089356588704, -12.04877936932066085 ) ) ;
#3047 = FACE_BOUND ( 'NONE', #3511, .T. ) ;
#3048 = DIRECTION ( 'NONE',  ( -2.933265472464417306E-15, -1.000000000000000000, -2.763551052647559901E-15 ) ) ;
#3049 = CARTESIAN_POINT ( 'NONE',  ( -1.347928836311760081, 0.000000000000000000, -23.48981541844718990 ) ) ;
#3050 = ORIENTED_EDGE ( 'NONE', *, *, #3028, .T. ) ;
#3051 = CARTESIAN_POINT ( 'NONE',  ( 3.710643143697581081, -13.11829458256575620, 7.923703456781644228 ) ) ;
#3052 = ADVANCED_FACE ( 'NONE', ( #3061, #4312, #2129, #57, #3858 ), #3481, .T. ) ;
#3053 = CARTESIAN_POINT ( 'NONE',  ( 11.97115300420393424, -0.05371721644152640390, -9.794801797565479973 ) ) ;
#3054 = CARTESIAN_POINT ( 'NONE',  ( -8.249999999999998224, 0.000000000000000000, 9.035279968901654336E-16 ) ) ;
#3055 = ORIENTED_EDGE ( 'NONE', *, *, #4271, .F. ) ;
#3056 = DIRECTION ( 'NONE',  ( 0.000000000000000000, 0.000000000000000000, 1.000000000000000000 ) ) ;
#3057 = EDGE_CURVE ( 'NONE', #4411, #3803, #5200, .T. ) ;
#3058 = CARTESIAN_POINT ( 'NONE',  ( -12.24999999999999112, -0.1555477368402729266, -8.753293147204958657 ) ) ;
#3059 = CARTESIAN_POINT ( 'NONE',  ( -12.24999999999993605, -2.261603126606862357, -7.589355927685022429 ) ) ;
#3060 = DIRECTION ( 'NONE',  ( -8.673617379884034239E-17, 0.000000000000000000, -1.000000000000000000 ) ) ;
#3061 = FACE_BOUND ( 'NONE', #4716, .T. ) ;
#3062 = CARTESIAN_POINT ( 'NONE',  ( 11.89569333884093894, 5.439786974697151223, 6.853555111758852014 ) ) ;
#3063 = CARTESIAN_POINT ( 'NONE',  ( -12.24999999999999467, 3.015398873366808008, -7.148790674340760987 ) ) ;
#3064 = CARTESIAN_POINT ( 'NONE',  ( 7.811825646387160482, 17.31243405050479112, -13.65353439024021398 ) ) ;
#3065 = CARTESIAN_POINT ( 'NONE',  ( 4.173908697729923567, 7.338294780495911773, -13.65353439024021576 ) ) ;
#3066 = ORIENTED_EDGE ( 'NONE', *, *, #2150, .T. ) ;
#3067 = CARTESIAN_POINT ( 'NONE',  ( -15.40468664080962569, 1.084202172485504434E-13, 0.3811111474512781094 ) ) ;
#3068 = CARTESIAN_POINT ( 'NONE',  ( -5.014374654067621506, 8.782156477973963149, -12.75845966366433082 ) ) ;
#3069 = CARTESIAN_POINT ( 'NONE',  ( 10.73829409720447892, 0.1414966378331190544, -11.79089740624120353 ) ) ;
#3070 = CARTESIAN_POINT ( 'NONE',  ( 11.97115318959190944, 0.1846399994289782687, -9.794801484324047181 ) ) ;
#3071 = CARTESIAN_POINT ( 'NONE',  ( 10.74363161773562858, 0.000000000000000000, -11.79026603071380919 ) ) ;
#3072 = CARTESIAN_POINT ( 'NONE',  ( -7.495082897782441300, -1.418717910155283590, -16.56226468677082053 ) ) ;
#3073 = AXIS2_PLACEMENT_3D ( 'NONE', #4368, #4393, #2212 ) ;
#3074 = ORIENTED_EDGE ( 'NONE', *, *, #174, .F. ) ;
#3075 = DIRECTION ( 'NONE',  ( 0.000000000000000000, 1.000000000000000000, 0.000000000000000000 ) ) ;
#3076 = CARTESIAN_POINT ( 'NONE',  ( 9.700000000000001066, 5.439786974697151223, 6.623978672808906509 ) ) ;
#3077 = CARTESIAN_POINT ( 'NONE',  ( -8.326626296406596239, 6.359509408602170843, -7.774578735296294951 ) ) ;
#3078 = EDGE_LOOP ( 'NONE', ( #3692, #3521, #977, #2867 ) ) ;
#3079 = ORIENTED_EDGE ( 'NONE', *, *, #492, .F. ) ;
#3080 = CARTESIAN_POINT ( 'NONE',  ( 12.25000000000002309, 0.09620863647590706391, -9.321185750420903915 ) ) ;
#3081 = PLANE ( 'NONE',  #4366 ) ;
#3082 = CARTESIAN_POINT ( 'NONE',  ( -12.24999999999995381, -3.654203189228012683, 6.903974289930683739 ) ) ;
#3083 = CARTESIAN_POINT ( 'NONE',  ( -12.24999999999998401, -0.6232149135384845717, 8.317759031308101569 ) ) ;
#3084 = CARTESIAN_POINT ( 'NONE',  ( 0.6544890075644581584, 1.133608214096942124, 15.23975065412817465 ) ) ;
#3085 = PRESENTATION_STYLE_ASSIGNMENT (( #1362 ) ) ;
#3086 = AXIS2_PLACEMENT_3D ( 'NONE', #205, #2713, #1410 ) ;
#3087 = CARTESIAN_POINT ( 'NONE',  ( -6.249999999999999112, 5.227723404215865344, -24.76024934587180937 ) ) ;
#3088 = EDGE_CURVE ( 'NONE', #1770, #694, #4991, .T. ) ;
#3089 = CARTESIAN_POINT ( 'NONE',  ( 4.749046766532997843, 8.250827789219126629, -13.65353439024022286 ) ) ;
#3090 = CARTESIAN_POINT ( 'NONE',  ( 6.933213145833626356, 5.439786974697152111, 12.27933218613347677 ) ) ;
#3091 = CIRCLE ( 'NONE', #835, 2.000000000000000000 ) ;
#3092 = CARTESIAN_POINT ( 'NONE',  ( 7.070393896041109016, 9.287345689728979461E-15, -11.74999999778779980 ) ) ;
#3093 = CARTESIAN_POINT ( 'NONE',  ( -4.353357009799424304, 8.427045391497966165, -13.65353439024207916 ) ) ;
#3094 = CARTESIAN_POINT ( 'NONE',  ( 9.747813531366029238, 1.644130962655458994, -12.73334784159745148 ) ) ;
#3095 = CARTESIAN_POINT ( 'NONE',  ( 0.6739644181558700486, 1.167340614739570404, -23.48981541844717924 ) ) ;
#3096 = AXIS2_PLACEMENT_3D ( 'NONE', #945, #3996, #2654 ) ;
#3097 = ORIENTED_EDGE ( 'NONE', *, *, #4985, .T. ) ;
#3098 = AXIS2_PLACEMENT_3D ( 'NONE', #4396, #857, #36 ) ;
#3099 = VERTEX_POINT ( 'NONE', #4364 ) ;
#3100 = CARTESIAN_POINT ( 'NONE',  ( -10.57037283958836227, 0.7773824468224552753, -11.88845563684744633 ) ) ;
#3101 = FACE_OUTER_BOUND ( 'NONE', #4914, .T. ) ;
#3102 = CARTESIAN_POINT ( 'NONE',  ( -2.996168546988711601, 9.334494978166643975, -12.72169418978372413 ) ) ;
#3103 = CARTESIAN_POINT ( 'NONE',  ( -5.500000000000000888, -12.67328486411305377, -6.000000000000000000 ) ) ;
#3104 = ORIENTED_EDGE ( 'NONE', *, *, #3529, .F. ) ;
#3105 = EDGE_LOOP ( 'NONE', ( #2756, #3905, #3257, #1507, #1572, #1271 ) ) ;
#3106 = CARTESIAN_POINT ( 'NONE',  ( -12.24999999999608491, 5.653193476283785657, -5.372111002313176620 ) ) ;
#3107 = CARTESIAN_POINT ( 'NONE',  ( 12.24999999999973355, 0.8348268449746688580, -9.143628381305484609 ) ) ;
#3108 = CARTESIAN_POINT ( 'NONE',  ( 4.141845117566850476, -7.352310313623497073, -13.65353439024021931 ) ) ;
#3109 = DIRECTION ( 'NONE',  ( 1.000000000000000000, -1.734723475976807341E-16, 0.000000000000000000 ) ) ;
#3110 = EDGE_CURVE ( 'NONE', #3030, #1929, #2824, .T. ) ;
#3111 = CARTESIAN_POINT ( 'NONE',  ( -12.25000000000000533, -3.621550205788503174, 7.762699834616785033 ) ) ;
#3112 = LINE ( 'NONE', #4851, #275 ) ;
#3113 = CARTESIAN_POINT ( 'NONE',  ( 5.193883091603985314, 8.679101051284922264, -12.75869266766780896 ) ) ;
#3114 = CARTESIAN_POINT ( 'NONE',  ( 4.908406247750352058, 8.837021267154526072, -12.75651264759945924 ) ) ;
#3115 = CARTESIAN_POINT ( 'NONE',  ( 10.14126569572114178, 5.642581048076923622, -8.258042619919656602 ) ) ;
#3116 = CARTESIAN_POINT ( 'NONE',  ( 9.508203419209111829, 2.398356220929290128, -12.62076719855920004 ) ) ;
#3117 = CARTESIAN_POINT ( 'NONE',  ( 4.763591145597564136, -8.242458114403275360, -13.65353439024021398 ) ) ;
#3118 = EDGE_CURVE ( 'NONE', #172, #3721, #5464, .T. ) ;
#3119 = CARTESIAN_POINT ( 'NONE',  ( -5.532444289068051191, 7.586983451273575874, -13.65353439024104176 ) ) ;
#3120 = CARTESIAN_POINT ( 'NONE',  ( -4.508947439262864343, 8.367259129441389831, -13.65353439024021753 ) ) ;
#3121 = AXIS2_PLACEMENT_3D ( 'NONE', #3131, #4005, #3206 ) ;
#3122 = CARTESIAN_POINT ( 'NONE',  ( 11.95925130068063602, 0.3711220180819523873, -9.775465756825168384 ) ) ;
#3123 = CARTESIAN_POINT ( 'NONE',  ( -3.084204814595920663, -9.322938927177874646, -12.72232601850839373 ) ) ;
#3124 = ORIENTED_EDGE ( 'NONE', *, *, #426, .F. ) ;
#3125 = ORIENTED_EDGE ( 'NONE', *, *, #1969, .F. ) ;
#3126 = CARTESIAN_POINT ( 'NONE',  ( -10.52316467559010249, 0.3540890924961440089, -12.09558544305213701 ) ) ;
#3127 = PLANE ( 'NONE',  #54 ) ;
#3128 = CARTESIAN_POINT ( 'NONE',  ( -8.925446771053765715, -1.892881048235034891, -13.31481341276963093 ) ) ;
#3129 = CARTESIAN_POINT ( 'NONE',  ( -5.653644331680929724, 6.001025673986212006, -11.23058516971411258 ) ) ;
#3130 =( BOUNDED_SURFACE ( )  B_SPLINE_SURFACE ( 3, 2, ( 
 ( #733, #1611, #2465 ),
 ( #5083, #2065, #1190 ),
 ( #1522, #2919, #5443 ),
 ( #1072, #4532, #646 ),
 ( #4561, #2376, #2602 ),
 ( #3438, #1688, #4264 ),
 ( #5549, #3840, #3410 ),
 ( #2988, #2110, #2507 ),
 ( #1202, #13, #377 ),
 ( #3348, #1714, #5183 ),
 ( #4721, #745, #437 ),
 ( #1321, #1290, #5581 ),
 ( #410, #5155, #5096 ),
 ( #1623, #1259, #3809 ),
 ( #832, #5212, #2930 ),
 ( #2569, #4631, #4293 ),
 ( #3018, #2141, #2476 ),
 ( #4663, #345, #1657 ),
 ( #3465, #4753, #4233 ),
 ( #861, #1232, #774 ),
 ( #1740, #3869, #3380 ),
 ( #4201, #314, #5613 ) ),
 .UNSPECIFIED., .F., .F., .F. ) 
 B_SPLINE_SURFACE_WITH_KNOTS ( ( 4, 2, 2, 2, 2, 2, 2, 2, 2, 2, 4 ),
 ( 3, 3 ),
 ( -1.084202172485504434E-19, 4.878552892862163472E-06, 9.757105785724435365E-06, 1.951421157144897915E-05, 3.902842314289806672E-05, 7.805684628579624186E-05, 0.0001561136925715925921, 0.0003122273851431852927, 0.0006244547702863706938, 0.001248909540572741388, 0.002497819081145482775 ),
 ( 0.000000000000000000, 1.000000000000000000 ),
 .UNSPECIFIED. ) 
 GEOMETRIC_REPRESENTATION_ITEM ( )  RATIONAL_B_SPLINE_SURFACE ( (
 ( 1.000000000000000000, 0.9887466610851409765, 1.000000000000000000),
 ( 1.000000000000000000, 0.9887419990090337008, 1.000000000000000000),
 ( 1.000000000000000000, 0.9887190898446209797, 1.000000000000000000),
 ( 1.000000000000000000, 0.9886735324876869679, 1.000000000000000000),
 ( 1.000000000000000000, 0.9886483574156044174, 1.000000000000000000),
 ( 1.000000000000000000, 0.9885713952879556787, 1.000000000000000000),
 ( 1.000000000000000000, 0.9885175367317129425, 1.000000000000000000),
 ( 1.000000000000000000, 0.9883557796970979803, 1.000000000000000000),
 ( 1.000000000000000000, 0.9882470224108381718, 1.000000000000000000),
 ( 1.000000000000000000, 0.9879256121163182414, 1.000000000000000000),
 ( 1.000000000000000000, 0.9877163554806492884, 1.000000000000000000),
 ( 1.000000000000000000, 0.9871141521768272975, 1.000000000000000000),
 ( 1.000000000000000000, 0.9867422909950487320, 1.000000000000000000),
 ( 1.000000000000000000, 0.9856816942563730866, 1.000000000000000000),
 ( 1.000000000000000000, 0.9850466462196992845, 1.000000000000000000),
 ( 1.000000000000000000, 0.9832517161083278445, 1.000000000000000000),
 ( 1.000000000000000000, 0.9822213287785576119, 1.000000000000000000),
 ( 1.000000000000000000, 0.9793277947052979604, 1.000000000000000000),
 ( 1.000000000000000000, 0.9776712322554882428, 1.000000000000000000),
 ( 1.000000000000000000, 0.9729586232217132258, 1.000000000000000000),
 ( 1.000000000000000000, 0.9702083767083620192, 1.000000000000000000),
 ( 1.000000000000000000, 0.9674823386718915952, 1.000000000000000000) ) ) 
 REPRESENTATION_ITEM ( '' )  SURFACE ( )  );
#3131 = CARTESIAN_POINT ( 'NONE',  ( -12.24999999999999822, 0.000000000000000000, 1.341602177200549140E-15 ) ) ;
#3132 = CARTESIAN_POINT ( 'NONE',  ( -12.25000000000392397, 2.159132457916375092, -8.449694318624841216 ) ) ;
#3133 = CARTESIAN_POINT ( 'NONE',  ( 9.700000000000001066, 6.010907150245234476, -7.991808007649505718 ) ) ;
#3134 = CARTESIAN_POINT ( 'NONE',  ( 6.228205062090195199, -7.697378309506885508, -12.72751202429900452 ) ) ;
#3135 = CARTESIAN_POINT ( 'NONE',  ( -5.575058614678265911, 6.059693950225915060, -11.04277522597424266 ) ) ;
#3136 = CARTESIAN_POINT ( 'NONE',  ( -12.25000000000020961, -3.398589826064383423, 7.911106969600064431 ) ) ;
#3137 = CARTESIAN_POINT ( 'NONE',  ( -11.84908534485994380, -5.024337091398543897, -6.860715246458298999 ) ) ;
#3138 = CARTESIAN_POINT ( 'NONE',  ( 7.188979922715322601, 6.442505108505862665, -12.71565534669207942 ) ) ;
#3139 = CARTESIAN_POINT ( 'NONE',  ( 9.976979629860515786, -0.7005276461416047873, -12.54704951259572354 ) ) ;
#3140 = ADVANCED_FACE ( 'NONE', ( #399 ), #453, .F. ) ;
#3141 = CARTESIAN_POINT ( 'NONE',  ( -8.249999999999998224, -6.000000000000000000, -0.8999999999999990230 ) ) ;
#3142 = CARTESIAN_POINT ( 'NONE',  ( 9.355546009936839269, 2.587838219831037900, -12.71841089425809024 ) ) ;
#3143 = CARTESIAN_POINT ( 'NONE',  ( 5.062210573324593454, -8.755119446365435820, -12.75869628436178971 ) ) ;
#3144 = CARTESIAN_POINT ( 'NONE',  ( -5.025118642340822284, 8.062853933140175400, -13.65353439024027971 ) ) ;
#3145 = CARTESIAN_POINT ( 'NONE',  ( -4.738723219439370915, 8.256655492704302546, -13.65353439024021398 ) ) ;
#3146 = FACE_OUTER_BOUND ( 'NONE', #2681, .T. ) ;
#3147 = VERTEX_POINT ( 'NONE', #4709 ) ;
#3148 = ORIENTED_EDGE ( 'NONE', *, *, #519, .F. ) ;
#3149 = CARTESIAN_POINT ( 'NONE',  ( -10.74337689970611720, 0.03387679413359646896, -11.79022571628960669 ) ) ;
#3150 = DIRECTION ( 'NONE',  ( 0.000000000000000000, 0.7368396329163545699, 0.6760675671585583135 ) ) ;
#3151 = CARTESIAN_POINT ( 'NONE',  ( 4.055031542692843161, 9.132910002885388678, -12.73523639377005701 ) ) ;
#3152 = CARTESIAN_POINT ( 'NONE',  ( -10.74999999999999822, -6.000000000000000000, -0.8999999999999986899 ) ) ;
#3153 = CARTESIAN_POINT ( 'NONE',  ( 3.550178098982721853, 5.152300348901957427, 13.89688213724320676 ) ) ;
#3154 = ADVANCED_FACE ( 'NONE', ( #821 ), #2952, .T. ) ;
#3155 = DIRECTION ( 'NONE',  ( 0.000000000000000000, 1.000000000000000000, 1.002010156928930384E-16 ) ) ;
#3156 = ORIENTED_EDGE ( 'NONE', *, *, #3248, .T. ) ;
#3157 = AXIS2_PLACEMENT_3D ( 'NONE', #3727, #3293, #5044 ) ;
#3158 = CARTESIAN_POINT ( 'NONE',  ( -12.25000000000021316, 4.580177210302680102, -6.546624388724434418 ) ) ;
#3159 = FACE_OUTER_BOUND ( 'NONE', #4356, .T. ) ;
#3160 = DIRECTION ( 'NONE',  ( -1.000000000000000000, 0.000000000000000000, -0.000000000000000000 ) ) ;
#3161 = CARTESIAN_POINT ( 'NONE',  ( -12.25000000000000000, -0.1849616894143133183, 8.380125194933052413 ) ) ;
#3162 = CARTESIAN_POINT ( 'NONE',  ( -11.83692978496346271, -4.377449367659769663, 7.878927866355073917 ) ) ;
#3163 = CARTESIAN_POINT ( 'NONE',  ( 6.463294073681800533, 4.555459156559157563, -13.65353439024020865 ) ) ;
#3164 = LINE ( 'NONE', #3087, #352 ) ;
#3165 = CARTESIAN_POINT ( 'NONE',  ( 10.43418953790563286, -0.5815282215611946581, -12.17262591598590582 ) ) ;
#3166 = CARTESIAN_POINT ( 'NONE',  ( -4.420249689259610371, -4.420249689259559744, -11.74999999778779980 ) ) ;
#3167 = CARTESIAN_POINT ( 'NONE',  ( 4.224092688589568212, -7.314200992609357854, -13.65353439024022641 ) ) ;
#3168 = CARTESIAN_POINT ( 'NONE',  ( -5.218123294184467298, 8.656343157053473902, -12.75601655989708050 ) ) ;
#3169 = CARTESIAN_POINT ( 'NONE',  ( 4.089367744981361241, 8.510814935446781249, -13.65353439024020865 ) ) ;
#3170 = CARTESIAN_POINT ( 'NONE',  ( 7.921858395235165773, 7.851493895491098662, 11.03005007641328028 ) ) ;
#3171 = ORIENTED_EDGE ( 'NONE', *, *, #5187, .T. ) ;
#3172 = EDGE_LOOP ( 'NONE', ( #277, #2351 ) ) ;
#3173 = CARTESIAN_POINT ( 'NONE',  ( -10.66933305314365121, 0.5047205652866003645, -11.82513613422083409 ) ) ;
#3174 = CARTESIAN_POINT ( 'NONE',  ( 11.96774367616285950, -0.1715744584297480835, -9.789910877557597146 ) ) ;
#3175 = AXIS2_PLACEMENT_3D ( 'NONE', #803, #2536, #1875 ) ;
#3176 = EDGE_CURVE ( 'NONE', #3311, #44, #392, .T. ) ;
#3177 = CARTESIAN_POINT ( 'NONE',  ( 4.237615823213151778, 7.305551308214260686, -13.65353439024022109 ) ) ;
#3178 = CARTESIAN_POINT ( 'NONE',  ( -5.499999999999998224, -13.10137944751521388, -5.009360304152500554 ) ) ;
#3179 = CARTESIAN_POINT ( 'NONE',  ( -11.92523084407804923, 7.554513201042754922, 3.674920041632804057 ) ) ;
#3180 = EDGE_LOOP ( 'NONE', ( #1793, #2846, #3892, #3584, #171, #4088, #2704 ) ) ;
#3181 = ORIENTED_EDGE ( 'NONE', *, *, #1033, .F. ) ;
#3182 = CARTESIAN_POINT ( 'NONE',  ( -12.25000000000086509, 7.499771156848093590, 2.153357857303758838 ) ) ;
#3183 = DIRECTION ( 'NONE',  ( 1.000000000000000000, -0.000000000000000000, -1.095185450775958527E-16 ) ) ;
#3184 = EDGE_CURVE ( 'NONE', #2423, #2967, #4454, .T. ) ;
#3185 = CARTESIAN_POINT ( 'NONE',  ( -0.7207510980304069337, -7.817945856206896416, -13.65353439024022464 ) ) ;
#3186 = CARTESIAN_POINT ( 'NONE',  ( 5.026896493291277856, -8.775223911019532252, -12.75857202400869639 ) ) ;
#3187 = CARTESIAN_POINT ( 'NONE',  ( -12.24999999999990941, -5.719663901580495313, 4.758361988064987891 ) ) ;
#3188 = CARTESIAN_POINT ( 'NONE',  ( 10.19677716016962421, 0.3727643458542580501, -12.36840419362874854 ) ) ;
#3189 = CARTESIAN_POINT ( 'NONE',  ( -12.16323057318103196, -7.678156366681219147, 1.114088567250763884 ) ) ;
#3190 = CARTESIAN_POINT ( 'NONE',  ( 10.57283927838978066, -0.1352180540606534032, -12.05214666232991760 ) ) ;
#3191 = CARTESIAN_POINT ( 'NONE',  ( 7.018218225065594673, 4.435518593606109228, -9.156986248590573751 ) ) ;
#3192 = DIRECTION ( 'NONE',  ( 0.000000000000000000, 0.000000000000000000, 1.000000000000000000 ) ) ;
#3193 = CARTESIAN_POINT ( 'NONE',  ( 4.766766509753522563, -8.240625849292328553, -13.65353439024022286 ) ) ;
#3194 = CARTESIAN_POINT ( 'NONE',  ( -5.116980155952165710, 8.722254144630072759, -12.75821910029659101 ) ) ;
#3195 = CARTESIAN_POINT ( 'NONE',  ( 0.3642497664074005881, 7.818102129138829959, -13.65353439024021220 ) ) ;
#3196 = CARTESIAN_POINT ( 'NONE',  ( 10.47635492022522818, -0.9895686031128644311, -11.95203394200487601 ) ) ;
#3197 = ORIENTED_EDGE ( 'NONE', *, *, #3088, .F. ) ;
#3198 = ORIENTED_EDGE ( 'NONE', *, *, #5410, .T. ) ;
#3199 = CARTESIAN_POINT ( 'NONE',  ( -10.58069182389817797, 0.01225613414386897415, -12.04526398203939230 ) ) ;
#3200 = CARTESIAN_POINT ( 'NONE',  ( 11.94545342617557537, -0.6429721195042942261, -9.718368622042975247 ) ) ;
#3201 = CARTESIAN_POINT ( 'NONE',  ( 4.251734928554084192, 7.295857773745469288, -13.65353439024022286 ) ) ;
#3202 = CARTESIAN_POINT ( 'NONE',  ( -5.096879262669100186, -8.734554872307329632, -12.75847345237389163 ) ) ;
#3203 = CARTESIAN_POINT ( 'NONE',  ( -11.79569415522860965, 1.146397911785196122, 9.505707721955671374 ) ) ;
#3204 = AXIS2_PLACEMENT_3D ( 'NONE', #1720, #385, #351 ) ;
#3205 = B_SPLINE_CURVE_WITH_KNOTS ( 'NONE', 3,
 ( #4311, #2094, #3763, #2972, #4279, #5502, #5628, #2156, #850, #3884, #819, #397, #3827, #5169 ),
 .UNSPECIFIED., .F., .F.,
 ( 4, 2, 2, 2, 2, 2, 4 ),
 ( 7.712786507929253047E-18, 8.278064014305553775E-05, 0.0001655612802861033777, 0.0003311225605721990033, 0.0006622451211443897666, 0.001324490242288769342, 0.002648980484577527841 ),
 .UNSPECIFIED. ) ;
#3206 = DIRECTION ( 'NONE',  ( 0.000000000000000000, 0.000000000000000000, 1.000000000000000000 ) ) ;
#3207 = ORIENTED_EDGE ( 'NONE', *, *, #386, .F. ) ;
#3208 = ADVANCED_FACE ( 'NONE', ( #4388 ), #931, .T. ) ;
#3209 = CARTESIAN_POINT ( 'NONE',  ( -12.24999999999782929, 5.252753281359947124, 6.370778696101893068 ) ) ;
#3210 = DIRECTION ( 'NONE',  ( 0.000000000000000000, 0.000000000000000000, 1.000000000000000000 ) ) ;
#3211 = CYLINDRICAL_SURFACE ( 'NONE', #4252, 17.35143634042849570 ) ;
#3212 = DIRECTION ( 'NONE',  ( 1.000000000000000000, 0.000000000000000000, -1.095185450775958527E-16 ) ) ;
#3213 = EDGE_CURVE ( 'NONE', #688, #3843, #1654, .T. ) ;
#3214 = CARTESIAN_POINT ( 'NONE',  ( 11.55455549595573572, 8.637536873037896967, -1.443548672690025292 ) ) ;
#3215 = CARTESIAN_POINT ( 'NONE',  ( -12.24999999999869971, -4.967039380752146016, -6.156963739678100289 ) ) ;
#3216 = CARTESIAN_POINT ( 'NONE',  ( 10.33852469909674099, 0.06383023409978300089, -12.25001167819853265 ) ) ;
#3217 = CARTESIAN_POINT ( 'NONE',  ( -3.797213619550849018, -6.576966916254618489, 13.40799355303541596 ) ) ;
#3218 = CARTESIAN_POINT ( 'NONE',  ( 8.925446771053779926, -1.894127441243102838, -13.31481341276962205 ) ) ;
#3219 = ADVANCED_FACE ( 'NONE', ( #5356 ), #3081, .T. ) ;
#3220 = CARTESIAN_POINT ( 'NONE',  ( 7.573867935928698891, 7.131003567476705385, -7.016195746664894095 ) ) ;
#3221 = DIRECTION ( 'NONE',  ( 0.000000000000000000, 0.000000000000000000, -1.000000000000000000 ) ) ;
#3222 = CARTESIAN_POINT ( 'NONE',  ( -5.064152600292551654, 8.031111758777635501, -13.65353439024019266 ) ) ;
#3223 = CARTESIAN_POINT ( 'NONE',  ( -1.476241987963356594, 8.899388291411121088, -13.65353439023835236 ) ) ;
#3224 = CARTESIAN_POINT ( 'NONE',  ( 10.74363129089449664, -0.1311882614609641562, -11.79026654222155024 ) ) ;
#3225 = ORIENTED_EDGE ( 'NONE', *, *, #5313, .T. ) ;
#3226 = EDGE_LOOP ( 'NONE', ( #3341, #1723, #1634, #1800, #3342, #1508, #3171 ) ) ;
#3227 = CARTESIAN_POINT ( 'NONE',  ( 6.031007699529561172, -7.009333166947250504, -13.65353439023903448 ) ) ;
#3228 = CARTESIAN_POINT ( 'NONE',  ( 4.917726245297522780, -6.633888713980422125, -13.65353439024021753 ) ) ;
#3229 = CARTESIAN_POINT ( 'NONE',  ( 4.786773787726097851, 8.228804413535703688, -13.65353439024021753 ) ) ;
#3230 = CARTESIAN_POINT ( 'NONE',  ( -4.799367520882092286, -8.221193223995593158, -13.65353439024021931 ) ) ;
#3231 = CARTESIAN_POINT ( 'NONE',  ( 4.996124101430188702, 6.335548272093886268, -10.06286195985388510 ) ) ;
#3232 = CARTESIAN_POINT ( 'NONE',  ( 10.69130935185525821, 3.469446951953614189E-15, -12.01109144709618270 ) ) ;
#3233 = ORIENTED_EDGE ( 'NONE', *, *, #4641, .F. ) ;
#3234 = CARTESIAN_POINT ( 'NONE',  ( -12.24999999999826805, 3.622787519760081398, 7.761253885445998257 ) ) ;
#3235 = CARTESIAN_POINT ( 'NONE',  ( -10.28104244438774373, -5.432281094608359541E-16, -13.65353439024021576 ) ) ;
#3236 = CARTESIAN_POINT ( 'NONE',  ( 4.987740585748009714, -8.796563936666476735, -12.75811387204557512 ) ) ;
#3237 = CIRCLE ( 'NONE', #3331, 10.00000000000000178 ) ;
#3238 = CARTESIAN_POINT ( 'NONE',  ( -4.996124101430190478, 6.335548272093885380, -10.06286195985388865 ) ) ;
#3239 = CARTESIAN_POINT ( 'NONE',  ( -12.24999999999999289, -5.884888124538253606, -3.934490117087199756 ) ) ;
#3240 = VECTOR ( 'NONE', #2421, 1000.000000000000000 ) ;
#3241 = CARTESIAN_POINT ( 'NONE',  ( -7.811825646387161370, -1.892881048235039998, -11.65353439024021753 ) ) ;
#3242 = CARTESIAN_POINT ( 'NONE',  ( -9.112185946179359064, -3.133515341780665153, -12.71508436468939429 ) ) ;
#3243 = CARTESIAN_POINT ( 'NONE',  ( -6.652798236948869182, 3.784122841051855701, -4.738825152852550460 ) ) ;
#3244 = CARTESIAN_POINT ( 'NONE',  ( 9.614842991168298880, -2.267576020289765459, -12.55242380941952973 ) ) ;
#3245 = CARTESIAN_POINT ( 'NONE',  ( -12.24999999999996092, 0.1672907397667680596, -9.315561096150291931 ) ) ;
#3246 = CARTESIAN_POINT ( 'NONE',  ( -7.588056005896556933, 2.390956041862741355, -13.65353439024021043 ) ) ;
#3247 = CARTESIAN_POINT ( 'NONE',  ( 0.7687768836815540574, 9.506550322605269443, -12.71295741298198934 ) ) ;
#3248 = EDGE_CURVE ( 'NONE', #1903, #995, #1874, .T. ) ;
#3249 = CARTESIAN_POINT ( 'NONE',  ( 3.926829044828270110, 0.000000000000000000, 14.90075911844933110 ) ) ;
#3250 = ORIENTED_EDGE ( 'NONE', *, *, #551, .F. ) ;
#3251 = ORIENTED_EDGE ( 'NONE', *, *, #1225, .T. ) ;
#3252 = CARTESIAN_POINT ( 'NONE',  ( -1.347928836311746315, 8.890457814381136359E-15, -23.48981541844717924 ) ) ;
#3253 = LINE ( 'NONE', #2840, #3484 ) ;
#3254 = CARTESIAN_POINT ( 'NONE',  ( -6.254138933436793835, 5.218278661221807724, -13.15171342586703673 ) ) ;
#3255 = CARTESIAN_POINT ( 'NONE',  ( 4.223171334864620263, 7.314747321054042573, -11.65353439024021753 ) ) ;
#3256 = CARTESIAN_POINT ( 'NONE',  ( 7.110765538825416066, -8.239858266581245871, -12.01109144709619514 ) ) ;
#3257 = ORIENTED_EDGE ( 'NONE', *, *, #3882, .F. ) ;
#3258 = CARTESIAN_POINT ( 'NONE',  ( -11.93950535528503565, 7.977476167146880570, 2.264146333583723081 ) ) ;
#3259 = CARTESIAN_POINT ( 'NONE',  ( -9.976979629860968757, 0.7005276461421318102, -12.54704951259534873 ) ) ;
#3260 = VECTOR ( 'NONE', #2467, 1000.000000000000000 ) ;
#3261 = CIRCLE ( 'NONE', #5465, 10.00000000000000178 ) ;
#3262 = AXIS2_PLACEMENT_3D ( 'NONE', #1649, #3374, #3863 ) ;
#3263 = CARTESIAN_POINT ( 'NONE',  ( -5.194333080997943775, 8.678841250762275195, -12.75869266639415933 ) ) ;
#3264 = CARTESIAN_POINT ( 'NONE',  ( 4.738723219439417100, -8.256655492704275900, -13.65353439024021931 ) ) ;
#3265 = ORIENTED_EDGE ( 'NONE', *, *, #2084, .F. ) ;
#3266 = CIRCLE ( 'NONE', #4280, 2.000000000000000000 ) ;
#3267 = CARTESIAN_POINT ( 'NONE',  ( -7.811825646387158706, 1.894127441243145915, -11.65353439024021753 ) ) ;
#3268 = CARTESIAN_POINT ( 'NONE',  ( -11.88119536664922826, -6.071136359325951304, -5.682748270524739631 ) ) ;
#3269 = DIRECTION ( 'NONE',  ( -0.000000000000000000, -1.002010156928930384E-16, 1.000000000000000000 ) ) ;
#3270 = CARTESIAN_POINT ( 'NONE',  ( -5.963218938557997895, -5.226042185318317657, -13.65353439024021576 ) ) ;
#3271 = CARTESIAN_POINT ( 'NONE',  ( -12.13429622116592199, -6.365252000630067464, -4.435988261393849719 ) ) ;
#3272 = CARTESIAN_POINT ( 'NONE',  ( 6.225811924994793856, -5.294744460317621026, -8.484802485747689360 ) ) ;
#3273 = B_SPLINE_CURVE_WITH_KNOTS ( 'NONE', 3,
 ( #2345, #1067, #670, #2799, #4617, #2461, #4499, #609, #2032, #3271, #5361, #4186, #1947, #4155, #3653, #4068, #5439, #4096, #1973, #3704, #3189, #2886, #186, #4587, #3676, #4527, #1125, #4934, #642, #297, #2401, #267 ),
 .UNSPECIFIED., .F., .F.,
 ( 4, 2, 2, 2, 2, 2, 2, 2, 2, 2, 2, 2, 2, 2, 2, 4 ),
 ( 1.457090274750185083E-16, 0.001087855316297456311, 0.002175710632594766904, 0.003263565948892077281, 0.004351421265189388092, 0.005439276581486698903, 0.006527131897784008846, 0.007614987214081319657, 0.008702842530378630467, 0.009790697846675940411, 0.01087855316297325209, 0.01196640847927056203, 0.01305426379556787198, 0.01522997442816249360, 0.01631782974445980527, 0.01740568506075711869 ),
 .UNSPECIFIED. ) ;
#3274 = CARTESIAN_POINT ( 'NONE',  ( -12.25000000000000000, 0.03960115941164028125, -8.773827979322501136 ) ) ;
#3275 = CARTESIAN_POINT ( 'NONE',  ( -1.974043110402647905, -13.51802694018219775, -5.999999995171819478 ) ) ;
#3276 = EDGE_CURVE ( 'NONE', #4518, #1996, #5203, .T. ) ;
#3277 = FACE_OUTER_BOUND ( 'NONE', #2895, .T. ) ;
#3278 = CARTESIAN_POINT ( 'NONE',  ( 4.725844894038147004, 8.918437739824755184, -12.75152799106617252 ) ) ;
#3279 = CARTESIAN_POINT ( 'NONE',  ( 3.747541448891200222, 6.490932192949874668, -16.56226468677081343 ) ) ;
#3280 = CARTESIAN_POINT ( 'NONE',  ( 4.020910481843241513, 7.395726431066983686, -13.65353439024022109 ) ) ;
#3281 = VERTEX_POINT ( 'NONE', #1460 ) ;
#3282 = ORIENTED_EDGE ( 'NONE', *, *, #3780, .F. ) ;
#3283 = CARTESIAN_POINT ( 'NONE',  ( -4.173908697730157158, -7.338294780495827396, -13.65353439024021576 ) ) ;
#3284 = CARTESIAN_POINT ( 'NONE',  ( 5.237806738377750904, -8.642591174899898476, -12.75544105500610925 ) ) ;
#3285 = EDGE_CURVE ( 'NONE', #2962, #126, #2367, .T. ) ;
#3286 = CARTESIAN_POINT ( 'NONE',  ( 5.072212026829655329, -6.444924029922599829, -13.65353439024021576 ) ) ;
#3287 = CARTESIAN_POINT ( 'NONE',  ( 4.223748560346325398, 7.314408115455349524, -13.65353439024021043 ) ) ;
#3288 = CARTESIAN_POINT ( 'NONE',  ( -4.225010225341859993, -7.313649179273851608, -13.65353439024021931 ) ) ;
#3289 = CARTESIAN_POINT ( 'NONE',  ( -11.86731184212055901, 5.597015064489117009, 6.766115122309057206 ) ) ;
#3290 = CARTESIAN_POINT ( 'NONE',  ( 14.05883757168012771, -2.836478471295782899, -6.025986191255825020 ) ) ;
#3291 = ORIENTED_EDGE ( 'NONE', *, *, #2182, .T. ) ;
#3292 = CARTESIAN_POINT ( 'NONE',  ( -12.24999999999956657, 7.206970374292100523, -2.590991656585848180 ) ) ;
#3293 = DIRECTION ( 'NONE',  ( 1.000000000000000000, 0.000000000000000000, 0.000000000000000000 ) ) ;
#3294 = CIRCLE ( 'NONE', #4208, 1.999999999999973133 ) ;
#3295 = DIRECTION ( 'NONE',  ( 1.000000000000000000, 0.000000000000000000, 0.000000000000000000 ) ) ;
#3296 = ORIENTED_EDGE ( 'NONE', *, *, #4564, .T. ) ;
#3297 = CARTESIAN_POINT ( 'NONE',  ( 11.65235527216563405, 8.291589689124057472, 2.818264871749337708 ) ) ;
#3298 = CARTESIAN_POINT ( 'NONE',  ( -11.94616925192224954, -8.162074302931609182, 1.171961920689510661 ) ) ;
#3299 = CARTESIAN_POINT ( 'NONE',  ( -4.223229286496245294, 7.314713783333899322, -13.65353439024021043 ) ) ;
#3300 = CARTESIAN_POINT ( 'NONE',  ( -5.449131366324498238, -8.481236782882938030, -12.74854931879420938 ) ) ;
#3301 = CARTESIAN_POINT ( 'NONE',  ( 3.199999999999999734, 5.038890355471067117, 14.02048661405589769 ) ) ;
#3302 =( BOUNDED_SURFACE ( )  B_SPLINE_SURFACE ( 3, 2, ( 
 ( #4055, #1987, #714 ),
 ( #4947, #1908, #2415 ),
 ( #177, #2385, #3718 ),
 ( #5065, #4139, #5456 ),
 ( #283, #1082, #1055 ),
 ( #2020, #1480, #1168 ),
 ( #5488, #1593, #1564 ),
 ( #1505, #627, #3288 ),
 ( #3202, #2785, #1141 ),
 ( #598, #3317, #4514 ),
 ( #1934, #3230, #2901 ),
 ( #4083, #3638, #2444 ),
 ( #2873, #200, #3664 ),
 ( #5401, #4974, #2813 ),
 ( #4601, #4170, #656 ),
 ( #4543, #4111, #225 ),
 ( #3689, #5426, #1532 ),
 ( #1185, #2093, #4988 ),
 ( #3762, #2856, #2489 ),
 ( #4215, #2400, #2031 ),
 ( #3300, #239, #1576 ),
 ( #296, #4585, #5500 ),
 ( #5021, #1607, #3703 ),
 ( #2885, #2521, #1972 ),
 ( #327, #1096, #3329 ),
 ( #2943, #361, #3365 ),
 ( #4124, #3826, #5049 ),
 ( #4677, #5078, #787 ),
 ( #1546, #2913, #3270 ),
 ( #5438, #2061, #4646 ),
 ( #4247, #1124, #698 ),
 ( #1517, #757, #4185 ),
 ( #3242, #5533, #3735 ),
 ( #2828, #4556, #1153 ) ),
 .UNSPECIFIED., .F., .F., .T. ) 
 B_SPLINE_SURFACE_WITH_KNOTS ( ( 4, 2, 2, 2, 2, 2, 2, 2, 2, 2, 2, 2, 2, 2, 2, 2, 4 ),
 ( 3, 3 ),
 ( -4.336808689942017736E-19, 4.013138615976847794E-07, 8.026277231958032397E-07, 1.605255446392040160E-06, 3.210510892784514001E-06, 6.421021785569461684E-06, 1.284204357113935705E-05, 2.568408714227914778E-05, 5.136817428455872923E-05, 0.0001027363485691178921, 0.0002054726971382362180, 0.0004109453942764728696, 0.0008218907885529461730, 0.001643781577105892780, 0.003287563154211785993, 0.004931344731317678989, 0.006575126308423572853 ),
 ( 0.000000000000000000, 1.000000000000000000 ),
 .UNSPECIFIED. ) 
 GEOMETRIC_REPRESENTATION_ITEM ( )  RATIONAL_B_SPLINE_SURFACE ( (
 ( 1.000000000000000000, 0.8810729325328479078, 1.000000000000000000),
 ( 1.000000000000000000, 0.8810720332967328927, 1.000000000000000000),
 ( 1.000000000000000000, 0.8810704662819800470, 1.000000000000000000),
 ( 1.000000000000000000, 0.8810673179858269366, 1.000000000000000000),
 ( 1.000000000000000000, 0.8810657968339945523, 1.000000000000000000),
 ( 1.000000000000000000, 0.8810609984020986163, 1.000000000000000000),
 ( 1.000000000000000000, 0.8810578000477954363, 1.000000000000000000),
 ( 1.000000000000000000, 0.8810482008926445729, 1.000000000000000000),
 ( 1.000000000000000000, 0.8810417524485412155, 1.000000000000000000),
 ( 1.000000000000000000, 0.8810226237027461993, 1.000000000000000000),
 ( 1.000000000000000000, 0.8810100284892217193, 1.000000000000000000),
 ( 1.000000000000000000, 0.8809727731621583846, 1.000000000000000000),
 ( 1.000000000000000000, 0.8809486121789191770, 1.000000000000000000),
 ( 1.000000000000000000, 0.8808777205564495283, 1.000000000000000000),
 ( 1.000000000000000000, 0.8808325572658145530, 1.000000000000000000),
 ( 1.000000000000000000, 0.8807015336707625375, 1.000000000000000000),
 ( 1.000000000000000000, 0.8806201549320685773, 1.000000000000000000),
 ( 1.000000000000000000, 0.8803875691431164441, 1.000000000000000000),
 ( 1.000000000000000000, 0.8802478749499058619, 1.000000000000000000),
 ( 1.000000000000000000, 0.8798564526375427519, 1.000000000000000000),
 ( 1.000000000000000000, 0.8796327476658567512, 1.000000000000000000),
 ( 1.000000000000000000, 0.8790236509309925506, 1.000000000000000000),
 ( 1.000000000000000000, 0.8786997715859072855, 1.000000000000000000),
 ( 1.000000000000000000, 0.8778474047539822633, 1.000000000000000000),
 ( 1.000000000000000000, 0.8774407933688797012, 1.000000000000000000),
 ( 1.000000000000000000, 0.8764218250200859206, 1.000000000000000000),
 ( 1.000000000000000000, 0.8760138900330890488, 1.000000000000000000),
 ( 1.000000000000000000, 0.8750547407289424040, 1.000000000000000000),
 ( 1.000000000000000000, 0.8747922218400328020, 1.000000000000000000),
 ( 1.000000000000000000, 0.8744866842811627183, 1.000000000000000000),
 ( 1.000000000000000000, 0.8744667410306119493, 1.000000000000000000),
 ( 1.000000000000000000, 0.8746612076011992531, 1.000000000000000000),
 ( 1.000000000000000000, 0.8748741153645821500, 1.000000000000000000),
 ( 1.000000000000000000, 0.8753394347363020467, 1.000000000000000000) ) ) 
 REPRESENTATION_ITEM ( '' )  SURFACE ( )  );
#3303 = CARTESIAN_POINT ( 'NONE',  ( -12.24999999999997158, 0.07865611851255510656, -8.768662843671643614 ) ) ;
#3304 = CARTESIAN_POINT ( 'NONE',  ( 4.192516337795772152, -6.577169684361575008, -7.539122407364818201 ) ) ;
#3305 = DIRECTION ( 'NONE',  ( -0.000000000000000000, 1.000000000000000000, 1.521645404548293931E-15 ) ) ;
#3306 = CARTESIAN_POINT ( 'NONE',  ( 9.056831200936807491, 5.200054184747045838, -8.749999997787801576 ) ) ;
#3307 = CARTESIAN_POINT ( 'NONE',  ( -11.79664470247396579, -1.585933454462709946, 9.384056588590977910 ) ) ;
#3308 = CARTESIAN_POINT ( 'NONE',  ( 11.95722117250612371, 3.312453867557372256, -8.105155429785595445 ) ) ;
#3309 = EDGE_CURVE ( 'NONE', #4104, #4403, #5393, .T. ) ;
#3310 = CARTESIAN_POINT ( 'NONE',  ( -4.274534918971754089E-15, 6.474076149427982344E-15, -24.76024934587180226 ) ) ;
#3311 = VERTEX_POINT ( 'NONE', #182 ) ;
#3312 = ORIENTED_EDGE ( 'NONE', *, *, #551, .T. ) ;
#3313 = CARTESIAN_POINT ( 'NONE',  ( -4.725844894038945476, -8.918437739824467414, -12.75152799106615120 ) ) ;
#3314 = CARTESIAN_POINT ( 'NONE',  ( 7.811825646387160482, -1.894127441243116827, -13.65353439024021043 ) ) ;
#3315 = CARTESIAN_POINT ( 'NONE',  ( -6.942839039951004487, 2.100059449868392214, -5.314657191009318105 ) ) ;
#3316 = CARTESIAN_POINT ( 'NONE',  ( 9.355546009936848151, 2.587838219831030795, -12.71841089425809024 ) ) ;
#3317 = CARTESIAN_POINT ( 'NONE',  ( -4.795058547932590010, -8.223822325468828964, -13.65353439024021043 ) ) ;
#3318 = CARTESIAN_POINT ( 'NONE',  ( 3.926829044828248350, 1.734723475976807094E-15, 14.90075911844934353 ) ) ;
#3319 = CARTESIAN_POINT ( 'NONE',  ( 14.79902174877074295, -3.488083142771550182, 4.294159011543782434 ) ) ;
#3320 = VERTEX_POINT ( 'NONE', #1511 ) ;
#3321 = CARTESIAN_POINT ( 'NONE',  ( -1.040834085586092934E-14, -1.802777518484586499E-14, -24.76024934587180937 ) ) ;
#3322 = CARTESIAN_POINT ( 'NONE',  ( -5.323118176011963243, 8.584752302815482849, -12.75279484307487365 ) ) ;
#3323 = EDGE_CURVE ( 'NONE', #708, #459, #4379, .T. ) ;
#3324 = CARTESIAN_POINT ( 'NONE',  ( 3.801147467873994046, -7.461046370310723930, -13.65353439024020510 ) ) ;
#3325 = ORIENTED_EDGE ( 'NONE', *, *, #5114, .T. ) ;
#3326 = CARTESIAN_POINT ( 'NONE',  ( 11.84299953209534628, 5.970904989538666108, 6.406110528835583295 ) ) ;
#3327 = CARTESIAN_POINT ( 'NONE',  ( -12.24999999999999112, -6.981517516552784741, 1.803204501584849684 ) ) ;
#3328 = CARTESIAN_POINT ( 'NONE',  ( -4.769605498556408918, 8.238968687557706616, -13.65353439024021398 ) ) ;
#3329 = CARTESIAN_POINT ( 'NONE',  ( -4.723942539405657115, -6.851371416375946488, -13.65353439024021576 ) ) ;
#3330 = CARTESIAN_POINT ( 'NONE',  ( 9.700000000000001066, -5.439786974697151223, 9.978630122677950354 ) ) ;
#3331 = AXIS2_PLACEMENT_3D ( 'NONE', #481, #555, #3538 ) ;
#3332 = CARTESIAN_POINT ( 'NONE',  ( -12.24999999999999822, 0.008007508054000744835, -8.776158693197075422 ) ) ;
#3333 = CARTESIAN_POINT ( 'NONE',  ( -10.74363161773558240, 7.298922539659575026E-14, -11.79026603071385004 ) ) ;
#3334 = AXIS2_PLACEMENT_3D ( 'NONE', #471, #4408, #2661 ) ;
#3335 = DIRECTION ( 'NONE',  ( 0.000000000000000000, 0.000000000000000000, 1.000000000000000000 ) ) ;
#3336 = CARTESIAN_POINT ( 'NONE',  ( -11.86066290332841433, 3.270820213148766253, -8.314427978530165575 ) ) ;
#3337 = CARTESIAN_POINT ( 'NONE',  ( -8.249999999999998224, 0.000000000000000000, 7.750000000000000888 ) ) ;
#3338 = CARTESIAN_POINT ( 'NONE',  ( 12.25000000000000000, 0.1747299227346826578, -8.748255223420336790 ) ) ;
#3339 =( BOUNDED_SURFACE ( )  B_SPLINE_SURFACE ( 3, 2, ( 
 ( #603, #3723, #1116 ),
 ( #259, #3694, #5431 ),
 ( #1965, #1537, #5462 ),
 ( #690, #1992, #1569 ),
 ( #3259, #5013, #2848 ),
 ( #4577, #2420, #4145 ),
 ( #4428, #565, #3100 ),
 ( #5319, #4944, #948 ),
 ( #4000, #3126, #3173 ),
 ( #2705, #4511, #4456 ),
 ( #2301, #5346, #2682 ),
 ( #3634, #4052, #4485 ),
 ( #4027, #146, #120 ),
 ( #1402, #2782, #1850 ),
 ( #539, #1878, #1477 ),
 ( #4405, #3551, #2328 ),
 ( #3603, #4916, #3579 ),
 ( #1425, #3522, #1026 ),
 ( #1052, #5292, #4863 ),
 ( #1374, #5264, #3149 ),
 ( #972, #3199, #2274 ),
 ( #173, #4839, #622 ) ),
 .UNSPECIFIED., .F., .F., .T. ) 
 B_SPLINE_SURFACE_WITH_KNOTS ( ( 4, 2, 2, 2, 2, 2, 2, 2, 2, 2, 4 ),
 ( 3, 3 ),
 ( -1.192622389734054877E-17, 0.001237726757994865416, 0.001856590136992304196, 0.002166021826491023802, 0.002320737671240383389, 0.002398095593615063182, 0.002436774554802402862, 0.002456114035396072919, 0.002465783775692907947, 0.002470618645841325678, 0.002475453515989742975 ),
 ( 0.000000000000000000, 1.000000000000000000 ),
 .UNSPECIFIED. ) 
 GEOMETRIC_REPRESENTATION_ITEM ( )  RATIONAL_B_SPLINE_SURFACE ( (
 ( 1.000000000000000000, 0.9674654744937699613, 1.000000000000000000),
 ( 1.000000000000000000, 0.9701968927244746244, 1.000000000000000000),
 ( 1.000000000000000000, 0.9729528997438824378, 1.000000000000000000),
 ( 1.000000000000000000, 0.9776778230338235565, 1.000000000000000000),
 ( 1.000000000000000000, 0.9793423738837050418, 1.000000000000000000),
 ( 1.000000000000000000, 0.9822496516490996088, 1.000000000000000000),
 ( 1.000000000000000000, 0.9832857990977693641, 1.000000000000000000),
 ( 1.000000000000000000, 0.9850749477516368424, 1.000000000000000000),
 ( 1.000000000000000000, 0.9857086298560563398, 1.000000000000000000),
 ( 1.000000000000000000, 0.9867698508540343472, 1.000000000000000000),
 ( 1.000000000000000000, 0.9871428128505219668, 1.000000000000000000),
 ( 1.000000000000000000, 0.9877378745600485788, 1.000000000000000000),
 ( 1.000000000000000000, 0.9879427471714531395, 1.000000000000000000),
 ( 1.000000000000000000, 0.9882593253394753585, 1.000000000000000000),
 ( 1.000000000000000000, 0.9883668596465241540, 1.000000000000000000),
 ( 1.000000000000000000, 0.9885261717390021463, 1.000000000000000000),
 ( 1.000000000000000000, 0.9885789861514154842, 1.000000000000000000),
 ( 1.000000000000000000, 0.9886536795140000722, 1.000000000000000000),
 ( 1.000000000000000000, 0.9886779823452122029, 1.000000000000000000),
 ( 1.000000000000000000, 0.9887214020644082835, 1.000000000000000000),
 ( 1.000000000000000000, 0.9887427940675954652, 1.000000000000000000),
 ( 1.000000000000000000, 0.9887466610851405324, 1.000000000000000000) ) ) 
 REPRESENTATION_ITEM ( '' )  SURFACE ( )  );
#3340 = CARTESIAN_POINT ( 'NONE',  ( 5.222245417387537003, 6.252407666090304517, -13.65353439024021576 ) ) ;
#3341 = ORIENTED_EDGE ( 'NONE', *, *, #2117, .F. ) ;
#3342 = ORIENTED_EDGE ( 'NONE', *, *, #874, .F. ) ;
#3343 = CARTESIAN_POINT ( 'NONE',  ( -4.222797632713102267, -7.314959587343397018, -13.65353439024022286 ) ) ;
#3344 = CARTESIAN_POINT ( 'NONE',  ( 5.962660711258377155, -5.226154262964948671, -13.65353439024022109 ) ) ;
#3345 = CARTESIAN_POINT ( 'NONE',  ( -4.996124101430183373, -6.335548272093890709, -8.749999997787798023 ) ) ;
#3346 = B_SPLINE_CURVE_WITH_KNOTS ( 'NONE', 3,
 ( #1308, #4004, #3422, #5168, #877, #124, #1275, #3582 ),
 .UNSPECIFIED., .F., .F.,
 ( 4, 2, 2, 4 ),
 ( 0.000000000000000000, 0.0004307501170856648746, 0.0008615002341713297491, 0.001723000468342657547 ),
 .UNSPECIFIED. ) ;
#3347 = FACE_OUTER_BOUND ( 'NONE', #405, .T. ) ;
#3348 = CARTESIAN_POINT ( 'NONE',  ( -10.34182439840924950, -0.05127464811400730960, -12.24722566293872461 ) ) ;
#3349 = CARTESIAN_POINT ( 'NONE',  ( 3.940713593307399787, 2.385244779468109755E-15, -20.83958864581943260 ) ) ;
#3350 = CARTESIAN_POINT ( 'NONE',  ( -9.331655929190921578E-16, 4.814824860968089633E-32, 15.23975065412816932 ) ) ;
#3351 = EDGE_LOOP ( 'NONE', ( #4007, #1794, #2562, #2230, #2500, #753 ) ) ;
#3352 = CARTESIAN_POINT ( 'NONE',  ( -11.79571893809846017, 1.330809528045134860, 9.462993669815963571 ) ) ;
#3353 = EDGE_CURVE ( 'NONE', #838, #3610, #4494, .T. ) ;
#3354 = CARTESIAN_POINT ( 'NONE',  ( 11.63443454914583874, -5.408046390995343344, -6.887919196564268098 ) ) ;
#3355 = FACE_OUTER_BOUND ( 'NONE', #5404, .T. ) ;
#3356 = VECTOR ( 'NONE', #5381, 1000.000000000000000 ) ;
#3357 = CARTESIAN_POINT ( 'NONE',  ( 0.7512851101870078319, -9.515203996037850942, -12.71254587412846782 ) ) ;
#3358 = ORIENTED_EDGE ( 'NONE', *, *, #1074, .F. ) ;
#3359 = B_SPLINE_CURVE_WITH_KNOTS ( 'NONE', 3,
 ( #2353, #4888, #4079, #997, #1450, #1795, #515, #3972 ),
 .UNSPECIFIED., .F., .F.,
 ( 4, 2, 2, 4 ),
 ( 1.734723475976807094E-18, 0.001247755946766867510, 0.002495511893533733285, 0.004991023787067464836 ),
 .UNSPECIFIED. ) ;
#3360 = EDGE_CURVE ( 'NONE', #278, #4434, #2797, .T. ) ;
#3361 = CARTESIAN_POINT ( 'NONE',  ( 5.380261184385768836, 9.318885729346604307, 11.03005007641327317 ) ) ;
#3362 = CARTESIAN_POINT ( 'NONE',  ( -12.25000000000000178, -2.204634971733125948, -7.630252979618470377 ) ) ;
#3363 = CIRCLE ( 'NONE', #1650, 7.750000000000000000 ) ;
#3364 = CARTESIAN_POINT ( 'NONE',  ( -4.996124101430189590, 6.335548272093881828, -13.65353439024021576 ) ) ;
#3365 = CARTESIAN_POINT ( 'NONE',  ( -4.994164699347146907, -6.544261561956296269, -13.65353439024021576 ) ) ;
#3366 = CARTESIAN_POINT ( 'NONE',  ( 7.004399813979021339, -12.13197635433772170, -5.999999995171812373 ) ) ;
#3367 = VECTOR ( 'NONE', #1835, 1000.000000000000000 ) ;
#3368 = CARTESIAN_POINT ( 'NONE',  ( 10.31668266687111313, 0.1303915989068001324, -12.26841816694936682 ) ) ;
#3369 = CARTESIAN_POINT ( 'NONE',  ( -4.590397652033011866, -6.993734947881039332, -13.65353439024022464 ) ) ;
#3370 = CARTESIAN_POINT ( 'NONE',  ( -6.286285452597911494, -5.145499900296660378, -0.3247590186551179703 ) ) ;
#3371 = CARTESIAN_POINT ( 'NONE',  ( -11.94229520177738557, -7.963178678788131570, -1.732346103633235712 ) ) ;
#3372 = CARTESIAN_POINT ( 'NONE',  ( 12.20668184254654598, 1.461211401477795935, -8.633120234567162044 ) ) ;
#3373 = CARTESIAN_POINT ( 'NONE',  ( -5.925813960677928982, 7.518090467480655015, -6.595569446259843538 ) ) ;
#3374 = DIRECTION ( 'NONE',  ( 0.000000000000000000, 0.000000000000000000, -1.000000000000000000 ) ) ;
#3375 = ORIENTED_EDGE ( 'NONE', *, *, #2810, .F. ) ;
#3376 = CARTESIAN_POINT ( 'NONE',  ( -4.203688048570723090, -7.324728599045835509, -13.65353439024022109 ) ) ;
#3377 = CARTESIAN_POINT ( 'NONE',  ( -1.018272516067378675, 0.9235777075360388499, 15.23975065412817287 ) ) ;
#3378 = CARTESIAN_POINT ( 'NONE',  ( -6.809081694305791466, 2.999999999999951594, -6.096152422706657248 ) ) ;
#3379 = CARTESIAN_POINT ( 'NONE',  ( 4.436064060297155720, 7.143288833843759456, -13.65353439024021576 ) ) ;
#3380 = CARTESIAN_POINT ( 'NONE',  ( -9.614586930736708226, -2.266310486132363966, -12.55272150270445408 ) ) ;
#3381 = CARTESIAN_POINT ( 'NONE',  ( 0.000000000000000000, 0.000000000000000000, 15.23975065412817287 ) ) ;
#3382 = CARTESIAN_POINT ( 'NONE',  ( -3.940713593307409557, 0.000000000000000000, -20.83958864581944326 ) ) ;
#3383 = EDGE_LOOP ( 'NONE', ( #2933, #2042, #2088, #5353 ) ) ;
#3384 = CARTESIAN_POINT ( 'NONE',  ( -1.314905478172875064, -3.791183076008481923, -20.83958864581944326 ) ) ;
#3385 = LINE ( 'NONE', #1662, #2762 ) ;
#3386 = CARTESIAN_POINT ( 'NONE',  ( -4.863856448694273027, -8.858781485650085941, -12.75545462523200690 ) ) ;
#3387 = CARTESIAN_POINT ( 'NONE',  ( 4.227434999095429191, -9.086230438890774863, -12.73879830087987663 ) ) ;
#3388 = ADVANCED_FACE ( 'NONE', ( #2392 ), #231, .F. ) ;
#3389 = ORIENTED_EDGE ( 'NONE', *, *, #5114, .F. ) ;
#3390 = DIRECTION ( 'NONE',  ( -0.000000000000000000, -1.002010156928930384E-16, 1.000000000000000000 ) ) ;
#3391 = CARTESIAN_POINT ( 'NONE',  ( 0.000000000000000000, 0.000000000000000000, 15.23975065412817465 ) ) ;
#3392 = CARTESIAN_POINT ( 'NONE',  ( -12.24999999999999112, -0.2465701152793767503, -8.729602220279808478 ) ) ;
#3393 = CARTESIAN_POINT ( 'NONE',  ( -4.777186088534408626, 8.234507798825609015, -13.65353439024021576 ) ) ;
#3394 = CARTESIAN_POINT ( 'NONE',  ( -8.249999999999998224, 0.000000000000000000, 7.750000000000000888 ) ) ;
#3395 = CARTESIAN_POINT ( 'NONE',  ( 12.20581323444396205, -1.474075574128234090, -8.631105810061146855 ) ) ;
#3396 = ADVANCED_FACE ( 'NONE', ( #2449 ), #3211, .F. ) ;
#3397 = CARTESIAN_POINT ( 'NONE',  ( 4.237613426478510803, -7.305526425523123812, -13.65353439024023530 ) ) ;
#3398 = CARTESIAN_POINT ( 'NONE',  ( -12.25000000000000355, 6.656017639636943706, -2.387320187245483893 ) ) ;
#3399 = CARTESIAN_POINT ( 'NONE',  ( -11.43702929715399463, 7.915189686232932162E-14, 10.08806083971221668 ) ) ;
#3400 = CARTESIAN_POINT ( 'NONE',  ( -10.74999999999999645, 3.000000000000024425, 6.096152422706620833 ) ) ;
#3401 = DIRECTION ( 'NONE',  ( -1.000000000000000000, 0.000000000000000000, 1.095185450775958527E-16 ) ) ;
#3402 = DIRECTION ( 'NONE',  ( 0.000000000000000000, 0.000000000000000000, -1.000000000000000000 ) ) ;
#3403 = CARTESIAN_POINT ( 'NONE',  ( 6.435810131856735339, 7.415863152786455359, -6.708574639902590064 ) ) ;
#3404 = EDGE_CURVE ( 'NONE', #2967, #629, #3695, .T. ) ;
#3405 = CARTESIAN_POINT ( 'NONE',  ( 2.518895697892860497, 7.200291148027491595, -16.56226468677082053 ) ) ;
#3406 = ORIENTED_EDGE ( 'NONE', *, *, #2394, .F. ) ;
#3407 = CARTESIAN_POINT ( 'NONE',  ( -5.022817202235076550, -8.777482311070373910, -12.75853727444772012 ) ) ;
#3408 = CARTESIAN_POINT ( 'NONE',  ( -7.594427239101724680, 5.507747036226362525E-14, 13.40799355303541596 ) ) ;
#3409 = CARTESIAN_POINT ( 'NONE',  ( -3.633092612705249191, 7.853107511814309660, -6.191546958657332844 ) ) ;
#3410 = CARTESIAN_POINT ( 'NONE',  ( -10.74075068581259629, -0.1043867502541370174, -11.79040915004737577 ) ) ;
#3411 = CARTESIAN_POINT ( 'NONE',  ( 1.963414522414127283, -3.400733709139868832, 14.90075911844933110 ) ) ;
#3412 = CARTESIAN_POINT ( 'NONE',  ( -7.496646891116844458, -12.98457330181771141, -3.557211016089472988 ) ) ;
#3413 = ORIENTED_EDGE ( 'NONE', *, *, #4930, .F. ) ;
#3414 = CARTESIAN_POINT ( 'NONE',  ( -12.24999999999999289, 7.089160035074841323E-14, 8.380125194933057742 ) ) ;
#3415 = CARTESIAN_POINT ( 'NONE',  ( 11.87012413546539591, -5.697415932310887499, 6.640930032325914389 ) ) ;
#3416 = FACE_OUTER_BOUND ( 'NONE', #2703, .T. ) ;
#3417 = CARTESIAN_POINT ( 'NONE',  ( 4.542709958140859428, -8.353156566709207809, -13.65353439024019799 ) ) ;
#3418 = ORIENTED_EDGE ( 'NONE', *, *, #3946, .T. ) ;
#3419 = CARTESIAN_POINT ( 'NONE',  ( 6.066708047769958867, -5.566535415164041822, -8.309023744937713118 ) ) ;
#3420 = CARTESIAN_POINT ( 'NONE',  ( -4.137879580937320334, 12.12481974133467233, -8.814338527120403555 ) ) ;
#3421 = CARTESIAN_POINT ( 'NONE',  ( -12.25000000000001599, -0.2858418586065003542, -9.299481408786981262 ) ) ;
#3422 = CARTESIAN_POINT ( 'NONE',  ( 6.237429266538519812, -5.267905502830739550, -13.63684637091799168 ) ) ;
#3423 = CARTESIAN_POINT ( 'NONE',  ( 9.700000000000002842, -11.15922370184927814, 2.065968517799035009 ) ) ;
#3424 = CARTESIAN_POINT ( 'NONE',  ( -12.25000000000016520, 4.388789569505336274, -6.727533077333465172 ) ) ;
#3425 = CARTESIAN_POINT ( 'NONE',  ( -7.622665490670606836, -2.313065767936866468, -13.65353439024021753 ) ) ;
#3426 = CARTESIAN_POINT ( 'NONE',  ( -5.726199813745740386, 5.962120290137401746, -13.64072734507228724 ) ) ;
#3427 = LINE ( 'NONE', #5175, #2457 ) ;
#3428 = B_SPLINE_CURVE_WITH_KNOTS ( 'NONE', 3,
 ( #1000, #3931, #1773, #4812, #4382, #4458, #2303, #950, #3151, #4431, #148, #70, #2202, #567, #4029, #3102, #494, #3976, #5294, #4890, #3951, #1798, #3525, #896 ),
 .UNSPECIFIED., .F., .F.,
 ( 4, 2, 2, 2, 2, 2, 2, 2, 2, 2, 2, 4 ),
 ( -5.999999997839247532E-08, 0.0001599924264611085286, 0.0003200448529221954505, 0.0006401497058443674512, 0.001280359411688711127, 0.002560778823377401515, 0.005121617646754782725, 0.007682456470132163935, 0.008962875881820854540, 0.009603085587665200276, 0.009923190440587374012, 0.01024329529350954948 ),
 .UNSPECIFIED. ) ;
#3429 = DIRECTION ( 'NONE',  ( -0.000000000000000000, 0.000000000000000000, -1.000000000000000000 ) ) ;
#3430 = CARTESIAN_POINT ( 'NONE',  ( 0.6544890075644422822, -1.133608214096951450, 15.23975065412817465 ) ) ;
#3431 = AXIS2_PLACEMENT_3D ( 'NONE', #5470, #2427, #4615 ) ;
#3432 = ORIENTED_EDGE ( 'NONE', *, *, #3404, .F. ) ;
#3433 = DIRECTION ( 'NONE',  ( -1.000000000000000000, 0.000000000000000000, 1.095185450775958527E-16 ) ) ;
#3434 = CARTESIAN_POINT ( 'NONE',  ( -3.926829044828239912, 1.259781555095134120, 14.90075911844934176 ) ) ;
#3435 = EDGE_CURVE ( 'NONE', #661, #1206, #289, .T. ) ;
#3436 = CARTESIAN_POINT ( 'NONE',  ( -6.942853508924260453, 2.099940777500888700, -5.078552380717110459 ) ) ;
#3437 = CARTESIAN_POINT ( 'NONE',  ( 4.485600581291583566, 7.096242896904224828, -13.65353439024021576 ) ) ;
#3438 = CARTESIAN_POINT ( 'NONE',  ( -10.34875156352530823, -0.01305814148198101814, -12.24137237077880869 ) ) ;
#3439 = CARTESIAN_POINT ( 'NONE',  ( 7.029418785840038097, -12.17531048475413868, -6.025986191255835678 ) ) ;
#3440 = CARTESIAN_POINT ( 'NONE',  ( -5.345654675927605126, -9.258945498424809628, -12.01109144709618270 ) ) ;
#3441 = EDGE_LOOP ( 'NONE', ( #3667, #382, #4357, #3312, #1050, #651, #2606, #7, #2876, #2836 ) ) ;
#3442 = CARTESIAN_POINT ( 'NONE',  ( -11.79844578829590596, 0.1934102120901403654, 9.645951265413772902 ) ) ;
#3443 = CARTESIAN_POINT ( 'NONE',  ( 6.381335628301690654, -4.841229186757587399, -8.749999997787799799 ) ) ;
#3444 = CARTESIAN_POINT ( 'NONE',  ( 4.996124101430196696, -6.335548272093887157, -24.76024934587180937 ) ) ;
#3445 = CARTESIAN_POINT ( 'NONE',  ( 2.607478804760542168, -8.789763794454925616, -13.65353439024176474 ) ) ;
#3446 = ORIENTED_EDGE ( 'NONE', *, *, #1560, .T. ) ;
#3447 = CARTESIAN_POINT ( 'NONE',  ( 3.200000000000001510, 5.439786974697152111, 8.390990267537869585 ) ) ;
#3448 = CARTESIAN_POINT ( 'NONE',  ( 4.571618818079334901, 13.59432195775507246, -6.025986191255835678 ) ) ;
#3449 = CARTESIAN_POINT ( 'NONE',  ( -12.25000000000173017, -2.157432009571040421, -8.450555231440590731 ) ) ;
#3450 = CARTESIAN_POINT ( 'NONE',  ( -12.25000000000000000, 7.044341179745278572E-14, -8.776159399017434026 ) ) ;
#3451 = CARTESIAN_POINT ( 'NONE',  ( 9.700000000000002842, -7.016221602353427400, 8.862313527763276966 ) ) ;
#3452 = CIRCLE ( 'NONE', #2195, 2.000000000000000000 ) ;
#3453 = CIRCLE ( 'NONE', #3725, 8.750000000000001776 ) ;
#3454 = CARTESIAN_POINT ( 'NONE',  ( -4.918977493763844855, -6.633217250474971571, -13.65353439024021220 ) ) ;
#3455 = CARTESIAN_POINT ( 'NONE',  ( -11.94924319202594454, -0.5662919580104035511, -9.735677254456724938 ) ) ;
#3456 = CARTESIAN_POINT ( 'NONE',  ( -12.22732854553452420, 5.886972154368556254, 5.053633592647798878 ) ) ;
#3457 = PLANE ( 'NONE',  #4975 ) ;
#3458 = CARTESIAN_POINT ( 'NONE',  ( 5.048737159900524851, 8.762880502973743546, -12.75868288059996658 ) ) ;
#3459 = ORIENTED_EDGE ( 'NONE', *, *, #5336, .F. ) ;
#3460 = DIRECTION ( 'NONE',  ( 0.000000000000000000, 0.000000000000000000, 1.000000000000000000 ) ) ;
#3461 = CARTESIAN_POINT ( 'NONE',  ( -14.79902174877071808, 3.488083142771653211, 4.294159011543782434 ) ) ;
#3462 = AXIS2_PLACEMENT_3D ( 'NONE', #4389, #3109, #3588 ) ;
#3463 = CARTESIAN_POINT ( 'NONE',  ( -4.655813831805688530, 8.300490307124022138, -13.65353439024023885 ) ) ;
#3464 = CARTESIAN_POINT ( 'NONE',  ( 10.66855354480156493, 0.5066387920769038766, -11.82555042532220746 ) ) ;
#3465 = CARTESIAN_POINT ( 'NONE',  ( -9.853756115993194342, -0.8550568116226682225, -12.64423649762828994 ) ) ;
#3466 = LINE ( 'NONE', #3925, #5194 ) ;
#3467 = ADVANCED_FACE ( 'NONE', ( #5432 ), #260, .F. ) ;
#3468 = CARTESIAN_POINT ( 'NONE',  ( -10.76052236877132096, 0.000000000000000000, 11.03005007641327317 ) ) ;
#3469 = EDGE_LOOP ( 'NONE', ( #1114, #119, #4227, #4433, #1077, #5263 ) ) ;
#3470 = CARTESIAN_POINT ( 'NONE',  ( 0.8724116924826873509, -4.030624486687401031, 14.90075911844934176 ) ) ;
#3471 = CARTESIAN_POINT ( 'NONE',  ( 3.200000000000001510, -7.599342076785336353, 6.499999999999999112 ) ) ;
#3472 = CARTESIAN_POINT ( 'NONE',  ( -7.811825646387161370, -1.892881048235039998, -11.65353439024021753 ) ) ;
#3473 = B_SPLINE_CURVE_WITH_KNOTS ( 'NONE', 3,
 ( #3338, #334, #1584, #3372, #1132, #247, #2864, #3308, #2101, #4593 ),
 .UNSPECIFIED., .F., .F.,
 ( 4, 2, 2, 2, 4 ),
 ( 3.157671896597783674E-15, 0.0009654686622177261097, 0.001930937324432294589, 0.002896405986646863936, 0.003861874648861433282 ),
 .UNSPECIFIED. ) ;
#3474 = CARTESIAN_POINT ( 'NONE',  ( -4.354855174553655672, -9.049848763543456798, -12.74160506514369651 ) ) ;
#3475 = ORIENTED_EDGE ( 'NONE', *, *, #606, .T. ) ;
#3476 = EDGE_LOOP ( 'NONE', ( #2199, #1004, #4165, #5512, #4491, #1665, #3406 ) ) ;
#3477 = CARTESIAN_POINT ( 'NONE',  ( 12.24999999999999112, 0.04848797483507040484, -8.772831547200459212 ) ) ;
#3478 = CARTESIAN_POINT ( 'NONE',  ( -12.24999999999998401, -0.04616894453227764900, -9.323192284730280832 ) ) ;
#3479 = CARTESIAN_POINT ( 'NONE',  ( 3.199999999999999734, 5.038890355471067117, 14.02048661405589769 ) ) ;
#3480 = DIRECTION ( 'NONE',  ( 0.000000000000000000, 0.000000000000000000, 1.000000000000000000 ) ) ;
#3481 = PLANE ( 'NONE',  #2565 ) ;
#3482 = CARTESIAN_POINT ( 'NONE',  ( 7.399510874385540227, 12.81632878559381972, 4.294159011543763782 ) ) ;
#3483 = CARTESIAN_POINT ( 'NONE',  ( -4.714532008772217786, 6.432571013053604680, -7.869406896827461750 ) ) ;
#3484 = VECTOR ( 'NONE', #4569, 1000.000000000000000 ) ;
#3485 = B_SPLINE_CURVE_WITH_KNOTS ( 'NONE', 3,
 ( #4011, #131, #1010, #2639 ),
 .UNSPECIFIED., .F., .F.,
 ( 4, 4 ),
 ( 4.686964735110230049E-17, 0.003757568533015787950 ),
 .UNSPECIFIED. ) ;
#3486 = CARTESIAN_POINT ( 'NONE',  ( 4.712848266313568679, 8.270891652297141405, -13.65353439024022464 ) ) ;
#3487 = ORIENTED_EDGE ( 'NONE', *, *, #3360, .T. ) ;
#3488 = FACE_OUTER_BOUND ( 'NONE', #2081, .T. ) ;
#3489 = CARTESIAN_POINT ( 'NONE',  ( -15.40468664080960259, 3.396567760760732746, 0.3811111474512781094 ) ) ;
#3490 = CARTESIAN_POINT ( 'NONE',  ( -4.861467631612000240, 8.859577338473528130, -12.75535988144555510 ) ) ;
#3491 = EDGE_CURVE ( 'NONE', #708, #3721, #4440, .T. ) ;
#3492 = CARTESIAN_POINT ( 'NONE',  ( 10.50126701728772360, 0.4142813193667700955, -12.11463163608186555 ) ) ;
#3493 = CARTESIAN_POINT ( 'NONE',  ( 11.85041738963643887, 3.895171104890494007, -7.835186153731531711 ) ) ;
#3494 = CARTESIAN_POINT ( 'NONE',  ( 9.700000000000001066, 5.345635799146213785, -8.501486652485498396 ) ) ;
#3495 = CARTESIAN_POINT ( 'NONE',  ( -2.635166929757389198, -3.028929771535464166, -20.83958864581943260 ) ) ;
#3496 = ORIENTED_EDGE ( 'NONE', *, *, #1489, .T. ) ;
#3497 = CARTESIAN_POINT ( 'NONE',  ( -0.6544890075644502758, -1.133608214096947009, 15.23975065412817465 ) ) ;
#3498 = FACE_OUTER_BOUND ( 'NONE', #2254, .T. ) ;
#3499 = CARTESIAN_POINT ( 'NONE',  ( 0.000000000000000000, 0.000000000000000000, 15.23975065412817465 ) ) ;
#3500 = CARTESIAN_POINT ( 'NONE',  ( 9.700000000000001066, -5.439786974697151223, 9.978630122677950354 ) ) ;
#3501 = ORIENTED_EDGE ( 'NONE', *, *, #1147, .T. ) ;
#3502 = CARTESIAN_POINT ( 'NONE',  ( 12.24999999999999822, 0.01948721827643271412, -8.775576581010861688 ) ) ;
#3503 = EDGE_CURVE ( 'NONE', #5000, #4726, #357, .T. ) ;
#3504 = CARTESIAN_POINT ( 'NONE',  ( 5.323118176011968572, -8.584752302815495284, -12.75279484307487721 ) ) ;
#3505 = CARTESIAN_POINT ( 'NONE',  ( -12.24999999999999289, -2.426622755146870869, 7.673878321911241862 ) ) ;
#3506 = CARTESIAN_POINT ( 'NONE',  ( -12.24999999999825562, -1.175330716934169573, 8.931159520530956186 ) ) ;
#3507 = CARTESIAN_POINT ( 'NONE',  ( -11.96587899396333299, -0.2286148145766453144, -9.788262166447939450 ) ) ;
#3508 = SURFACE_STYLE_FILL_AREA ( #3889 ) ;
#3509 = CARTESIAN_POINT ( 'NONE',  ( -5.735612576749744562, -9.934372395461659622, -10.68353278442185150 ) ) ;
#3510 = CARTESIAN_POINT ( 'NONE',  ( 5.008026245583216074, 8.785619222936910333, -12.75838495176609655 ) ) ;
#3511 = EDGE_LOOP ( 'NONE', ( #4510, #5089 ) ) ;
#3512 = DIRECTION ( 'NONE',  ( 1.000000000000000000, 0.000000000000000000, -1.095185450775958527E-16 ) ) ;
#3513 = LINE ( 'NONE', #1843, #4830 ) ;
#3514 = VECTOR ( 'NONE', #1923, 1000.000000000000000 ) ;
#3515 = B_SPLINE_CURVE_WITH_KNOTS ( 'NONE', 3,
 ( #5173, #4710, #3767, #5054, #703, #5571, #734, #2466, #1191, #1676, #3336, #2920, #5144, #1248, #822, #852 ),
 .UNSPECIFIED., .F., .F.,
 ( 4, 2, 2, 2, 2, 2, 2, 4 ),
 ( -5.999999998564040390E-08, 0.0003435753755130140107, 0.0006872107510260136790, 0.001374481502052013124, 0.002749023004104014182, 0.004123564506156015240, 0.004810835257182014685, 0.005498106008208014130 ),
 .UNSPECIFIED. ) ;
#3516 = CARTESIAN_POINT ( 'NONE',  ( -4.120864672064424639, 7.360117729926722419, -13.65353439024021931 ) ) ;
#3517 = CARTESIAN_POINT ( 'NONE',  ( 10.26818032274680448, 0.2400093004776285566, -12.30907335087317023 ) ) ;
#3518 = CARTESIAN_POINT ( 'NONE',  ( 2.081668171172168513E-14, -0.000000000000000000, -24.76024934587180582 ) ) ;
#3519 = ORIENTED_EDGE ( 'NONE', *, *, #1133, .F. ) ;
#3520 = CIRCLE ( 'NONE', #1619, 1.999999999999980904 ) ;
#3521 = ORIENTED_EDGE ( 'NONE', *, *, #2795, .F. ) ;
#3522 = CARTESIAN_POINT ( 'NONE',  ( -10.58025261833769370, 0.03694912336103711725, -12.04564775088938866 ) ) ;
#3523 = AXIS2_PLACEMENT_3D ( 'NONE', #3054, #2685, #2632 ) ;
#3524 = CARTESIAN_POINT ( 'NONE',  ( 11.87855224346303906, -5.612882633567699564, 6.713453212170720441 ) ) ;
#3525 = CARTESIAN_POINT ( 'NONE',  ( -4.964225482178118654, 8.811693990665617093, -12.75869259352965557 ) ) ;
#3526 = DIRECTION ( 'NONE',  ( 0.7666829504623089431, 0.6420258978190901411, 0.000000000000000000 ) ) ;
#3527 = ORIENTED_EDGE ( 'NONE', *, *, #1294, .T. ) ;
#3528 = ORIENTED_EDGE ( 'NONE', *, *, #1775, .F. ) ;
#3529 = EDGE_CURVE ( 'NONE', #4943, #1903, #309, .T. ) ;
#3530 = CARTESIAN_POINT ( 'NONE',  ( -12.24999999999999822, 3.985861748618919620, -6.182253896124296766 ) ) ;
#3531 = CARTESIAN_POINT ( 'NONE',  ( 11.88382025285931753, -5.597969945116822110, 6.718810343985596845 ) ) ;
#3532 = CARTESIAN_POINT ( 'NONE',  ( 5.222245417387537003, 6.252407666090304517, -13.65353439024021576 ) ) ;
#3533 = CARTESIAN_POINT ( 'NONE',  ( -12.24999999999999645, 7.089160035074845110E-14, 8.380125194933041755 ) ) ;
#3534 = ADVANCED_FACE ( 'NONE', ( #3355 ), #4729, .T. ) ;
#3535 = CARTESIAN_POINT ( 'NONE',  ( -12.25000000000000178, -1.940863481371524424, 7.915771592129784651 ) ) ;
#3536 = CARTESIAN_POINT ( 'NONE',  ( 7.702343320404962057, 13.34084996827980341, 0.3811111474512711705 ) ) ;
#3537 = DIRECTION ( 'NONE',  ( -0.000000000000000000, -0.000000000000000000, 1.000000000000000000 ) ) ;
#3538 = DIRECTION ( 'NONE',  ( 0.000000000000000000, 0.000000000000000000, 1.000000000000000000 ) ) ;
#3539 = CARTESIAN_POINT ( 'NONE',  ( 4.213486895346923333, 7.319882999859886219, -13.65353439024022109 ) ) ;
#3540 = CARTESIAN_POINT ( 'NONE',  ( 5.955702864975283894, 5.704378887029900369, -12.06667166913576672 ) ) ;
#3541 = VECTOR ( 'NONE', #5087, 1000.000000000000000 ) ;
#3542 = AXIS2_PLACEMENT_3D ( 'NONE', #1194, #2012, #4258 ) ;
#3543 = DIRECTION ( 'NONE',  ( 0.000000000000000000, 0.000000000000000000, -1.000000000000000000 ) ) ;
#3544 = CARTESIAN_POINT ( 'NONE',  ( 5.077521861883622201, -8.746133124196116881, -12.75862945376924529 ) ) ;
#3545 = CARTESIAN_POINT ( 'NONE',  ( -4.230450897763699203, 7.310228462298949736, -13.65353439024021931 ) ) ;
#3546 = CARTESIAN_POINT ( 'NONE',  ( -4.987740585747931554, 8.796563936666522920, -12.75811387204556624 ) ) ;
#3547 = CARTESIAN_POINT ( 'NONE',  ( 11.87219011173209893, -2.707737306098527252, -8.704418692940159019 ) ) ;
#3548 = VERTEX_POINT ( 'NONE', #3027 ) ;
#3549 = AXIS2_PLACEMENT_3D ( 'NONE', #1579, #3764, #2859 ) ;
#3550 = ORIENTED_EDGE ( 'NONE', *, *, #1108, .T. ) ;
#3551 = CARTESIAN_POINT ( 'NONE',  ( -10.57935299962767850, 0.06039282716988881444, -12.04643550868809854 ) ) ;
#3552 = CARTESIAN_POINT ( 'NONE',  ( -12.24999999999998934, 1.847596041406262879, -7.885757809228373993 ) ) ;
#3553 = AXIS2_PLACEMENT_3D ( 'NONE', #3092, #940, #507 ) ;
#3554 = CARTESIAN_POINT ( 'NONE',  ( -9.199809188051942144, -1.606126406848103594, -13.13089741838202862 ) ) ;
#3555 = CARTESIAN_POINT ( 'NONE',  ( -6.732839009863140767, 7.050053862042105379, -7.135424128130101629 ) ) ;
#3556 = ORIENTED_EDGE ( 'NONE', *, *, #5187, .F. ) ;
#3557 = ORIENTED_EDGE ( 'NONE', *, *, #2451, .F. ) ;
#3558 = CARTESIAN_POINT ( 'NONE',  ( -12.24999999999784706, 6.536230668313542047, -4.054065826944844630 ) ) ;
#3559 = LINE ( 'NONE', #1088, #3356 ) ;
#3560 = CARTESIAN_POINT ( 'NONE',  ( 2.483867302372282815, -7.692555285365678230, -13.65353439024021931 ) ) ;
#3561 = ADVANCED_FACE ( 'NONE', ( #3416 ), #5161, .T. ) ;
#3562 = CARTESIAN_POINT ( 'NONE',  ( 0.000000000000000000, 0.000000000000000000, 15.23975065412817465 ) ) ;
#3563 = CARTESIAN_POINT ( 'NONE',  ( -11.80224639850211865, -2.450981390477549038, 9.072993821301530204 ) ) ;
#3564 = CARTESIAN_POINT ( 'NONE',  ( -11.88633624647608933, -6.230769830177345092, -5.462988729331393678 ) ) ;
#3565 = PRODUCT_CONTEXT ( 'NONE', #5014, 'mechanical' ) ;
#3566 = CARTESIAN_POINT ( 'NONE',  ( -4.420249689259610371, -4.420249689259559744, 0.000000000000000000 ) ) ;
#3567 = CARTESIAN_POINT ( 'NONE',  ( 10.70209276741008786, -0.3757778222325049433, -11.80677836073069642 ) ) ;
#3568 = CARTESIAN_POINT ( 'NONE',  ( 5.729440392052884690, 5.934417527498482059, -11.42720389776767043 ) ) ;
#3569 = DIRECTION ( 'NONE',  ( 1.000000000000000000, -1.421085471520200372E-14, 0.000000000000000000 ) ) ;
#3570 = CARTESIAN_POINT ( 'NONE',  ( 4.224322075876487226, -7.314062835361465176, -13.65353439024021931 ) ) ;
#3571 = CARTESIAN_POINT ( 'NONE',  ( -4.232247326454768199, 7.309061947231094258, -13.65353439024023530 ) ) ;
#3572 = CARTESIAN_POINT ( 'NONE',  ( -4.223019101606340087, 7.314834126007991877, -13.65353439024021043 ) ) ;
#3573 = B_SPLINE_CURVE_WITH_KNOTS ( 'NONE', 3,
 ( #3798, #853, #4222, #1677, #2158, #5477, #2038, #3307, #4284, #3768, #1249, #2978, #1646, #5508, #5538, #1159, #823, #5603, #2892, #1612, #4622, #401, #5085, #1192, #2949, #2921, #333, #2131, #3860, #3371, #4683, #793, #2526, #4255, #110, #3564, #4771, #2717, #58, #3137, #1414, #3960 ),
 .UNSPECIFIED., .F., .F.,
 ( 4, 2, 2, 2, 2, 2, 2, 2, 2, 2, 2, 2, 2, 2, 2, 2, 2, 2, 2, 2, 4 ),
 ( -5.999999999478861120E-08, 0.0003442510927507649214, 0.0006885621855015246076, 0.001377184371003043872, 0.002065806556504563244, 0.002754428742006082616, 0.004131673113009118326, 0.005508917484012154468, 0.006886161855015187142, 0.008263406226018222417, 0.01101789496802428776, 0.01239513933902732304, 0.01377238371003035484, 0.01446100589553187162, 0.01514962808103338839, 0.01652687245203642019, 0.01790411682303945720, 0.01928136119404248727, 0.02065860556504552081, 0.02134722775054704105, 0.02203584993604855435 ),
 .UNSPECIFIED. ) ;
#3574 = AXIS2_PLACEMENT_3D ( 'NONE', #762, #365, #4651 ) ;
#3575 = EDGE_CURVE ( 'NONE', #1821, #4943, #4922, .T. ) ;
#3576 = CARTESIAN_POINT ( 'NONE',  ( 11.87220877156563681, 2.703946778005833274, -8.706794521857828428 ) ) ;
#3577 = EDGE_LOOP ( 'NONE', ( #782, #5326, #3971, #3919 ) ) ;
#3578 = ORIENTED_EDGE ( 'NONE', *, *, #2974, .T. ) ;
#3579 = CARTESIAN_POINT ( 'NONE',  ( -10.74160433660058089, 0.08917449570504301648, -11.79029531888085813 ) ) ;
#3580 = CARTESIAN_POINT ( 'NONE',  ( -10.26377944808834108, -0.2487260778466323652, -12.31274540255821925 ) ) ;
#3581 = DIRECTION ( 'NONE',  ( 1.000000000000000000, 0.000000000000000000, 0.000000000000000000 ) ) ;
#3582 = CARTESIAN_POINT ( 'NONE',  ( 5.221206054230452587, -6.252862278273587648, -13.65353439024021576 ) ) ;
#3583 = PLANE ( 'NONE',  #5303 ) ;
#3584 = ORIENTED_EDGE ( 'NONE', *, *, #5405, .T. ) ;
#3585 = CARTESIAN_POINT ( 'NONE',  ( -12.24999999999974243, 4.243810142485179959, -6.855499389825749468 ) ) ;
#3586 = CARTESIAN_POINT ( 'NONE',  ( -6.249999999999996447, 5.439786974697151223, 6.853555111758805829 ) ) ;
#3587 = CARTESIAN_POINT ( 'NONE',  ( -3.381473006643811008, -7.555867216619193805, -13.65353439024021220 ) ) ;
#3588 = DIRECTION ( 'NONE',  ( 1.734723475976807341E-16, 1.000000000000000000, 0.000000000000000000 ) ) ;
#3589 = CARTESIAN_POINT ( 'NONE',  ( -12.24999999999999289, -6.780861497563742013, 4.189928065542492419 ) ) ;
#3590 = EDGE_CURVE ( 'NONE', #1057, #1206, #5529, .T. ) ;
#3591 = PLANE ( 'NONE',  #5448 ) ;
#3592 = CARTESIAN_POINT ( 'NONE',  ( -5.056631844581888302, -8.758343269986610835, -12.75869244000833547 ) ) ;
#3593 = CARTESIAN_POINT ( 'NONE',  ( 10.73661130332771663, -0.1598547418773726136, -11.79139027809620544 ) ) ;
#3594 = CARTESIAN_POINT ( 'NONE',  ( 6.401651741968791498, -4.776270814852277447, -13.65030610088691532 ) ) ;
#3595 = CARTESIAN_POINT ( 'NONE',  ( 9.355546009936839269, 2.587838219831037900, -12.71841089425809024 ) ) ;
#3596 = EDGE_CURVE ( 'NONE', #5422, #5429, #1721, .T. ) ;
#3597 = CARTESIAN_POINT ( 'NONE',  ( 4.225009140332719682, -7.313646546267805526, -13.65353439024021931 ) ) ;
#3598 = CARTESIAN_POINT ( 'NONE',  ( -5.168209435011892339, 8.689724148084197353, -12.75726809940934814 ) ) ;
#3599 = CARTESIAN_POINT ( 'NONE',  ( -0.7052542284607220546, 7.818570947990507669, -13.65353439024021220 ) ) ;
#3600 = CARTESIAN_POINT ( 'NONE',  ( 4.996124101430188702, 6.335548272093886268, -10.06286195985388510 ) ) ;
#3601 = ORIENTED_EDGE ( 'NONE', *, *, #5606, .F. ) ;
#3602 = ORIENTED_EDGE ( 'NONE', *, *, #1354, .F. ) ;
#3603 = CARTESIAN_POINT ( 'NONE',  ( -10.34878340122591744, 0.01295845603112680614, -12.24134545499310889 ) ) ;
#3604 = ADVANCED_FACE ( 'NONE', ( #5190 ), #2514, .F. ) ;
#3605 = CARTESIAN_POINT ( 'NONE',  ( 12.25000000000001243, -1.146647685771566394, -8.320408834780785412 ) ) ;
#3606 = CARTESIAN_POINT ( 'NONE',  ( 5.108945869073363788, 8.727221324201041242, -12.75833627536216319 ) ) ;
#3607 = CARTESIAN_POINT ( 'NONE',  ( -7.960093722739051358, 6.561652873878147219, -7.599250561496180723 ) ) ;
#3608 = CARTESIAN_POINT ( 'NONE',  ( -11.83939292608129534, 4.690075573116792462, -7.180558267449481669 ) ) ;
#3609 = DIRECTION ( 'NONE',  ( 1.734723475976807341E-16, 1.000000000000000000, 0.000000000000000000 ) ) ;
#3610 = VERTEX_POINT ( 'NONE', #387 ) ;
#3611 = VECTOR ( 'NONE', #2406, 1000.000000000000000 ) ;
#3612 = CARTESIAN_POINT ( 'NONE',  ( -12.25000000000000178, 3.853291730435658202, 6.746250415127277300 ) ) ;
#3613 = CARTESIAN_POINT ( 'NONE',  ( -6.249999999999996447, 6.822455801573622303, -7.462742046123574724 ) ) ;
#3614 = DIRECTION ( 'NONE',  ( 1.095185450775958527E-16, 0.000000000000000000, 1.000000000000000000 ) ) ;
#3615 = CARTESIAN_POINT ( 'NONE',  ( 4.995194731662385479, -8.792590015810342052, -12.75822699653288517 ) ) ;
#3616 = B_SPLINE_CURVE_WITH_KNOTS ( 'NONE', 3,
 ( #4335, #2584, #423, #4768 ),
 .UNSPECIFIED., .F., .F.,
 ( 4, 4 ),
 ( 0.01553979240648259430, 0.01592075011081145117 ),
 .UNSPECIFIED. ) ;
#3617 = CARTESIAN_POINT ( 'NONE',  ( -12.25000000000000711, -5.249556590029222924, 6.374616648236158589 ) ) ;
#3618 = CARTESIAN_POINT ( 'NONE',  ( 10.74282570820839311, 0.05720544210039858052, -11.79020551674170392 ) ) ;
#3619 = CARTESIAN_POINT ( 'NONE',  ( -10.74999999999999822, -5.100000000000000533, 0.000000000000000000 ) ) ;
#3620 = CARTESIAN_POINT ( 'NONE',  ( -6.435810131856725569, 11.12379472917968215, -10.06286195985388865 ) ) ;
#3621 = CARTESIAN_POINT ( 'NONE',  ( 10.72640481350363650, -0.2455339585746340314, -11.79506428977884447 ) ) ;
#3622 = CARTESIAN_POINT ( 'NONE',  ( 6.224975497809380975, 5.297447595531684428, -13.00880709530938084 ) ) ;
#3623 = CARTESIAN_POINT ( 'NONE',  ( 9.947650958835072998, 1.817511514826234187, -12.32475653660135961 ) ) ;
#3624 =( GEOMETRIC_REPRESENTATION_CONTEXT ( 3 ) GLOBAL_UNCERTAINTY_ASSIGNED_CONTEXT ( ( #1260 ) ) GLOBAL_UNIT_ASSIGNED_CONTEXT ( ( #2344, #4960, #1466 ) ) REPRESENTATION_CONTEXT ( 'NONE', 'WORKASPACE' ) );
#3625 = CARTESIAN_POINT ( 'NONE',  ( 4.759994579516864555, -8.244552455475707475, -13.65353439024021753 ) ) ;
#3626 = CARTESIAN_POINT ( 'NONE',  ( -5.852653445183424452, 8.108354378710094679, -12.73600957164108927 ) ) ;
#3627 = VECTOR ( 'NONE', #1035, 1000.000000000000000 ) ;
#3628 = CARTESIAN_POINT ( 'NONE',  ( 0.7522825174530689551, 8.919299103437296594, -13.65353439024145032 ) ) ;
#3629 = CARTESIAN_POINT ( 'NONE',  ( -0.000000000000000000, -0.000000000000000000, 15.23975065412817287 ) ) ;
#3630 = ADVANCED_FACE ( 'NONE', ( #2119 ), #3846, .T. ) ;
#3631 = B_SPLINE_CURVE_WITH_KNOTS ( 'NONE', 3,
 ( #5391, #3304, #1950, #2888, #5052, #2775, #2464, #5504, #732, #4188 ),
 .UNSPECIFIED., .F., .F.,
 ( 4, 2, 2, 2, 4 ),
 ( 1.734723475976807094E-18, 0.002547114724793193841, 0.005094229449586387681, 0.007641344174379580655, 0.01018845889917277536 ),
 .UNSPECIFIED. ) ;
#3632 = ORIENTED_EDGE ( 'NONE', *, *, #614, .F. ) ;
#3633 = ORIENTED_EDGE ( 'NONE', *, *, #1975, .F. ) ;
#3634 = CARTESIAN_POINT ( 'NONE',  ( -10.33876738601226819, 0.06338234865943428997, -12.24980682247692698 ) ) ;
#3635 = CARTESIAN_POINT ( 'NONE',  ( 12.25000000000000178, -3.576421521757777722, -7.407549814778145780 ) ) ;
#3636 = AXIS2_PLACEMENT_3D ( 'NONE', #4013, #2290, #1864 ) ;
#3637 = CARTESIAN_POINT ( 'NONE',  ( 11.85041738963643887, 3.895171104890494007, -7.835186153731531711 ) ) ;
#3638 = CARTESIAN_POINT ( 'NONE',  ( -4.811499572180601092, -8.213750027134599563, -13.65353439024022819 ) ) ;
#3639 = EDGE_CURVE ( 'NONE', #4142, #497, #1891, .T. ) ;
#3640 = CARTESIAN_POINT ( 'NONE',  ( -11.92381621265995051, 7.377942200153843721, -3.486864452050708163 ) ) ;
#3641 = CIRCLE ( 'NONE', #1199, 0.9000000000000005773 ) ;
#3642 = ORIENTED_EDGE ( 'NONE', *, *, #1775, .T. ) ;
#3643 = EDGE_LOOP ( 'NONE', ( #1263, #1179, #1423 ) ) ;
#3644 = CARTESIAN_POINT ( 'NONE',  ( -12.25000000000000178, 6.466415971156374454, 3.450650932361106094 ) ) ;
#3645 = CARTESIAN_POINT ( 'NONE',  ( -6.249999999999999112, 5.227723404215865344, -13.13352867918689881 ) ) ;
#3646 = CARTESIAN_POINT ( 'NONE',  ( -7.877395132225484708, 5.382034304195150831, -12.71263725140643075 ) ) ;
#3647 = B_SPLINE_CURVE_WITH_KNOTS ( 'NONE', 3,
 ( #1782, #503, #553, #5228 ),
 .UNSPECIFIED., .F., .F.,
 ( 4, 4 ),
 ( 0.006217591421673892595, 0.006600384121960478113 ),
 .UNSPECIFIED. ) ;
#3648 = EDGE_CURVE ( 'NONE', #1163, #708, #3428, .T. ) ;
#3649 = CARTESIAN_POINT ( 'NONE',  ( 4.728558941194482834, -8.262313279475618444, -13.65353439024017668 ) ) ;
#3650 = CARTESIAN_POINT ( 'NONE',  ( 11.85041738963643887, 3.895171104890494007, -7.835186153731531711 ) ) ;
#3651 = CARTESIAN_POINT ( 'NONE',  ( -11.94600698928269011, -8.091422275111213480, -1.096566771074517277 ) ) ;
#3652 = CARTESIAN_POINT ( 'NONE',  ( 10.57267306973713694, 0.1363716041002277224, -12.05229205228337541 ) ) ;
#3653 = CARTESIAN_POINT ( 'NONE',  ( -12.12757411580392386, -7.457279509748675039, -2.141462390770164426 ) ) ;
#3654 = CARTESIAN_POINT ( 'NONE',  ( 10.58060997035480177, -0.01891801508146562574, -12.04533533284235958 ) ) ;
#3655 = CARTESIAN_POINT ( 'NONE',  ( -12.24999999999999822, -2.669598330337274561, -7.275695482540511350 ) ) ;
#3656 = CARTESIAN_POINT ( 'NONE',  ( -4.812684316591913536, 8.213007755004026578, -13.65353439024028681 ) ) ;
#3657 = CARTESIAN_POINT ( 'NONE',  ( -1.508070505833403629, 9.486475252066716379, -12.71359145758604114 ) ) ;
#3658 = CARTESIAN_POINT ( 'NONE',  ( 14.05883757168013126, 2.838022946002006108, -6.025986191255835678 ) ) ;
#3659 = ORIENTED_EDGE ( 'NONE', *, *, #1354, .T. ) ;
#3660 = VERTEX_POINT ( 'NONE', #4866 ) ;
#3661 = CARTESIAN_POINT ( 'NONE',  ( 5.064152600292382900, -8.031111758777832677, -13.65353439024009141 ) ) ;
#3662 = CARTESIAN_POINT ( 'NONE',  ( 12.24999999999999822, -0.5945262751362817566, -8.600084112779200041 ) ) ;
#3663 = CARTESIAN_POINT ( 'NONE',  ( 4.230452814174851639, 7.310240594498978339, -13.65353439024022641 ) ) ;
#3664 = CARTESIAN_POINT ( 'NONE',  ( -4.232249401994084614, -7.309077265379534616, -13.65353439024021576 ) ) ;
#3665 = CARTESIAN_POINT ( 'NONE',  ( 1.347928836311746315, 4.336808689942017736E-16, -23.48981541844717924 ) ) ;
#3666 = ORIENTED_EDGE ( 'NONE', *, *, #5415, .T. ) ;
#3667 = ORIENTED_EDGE ( 'NONE', *, *, #5336, .T. ) ;
#3668 = CARTESIAN_POINT ( 'NONE',  ( -11.94811078593523312, 8.199211937953343465, 0.5802316154708507812 ) ) ;
#3669 = CARTESIAN_POINT ( 'NONE',  ( -11.83935136545659361, -4.690157889055572404, -7.180558267449484333 ) ) ;
#3670 = CARTESIAN_POINT ( 'NONE',  ( -4.143924782723344080, -7.351342289473191904, -13.65353439024021043 ) ) ;
#3671 = CARTESIAN_POINT ( 'NONE',  ( 4.221642731321185060, -7.315602502985830924, -13.65353439024021931 ) ) ;
#3672 = ADVANCED_FACE ( 'NONE', ( #2732 ), #5242, .F. ) ;
#3673 = CARTESIAN_POINT ( 'NONE',  ( 5.056631844582018864, 8.758343269986552215, -12.75869244000834435 ) ) ;
#3674 = CARTESIAN_POINT ( 'NONE',  ( -12.24999999999999112, -7.105440750589642640, 1.065114354592678447 ) ) ;
#3675 = LINE ( 'NONE', #2798, #4149 ) ;
#3676 = CARTESIAN_POINT ( 'NONE',  ( -12.19448369697795620, -7.066812633839007596, 3.202713146725295168 ) ) ;
#3677 = CARTESIAN_POINT ( 'NONE',  ( 10.73077460073713496, -0.2153705134648565556, -11.79329091686207143 ) ) ;
#3678 = CARTESIAN_POINT ( 'NONE',  ( 9.467273868685301963, 1.317929156301153926, -12.93904795776632355 ) ) ;
#3679 = CARTESIAN_POINT ( 'NONE',  ( 11.88610364402060071, 5.685459304568349914, 6.621779914591156668 ) ) ;
#3680 = CYLINDRICAL_SURFACE ( 'NONE', #23, 1.999999999999970468 ) ;
#3681 = CARTESIAN_POINT ( 'NONE',  ( 3.004240165044091970, 8.739266447399517190, -13.65353439024113946 ) ) ;
#3682 = B_SPLINE_CURVE_WITH_KNOTS ( 'NONE', 3,
 ( #3820, #814, #1126, #2858, #356, #4673, #783, #4243, #2089, #1666, #5136, #2968, #1252, #4714 ),
 .UNSPECIFIED., .F., .F.,
 ( 4, 2, 2, 2, 2, 2, 4 ),
 ( 0.000000000000000000, 8.278064014304989989E-05, 0.0001655612802860997998, 0.0003311225605721994912, 0.0006622451211443963802, 0.001324490242288787990, 0.002648980484577574245 ),
 .UNSPECIFIED. ) ;
#3683 = CARTESIAN_POINT ( 'NONE',  ( 4.985951062336716255, 5.775936069260088956, -16.56226468677081343 ) ) ;
#3684 = ORIENTED_EDGE ( 'NONE', *, *, #5063, .T. ) ;
#3685 = ORIENTED_EDGE ( 'NONE', *, *, #5139, .T. ) ;
#3686 = CARTESIAN_POINT ( 'NONE',  ( 5.025118642340543396, -8.062853933140255336, -13.65353439024021576 ) ) ;
#3687 = CARTESIAN_POINT ( 'NONE',  ( 12.25000000000013678, -0.8388611437421436001, -9.142209060239594010 ) ) ;
#3688 = FACE_OUTER_BOUND ( 'NONE', #3226, .T. ) ;
#3689 = CARTESIAN_POINT ( 'NONE',  ( -5.236261856875831455, -8.643723741152783191, -12.75550183986785768 ) ) ;
#3690 = CARTESIAN_POINT ( 'NONE',  ( -11.81141950732379087, 3.075556369781425659, 8.747931222604600876 ) ) ;
#3691 = CARTESIAN_POINT ( 'NONE',  ( 1.040834085586080155E-14, -1.802777518484593756E-14, -24.76024934587180582 ) ) ;
#3692 = ORIENTED_EDGE ( 'NONE', *, *, #807, .F. ) ;
#3693 = CARTESIAN_POINT ( 'NONE',  ( -12.24999999999999467, 6.813742649858617106, -1.916261300691629588 ) ) ;
#3694 = CARTESIAN_POINT ( 'NONE',  ( -9.492994346014860696, 1.957184912736465332, -12.92512556186895445 ) ) ;
#3695 = LINE ( 'NONE', #1941, #3240 ) ;
#3696 = B_SPLINE_CURVE_WITH_KNOTS ( 'NONE', 3,
 ( #585, #163, #3594, #1044 ),
 .UNSPECIFIED., .F., .F.,
 ( 4, 4 ),
 ( 0.000000000000000000, 0.0006887767994380100331 ),
 .UNSPECIFIED. ) ;
#3697 = CARTESIAN_POINT ( 'NONE',  ( 3.200000000000004174, -3.285605871496994013, 14.52540759776163526 ) ) ;
#3698 = EDGE_CURVE ( 'NONE', #152, #1457, #619, .T. ) ;
#3699 = ORIENTED_EDGE ( 'NONE', *, *, #4962, .T. ) ;
#3700 = CARTESIAN_POINT ( 'NONE',  ( 11.54780169410816271, 8.571340072644201058, -1.795460510873363003 ) ) ;
#3701 = CARTESIAN_POINT ( 'NONE',  ( -12.24999999999998401, -3.811899656979644835, -6.336112620459766198 ) ) ;
#3702 = CARTESIAN_POINT ( 'NONE',  ( -5.062210573323612017, 8.755119446366009583, -12.75869628436178616 ) ) ;
#3703 = CARTESIAN_POINT ( 'NONE',  ( -4.485600581291639521, -7.096242896904493058, -13.65353439024021043 ) ) ;
#3704 = CARTESIAN_POINT ( 'NONE',  ( -12.15828877735612501, -7.722513659784390860, 0.7468987367608842520 ) ) ;
#3705 = ADVANCED_FACE ( 'NONE', ( #4841 ), #1327, .F. ) ;
#3706 = CARTESIAN_POINT ( 'NONE',  ( 10.74362848909474444, -0.02240455683397455863, -11.79027092705014823 ) ) ;
#3707 = CARTESIAN_POINT ( 'NONE',  ( -8.249999999999998224, 3.000000000000024425, 4.296152422706620122 ) ) ;
#3708 = CARTESIAN_POINT ( 'NONE',  ( 12.24999999999997691, 2.676149990333488216, -7.281509596595514111 ) ) ;
#3709 = CARTESIAN_POINT ( 'NONE',  ( -2.483867302333203408, 7.692555284128827608, -13.65353439024021220 ) ) ;
#3710 = CARTESIAN_POINT ( 'NONE',  ( 10.42027948653777081, 11.07228721420812256, 4.294159011543782434 ) ) ;
#3711 = CARTESIAN_POINT ( 'NONE',  ( 7.070393896041116122, -5.432281094608359541E-16, -24.76024934587180937 ) ) ;
#3712 = EDGE_LOOP ( 'NONE', ( #1849, #4226, #4426, #390 ) ) ;
#3713 = EDGE_LOOP ( 'NONE', ( #3979, #563, #2991 ) ) ;
#3714 = CARTESIAN_POINT ( 'NONE',  ( -4.512363135872286435, -8.365727091343179822, -13.65353439024004700 ) ) ;
#3715 = CARTESIAN_POINT ( 'NONE',  ( 5.450154555716920868, -8.480177955383634725, -12.74849422147981315 ) ) ;
#3716 = CARTESIAN_POINT ( 'NONE',  ( 12.24999999999996803, -0.09666981305827458681, -9.321158607566410126 ) ) ;
#3717 = CARTESIAN_POINT ( 'NONE',  ( 4.232249401994081950, 7.309077265379519517, -13.65353439024022109 ) ) ;
#3718 = CARTESIAN_POINT ( 'NONE',  ( -4.223402848993621284, -7.314612600284839061, -13.65353439024022109 ) ) ;
#3719 = CARTESIAN_POINT ( 'NONE',  ( -6.249999999999997335, 7.153077274473686131, -7.029896828205895787 ) ) ;
#3720 = CARTESIAN_POINT ( 'NONE',  ( 7.743981870925445586E-15, 4.648177544792775881E-16, -24.76024934587180226 ) ) ;
#3721 = VERTEX_POINT ( 'NONE', #3499 ) ;
#3722 = CARTESIAN_POINT ( 'NONE',  ( -11.85782882364948776, 5.240700700275205293, 7.139092902859288436 ) ) ;
#3723 = CARTESIAN_POINT ( 'NONE',  ( -9.231333203596246761, 2.265532021347668845, -13.10976562223679132 ) ) ;
#3724 = AXIS2_PLACEMENT_3D ( 'NONE', #1847, #511, #2298 ) ;
#3725 = AXIS2_PLACEMENT_3D ( 'NONE', #1430, #3002, #4737 ) ;
#3726 = PRODUCT ( '头部连接件迭代', '头部连接件迭代', '', ( #3565 ) ) ;
#3727 = CARTESIAN_POINT ( 'NONE',  ( 9.700000000000001066, -15.04274960149093410, 2.999999999999999556 ) ) ;
#3728 = CARTESIAN_POINT ( 'NONE',  ( 11.87003213217600894, 5.700036720631670661, 6.638680696000572645 ) ) ;
#3729 = ORIENTED_EDGE ( 'NONE', *, *, #1963, .T. ) ;
#3730 = AXIS2_PLACEMENT_3D ( 'NONE', #1366, #2673, #3460 ) ;
#3731 = CARTESIAN_POINT ( 'NONE',  ( -2.140199490719807418, 6.943201335222132897, -9.124228910986406760 ) ) ;
#3732 = EDGE_CURVE ( 'NONE', #97, #1709, #5266, .T. ) ;
#3733 = CARTESIAN_POINT ( 'NONE',  ( -12.24999999999999822, -6.662999182544091070, -2.367414758513074702 ) ) ;
#3734 = CARTESIAN_POINT ( 'NONE',  ( -4.223315953933102662, 7.314663046164588067, -13.65353439024022109 ) ) ;
#3735 = CARTESIAN_POINT ( 'NONE',  ( -7.588199070894130038, -2.389626610861927514, -13.65353439024020865 ) ) ;
#3736 = CARTESIAN_POINT ( 'NONE',  ( -10.74999999999999645, 3.000000000000024425, 4.296152422706620122 ) ) ;
#3737 = PLANE ( 'NONE',  #1169 ) ;
#3738 = CARTESIAN_POINT ( 'NONE',  ( -6.249999999999996447, -5.227723404215887548, -0.4621567478725170930 ) ) ;
#3739 = CARTESIAN_POINT ( 'NONE',  ( 9.355492701130454947, -2.589388974355976814, -12.71828949103743867 ) ) ;
#3740 = CARTESIAN_POINT ( 'NONE',  ( 4.062264598954867800, 7.381817494561633275, -13.65353439024021220 ) ) ;
#3741 = LINE ( 'NONE', #2135, #1094 ) ;
#3742 = ORIENTED_EDGE ( 'NONE', *, *, #386, .T. ) ;
#3743 = ORIENTED_EDGE ( 'NONE', *, *, #2086, .F. ) ;
#3744 = CARTESIAN_POINT ( 'NONE',  ( -4.545358435860113566, -8.351915642037045728, -13.65353439024019622 ) ) ;
#3745 = CARTESIAN_POINT ( 'NONE',  ( 8.849132349123179253, -3.656098029014163586, -12.71358367307770543 ) ) ;
#3746 = ADVANCED_FACE ( 'NONE', ( #925 ), #974, .F. ) ;
#3747 = CARTESIAN_POINT ( 'NONE',  ( -6.848798961673635333, 2.766401409183254945, -6.073219393536946953 ) ) ;
#3748 = CARTESIAN_POINT ( 'NONE',  ( 6.299722712807239056, 7.616045258245049077, -12.72599340131399082 ) ) ;
#3749 = CARTESIAN_POINT ( 'NONE',  ( -10.13934089725285759, 4.602003572539711485, -8.945582864105121601 ) ) ;
#3750 = CARTESIAN_POINT ( 'NONE',  ( 7.594427239101725569, -2.231787168327705739, 13.40799355303541596 ) ) ;
#3751 = CARTESIAN_POINT ( 'NONE',  ( 10.76052236877131030, 0.000000000000000000, 11.03005007641328028 ) ) ;
#3752 = VERTEX_POINT ( 'NONE', #1826 ) ;
#3753 = CARTESIAN_POINT ( 'NONE',  ( -12.24999999999999289, 0.1271768535516667187, 8.380125165979656288 ) ) ;
#3754 = CARTESIAN_POINT ( 'NONE',  ( -6.019793203775599011, 7.937472747333048417, -12.73156924143822266 ) ) ;
#3755 = AXIS2_PLACEMENT_3D ( 'NONE', #5611, #4291, #4719 ) ;
#3756 = B_SPLINE_CURVE_WITH_KNOTS ( 'NONE', 3,
 ( #3984, #3082, #1385, #956, #3505, #525, #2741, #4820, #104, #4362, #3161, #3533 ),
 .UNSPECIFIED., .F., .F.,
 ( 4, 2, 2, 2, 2, 4 ),
 ( 0.01976469760528067054, 0.02086290016469614580, 0.02196110272411162107, 0.02305930528352709633, 0.02360840656323483222, 0.02415750784294257159 ),
 .UNSPECIFIED. ) ;
#3757 = CARTESIAN_POINT ( 'NONE',  ( 4.182925030142623513, -7.334419472343904012, -13.65353439024020510 ) ) ;
#3758 = ORIENTED_EDGE ( 'NONE', *, *, #375, .F. ) ;
#3759 = CARTESIAN_POINT ( 'NONE',  ( -0.8539548243782839609, 7.054703703707096984, -8.932960192353272433 ) ) ;
#3760 = CARTESIAN_POINT ( 'NONE',  ( -12.24999999999979394, -6.013206487435676095, -3.720808692789585592 ) ) ;
#3761 = FACE_OUTER_BOUND ( 'NONE', #1449, .T. ) ;
#3762 = CARTESIAN_POINT ( 'NONE',  ( -5.320637063237747100, -8.582599148530061228, -12.75287962906502415 ) ) ;
#3763 = CARTESIAN_POINT ( 'NONE',  ( 10.34168556614866574, -0.05401842367227030484, -12.24734648669193326 ) ) ;
#3764 = DIRECTION ( 'NONE',  ( 1.000000000000000000, 0.000000000000000000, -1.095185450775958527E-16 ) ) ;
#3765 = CARTESIAN_POINT ( 'NONE',  ( -9.948309877795805889, 1.818151877552204532, -12.32421620663539841 ) ) ;
#3766 = CARTESIAN_POINT ( 'NONE',  ( -6.249999999999997335, 0.000000000000000000, -8.750000000000001776 ) ) ;
#3767 = CARTESIAN_POINT ( 'NONE',  ( -11.96586314326179235, 0.2296034927106822554, -9.788178653971430165 ) ) ;
#3768 = CARTESIAN_POINT ( 'NONE',  ( -11.80114255037124060, -2.238700033768881603, 9.144135836601265055 ) ) ;
#3769 = CARTESIAN_POINT ( 'NONE',  ( -33.66464024781362951, 5.439786974697150335, 8.390990267537869585 ) ) ;
#3770 = CARTESIAN_POINT ( 'NONE',  ( -3.574571240571087660, 10.28148099658516124, -12.01109144709618270 ) ) ;
#3771 = EDGE_CURVE ( 'NONE', #1457, #2573, #1872, .T. ) ;
#3772 = ORIENTED_EDGE ( 'NONE', *, *, #4402, .T. ) ;
#3773 = ORIENTED_EDGE ( 'NONE', *, *, #3404, .T. ) ;
#3774 = CARTESIAN_POINT ( 'NONE',  ( -4.220164381167613499, -7.316401494709047881, -13.65353439024021576 ) ) ;
#3775 = CARTESIAN_POINT ( 'NONE',  ( -1.347928836311744760, 0.2558855395382829689, -23.48981541844717924 ) ) ;
#3776 = CARTESIAN_POINT ( 'NONE',  ( -12.25000000000000888, 3.935426120125327110, 6.676445255750650176 ) ) ;
#3777 = CARTESIAN_POINT ( 'NONE',  ( 5.164068558500283679, 6.331189278829965517, -13.65353439024021576 ) ) ;
#3778 = CARTESIAN_POINT ( 'NONE',  ( -5.821179283906736224, -5.854852858591756082, -13.63860825219874151 ) ) ;
#3779 = CARTESIAN_POINT ( 'NONE',  ( 7.110765538825416066, -8.239858266581245871, -12.01109144709619514 ) ) ;
#3780 = EDGE_CURVE ( 'NONE', #1821, #152, #1076, .T. ) ;
#3781 = CARTESIAN_POINT ( 'NONE',  ( 1.347928836311746315, 4.336808689942017736E-16, -23.48981541844717924 ) ) ;
#3782 = ORIENTED_EDGE ( 'NONE', *, *, #3732, .T. ) ;
#3783 = CARTESIAN_POINT ( 'NONE',  ( 6.608048967339235524, -11.44547655033466604, 7.923703456781644228 ) ) ;
#3784 = CARTESIAN_POINT ( 'NONE',  ( 11.57686578719145309, -8.749814474437565437, -0.3642063379015867408 ) ) ;
#3785 = CARTESIAN_POINT ( 'NONE',  ( -5.010428663604978183, -8.785018630715743626, -12.75869251609041477 ) ) ;
#3786 = CARTESIAN_POINT ( 'NONE',  ( 4.668365400807371834, -8.294225178915754171, -13.65353439024020865 ) ) ;
#3787 = ORIENTED_EDGE ( 'NONE', *, *, #2878, .F. ) ;
#3788 = B_SPLINE_CURVE_WITH_KNOTS ( 'NONE', 3,
 ( #332, #3797, #5117, #2130, #3425, #1582 ),
 .UNSPECIFIED., .F., .F.,
 ( 4, 2, 4 ),
 ( 0.003798424200134987473, 0.005186258657573355156, 0.006574093115011722839 ),
 .UNSPECIFIED. ) ;
#3789 = CARTESIAN_POINT ( 'NONE',  ( 4.139772290847631986, 12.12372698475853383, -8.814338527120410660 ) ) ;
#3790 = CARTESIAN_POINT ( 'NONE',  ( -11.97115298694016161, -0.04404676624884406450, -9.794801826735309191 ) ) ;
#3791 = DIRECTION ( 'NONE',  ( 0.9117863222994609940, -0.4106649515939041484, 8.673617379884036458E-16 ) ) ;
#3792 = FACE_OUTER_BOUND ( 'NONE', #1253, .T. ) ;
#3793 = CARTESIAN_POINT ( 'NONE',  ( -5.000000000000000888, -5.000201960299634152, -9.749999997787799799 ) ) ;
#3794 = AXIS2_PLACEMENT_3D ( 'NONE', #1707, #4315, #2068 ) ;
#3795 = CARTESIAN_POINT ( 'NONE',  ( -11.95791184960460285, 0.3970061497534795314, -9.765908876482994216 ) ) ;
#3796 = CARTESIAN_POINT ( 'NONE',  ( -7.811825646387159594, 1.894127441243148802, -13.65353439024021043 ) ) ;
#3797 = CARTESIAN_POINT ( 'NONE',  ( -6.758088829159680344, -3.939389095707788613, -13.65353439024020687 ) ) ;
#3798 = CARTESIAN_POINT ( 'NONE',  ( -11.79844576793174760, 8.128422390400734574E-14, 9.645951290324607186 ) ) ;
#3799 = CARTESIAN_POINT ( 'NONE',  ( 4.200000000000000178, 5.439786974697152111, 13.58355318891101682 ) ) ;
#3800 = CARTESIAN_POINT ( 'NONE',  ( 0.9713850533565862033, 7.050271960129279591, -7.281543186678952395 ) ) ;
#3801 = LINE ( 'NONE', #4594, #1825 ) ;
#3802 = VERTEX_POINT ( 'NONE', #3637 ) ;
#3803 = VERTEX_POINT ( 'NONE', #1504 ) ;
#3804 = CARTESIAN_POINT ( 'NONE',  ( -4.749046766533740360, -8.250827789218700303, -13.65353439024022464 ) ) ;
#3805 = CARTESIAN_POINT ( 'NONE',  ( -5.380261184385573436, 9.318885729346717994, 11.03005007641327317 ) ) ;
#3806 = CARTESIAN_POINT ( 'NONE',  ( -0.9745403234466241127, 8.049871054814540017, -5.932925325810102457 ) ) ;
#3807 = ADVANCED_FACE ( 'NONE', ( #3688 ), #3888, .T. ) ;
#3808 = CARTESIAN_POINT ( 'NONE',  ( 8.292787512379396375, 4.678653259409189857, -12.71230267690846993 ) ) ;
#3809 = CARTESIAN_POINT ( 'NONE',  ( -10.66855354480172657, -0.5066387920768440356, -11.82555042532196765 ) ) ;
#3810 = CARTESIAN_POINT ( 'NONE',  ( 1.308978015128887007, -1.084202172485504434E-16, 15.23975065412816754 ) ) ;
#3811 = CARTESIAN_POINT ( 'NONE',  ( 7.594427239101724680, -2.168404344971008868E-15, 13.40799355303541596 ) ) ;
#3812 = VERTEX_POINT ( 'NONE', #376 ) ;
#3813 = CARTESIAN_POINT ( 'NONE',  ( 0.4523610404546379304, -1.295283384508706614, -23.48981541844717924 ) ) ;
#3814 = CARTESIAN_POINT ( 'NONE',  ( 11.51956222797119089, -7.872183017012788220, -3.836716384116970691 ) ) ;
#3815 = EDGE_CURVE ( 'NONE', #5230, #2308, #2109, .T. ) ;
#3816 = CARTESIAN_POINT ( 'NONE',  ( 0.8561835557511079386, -9.515055855216806080, -12.71254964589653902 ) ) ;
#3817 = CIRCLE ( 'NONE', #4073, 4.000000000000000000 ) ;
#3818 = CARTESIAN_POINT ( 'NONE',  ( 0.7353534504247575265, -8.927839781666380148, -13.65353439024022109 ) ) ;
#3819 = ORIENTED_EDGE ( 'NONE', *, *, #1108, .F. ) ;
#3820 = CARTESIAN_POINT ( 'NONE',  ( -10.34961971017871818, 4.945898169634340189E-16, -12.24063838753781219 ) ) ;
#3821 = CARTESIAN_POINT ( 'NONE',  ( 4.665827964595385847E-16, -8.081451094055063559E-16, 15.23975065412816754 ) ) ;
#3822 = ADVANCED_FACE ( 'NONE', ( #3347 ), #5100, .T. ) ;
#3823 = CARTESIAN_POINT ( 'NONE',  ( 4.321721685362521548, 7.242458133182121394, -13.65353439024022109 ) ) ;
#3824 = B_SPLINE_CURVE_WITH_KNOTS ( 'NONE', 3,
 ( #3975, #923, #3552, #949, #5320, #4354, #2684, #5241, #541, #4407, #973, #4001 ),
 .UNSPECIFIED., .F., .F.,
 ( 4, 2, 2, 2, 2, 4 ),
 ( 0.02107877206822176067, 0.02263637837477329787, 0.02341518152804906994, 0.02380458310468695077, 0.02399928389300589465, 0.02419398468132483507 ),
 .UNSPECIFIED. ) ;
#3825 = CARTESIAN_POINT ( 'NONE',  ( -5.094797312977706660, 8.735817865986042818, -12.75849413028928936 ) ) ;
#3826 = CARTESIAN_POINT ( 'NONE',  ( -6.030157998753972848, -7.011422054016526850, -13.65353439023926541 ) ) ;
#3827 = CARTESIAN_POINT ( 'NONE',  ( 9.200063338217146836, -1.607223113244791168, -13.13072705146053920 ) ) ;
#3828 = CARTESIAN_POINT ( 'NONE',  ( -12.25000000000000178, 1.797640761104737805, -7.919024823477878172 ) ) ;
#3829 = CARTESIAN_POINT ( 'NONE',  ( 12.25000000000000000, -0.1751233594876829835, -8.748247356411559039 ) ) ;
#3830 = CARTESIAN_POINT ( 'NONE',  ( -4.996124101430189590, -6.335548272093890709, -7.736977968946800566 ) ) ;
#3831 = CYLINDRICAL_SURFACE ( 'NONE', #188, 1.999999999999974021 ) ;
#3832 = DIRECTION ( 'NONE',  ( -0.000000000000000000, -0.000000000000000000, 1.000000000000000000 ) ) ;
#3833 = CARTESIAN_POINT ( 'NONE',  ( -4.996124101430190478, 6.335548272093885380, -10.06286195985389220 ) ) ;
#3834 = CARTESIAN_POINT ( 'NONE',  ( 1.970356796653744746, 3.412758080842852593, -20.83958864581944326 ) ) ;
#3835 = ORIENTED_EDGE ( 'NONE', *, *, #5070, .F. ) ;
#3836 = CARTESIAN_POINT ( 'NONE',  ( -4.123509733138919664, -7.358961081510124735, -13.65353439024022286 ) ) ;
#3837 = CARTESIAN_POINT ( 'NONE',  ( -10.42719820300455602, 11.06829269139364946, 4.294159011543763782 ) ) ;
#3838 = CARTESIAN_POINT ( 'NONE',  ( 4.999999999999999112, -5.000201960299634152, -11.74999999778779980 ) ) ;
#3839 = CARTESIAN_POINT ( 'NONE',  ( 5.423451749199822203, 7.702877634986231570, -13.65353439024033477 ) ) ;
#3840 = CARTESIAN_POINT ( 'NONE',  ( -10.57930539492129007, -0.06136368636308973945, -12.04647707730918427 ) ) ;
#3841 = CARTESIAN_POINT ( 'NONE',  ( 6.520607978663559123, 4.333230450545547896, -13.65353439024021576 ) ) ;
#3842 = CARTESIAN_POINT ( 'NONE',  ( -14.05883757168013126, -2.838022946002006108, -6.025986191255835678 ) ) ;
#3843 = VERTEX_POINT ( 'NONE', #5359 ) ;
#3844 = CARTESIAN_POINT ( 'NONE',  ( 6.284670851385764756, -10.88536922344735558, -8.814338527120403555 ) ) ;
#3845 = CARTESIAN_POINT ( 'NONE',  ( 11.58557575738971934, -5.952109765953148113, -6.423611597816412555 ) ) ;
#3846 = PLANE ( 'NONE',  #3334 ) ;
#3847 = CARTESIAN_POINT ( 'NONE',  ( -0.7522825174539804483, -8.919299103437905885, -13.65353439024114124 ) ) ;
#3848 = EDGE_LOOP ( 'NONE', ( #5396, #4626, #67, #1400, #1660, #72, #68 ) ) ;
#3849 = CARTESIAN_POINT ( 'NONE',  ( 10.58069684057509185, 2.158734783617872900E-15, -12.04525965420666545 ) ) ;
#3850 = ORIENTED_EDGE ( 'NONE', *, *, #4715, .T. ) ;
#3851 = CIRCLE ( 'NONE', #1578, 2.000000000000000000 ) ;
#3852 = DIRECTION ( 'NONE',  ( -1.000000000000000000, -0.000000000000000000, -0.000000000000000000 ) ) ;
#3853 = CARTESIAN_POINT ( 'NONE',  ( -11.85219232521992261, -3.750502022024802429, -7.957342091272535889 ) ) ;
#3854 = CARTESIAN_POINT ( 'NONE',  ( -4.249637807719488514, 7.299466895826799195, -13.65353439024021931 ) ) ;
#3855 = CARTESIAN_POINT ( 'NONE',  ( 9.700000000000004619, -10.72125044676549876, -3.274891475119257045 ) ) ;
#3856 = ADVANCED_FACE ( 'NONE', ( #1465 ), #4933, .F. ) ;
#3857 = CARTESIAN_POINT ( 'NONE',  ( -11.89135824633571836, 6.385818519003334970, -5.252970058038241241 ) ) ;
#3858 = FACE_BOUND ( 'NONE', #3172, .T. ) ;
#3859 = CARTESIAN_POINT ( 'NONE',  ( 10.28104244438774373, 3.145313323422915607E-15, -11.74999999778779980 ) ) ;
#3860 = CARTESIAN_POINT ( 'NONE',  ( -11.94569458035405951, -8.083959178922865974, -1.051243332014883070 ) ) ;
#3861 =( NAMED_UNIT ( * ) SI_UNIT ( $, .STERADIAN. ) SOLID_ANGLE_UNIT ( ) );
#3862 = FACE_OUTER_BOUND ( 'NONE', #1556, .T. ) ;
#3863 = DIRECTION ( 'NONE',  ( -1.000000000000000000, 0.000000000000000000, -0.000000000000000000 ) ) ;
#3864 = ORIENTED_EDGE ( 'NONE', *, *, #3088, .T. ) ;
#3865 = DIRECTION ( 'NONE',  ( -0.000000000000000000, -0.000000000000000000, 1.000000000000000000 ) ) ;
#3866 = CARTESIAN_POINT ( 'NONE',  ( -7.029418785839952832, 12.17531048475418842, -6.025986191255835678 ) ) ;
#3867 = CARTESIAN_POINT ( 'NONE',  ( 7.811825646387182687, 1.892881048234976271, -11.65353439024021931 ) ) ;
#3868 = CARTESIAN_POINT ( 'NONE',  ( 10.74335442119271100, 0.03521763794947826987, -11.79022114699728618 ) ) ;
#3869 = CARTESIAN_POINT ( 'NONE',  ( -9.492691869084556089, -1.956000727938616901, -12.92533831447039994 ) ) ;
#3870 = CARTESIAN_POINT ( 'NONE',  ( -9.331655929190921578E-16, 4.814824860968089633E-32, 15.23975065412816754 ) ) ;
#3871 = CARTESIAN_POINT ( 'NONE',  ( -3.469446951953614189E-15, -6.938893903907228378E-15, -24.76024934587180226 ) ) ;
#3872 = ORIENTED_EDGE ( 'NONE', *, *, #2582, .F. ) ;
#3873 = CARTESIAN_POINT ( 'NONE',  ( -12.24999999999999112, 0.9978269301778777134, 8.236550792717173053 ) ) ;
#3874 = CARTESIAN_POINT ( 'NONE',  ( 11.56920424426025384, -8.727076253098140057, -0.7284403716890003322 ) ) ;
#3875 = DIRECTION ( 'NONE',  ( 0.000000000000000000, -1.000000000000000000, 0.000000000000000000 ) ) ;
#3876 = CARTESIAN_POINT ( 'NONE',  ( 4.861467631612137907, -8.859577338473448194, -12.75535988144556754 ) ) ;
#3877 = ORIENTED_EDGE ( 'NONE', *, *, #807, .T. ) ;
#3878 = ORIENTED_EDGE ( 'NONE', *, *, #201, .F. ) ;
#3879 = CARTESIAN_POINT ( 'NONE',  ( 12.24999999999999822, 0.03884383899554178649, -8.773931817121310317 ) ) ;
#3880 = CARTESIAN_POINT ( 'NONE',  ( -7.496646891116750311, 12.98457330181776470, -3.557211016089472988 ) ) ;
#3881 = CARTESIAN_POINT ( 'NONE',  ( -12.24999999999998934, -0.03150231083698681184, -8.774616478824182053 ) ) ;
#3882 = EDGE_CURVE ( 'NONE', #5135, #3752, #450, .T. ) ;
#3883 = CARTESIAN_POINT ( 'NONE',  ( 10.28104244438774373, 3.145313323422915607E-15, -13.65353439024021576 ) ) ;
#3884 = CARTESIAN_POINT ( 'NONE',  ( 9.968237498453532908, -0.7120706354511674441, -12.55401073685482771 ) ) ;
#3885 = CARTESIAN_POINT ( 'NONE',  ( -4.273653501818481359, -7.280232506134059811, -13.65353439024022286 ) ) ;
#3886 = ADVANCED_FACE ( 'NONE', ( #726 ), #326, .T. ) ;
#3887 = CARTESIAN_POINT ( 'NONE',  ( -11.84864426062913623, -3.992081840476536136, -7.764739766001192756 ) ) ;
#3888 =( BOUNDED_SURFACE ( )  B_SPLINE_SURFACE ( 3, 2, ( 
 ( #4169, #4110, #5375 ),
 ( #2330, #1028, #4513 ),
 ( #2414, #2384, #5400 ),
 ( #1531, #2784, #4570 ),
 ( #2872, #199, #3287 ),
 ( #224, #1563, #1140 ),
 ( #1933, #4138, #1958 ),
 ( #1986, #4600, #4973 ),
 ( #2759, #3229, #1054 ),
 ( #3606, #1880, #5425 ),
 ( #2841, #4487, #5006 ),
 ( #1110, #253, #3663 ),
 ( #1081, #5348, #3717 ),
 ( #1452, #4054, #3177 ),
 ( #5455, #4919, #2812 ),
 ( #1479, #176, #3201 ),
 ( #1907, #4946, #2356 ),
 ( #626, #655, #1167 ),
 ( #2076, #2597, #2475 ),
 ( #1656, #1201, #313 ),
 ( #2047, #5064, #2900 ),
 ( #2535, #282, #3379 ),
 ( #4720, #5126, #3437 ),
 ( #5612, #3839, #744 ),
 ( #2019, #1231, #2958 ),
 ( #3748, #2506, #4630 ),
 ( #4752, #4200, #3777 ),
 ( #4232, #1592, #5154 ),
 ( #1713, #4662, #5487 ),
 ( #5580, #344, #773 ),
 ( #3808, #2140, #4263 ),
 ( #5182, #5548, #1687 ),
 ( #4692, #2929, #1289 ),
 ( #3316, #802, #3017 ) ),
 .UNSPECIFIED., .F., .F., .F. ) 
 B_SPLINE_SURFACE_WITH_KNOTS ( ( 4, 2, 2, 2, 2, 2, 2, 2, 2, 2, 2, 2, 2, 2, 2, 2, 4 ),
 ( 3, 3 ),
 ( -4.336808689942017736E-19, 4.013138615976889087E-07, 8.026277231958114983E-07, 1.605255446392056677E-06, 3.210510892784547036E-06, 6.421021785569527752E-06, 1.284204357113948919E-05, 2.568408714227941205E-05, 5.136817428455925778E-05, 0.0001027363485691189492, 0.0002054726971382383322, 0.0004109453942764770980, 0.0008218907885529546297, 0.001643781577105909693, 0.003287563154211819820, 0.004931344731317729296, 0.006575126308423639640 ),
 ( 0.000000000000000000, 1.000000000000000000 ),
 .UNSPECIFIED. ) 
 GEOMETRIC_REPRESENTATION_ITEM ( )  RATIONAL_B_SPLINE_SURFACE ( (
 ( 1.000000000000000000, 0.8810729325328479078, 1.000000000000000000),
 ( 1.000000000000000000, 0.8810720332967328927, 1.000000000000000000),
 ( 1.000000000000000000, 0.8810704662819801580, 1.000000000000000000),
 ( 1.000000000000000000, 0.8810673179858270476, 1.000000000000000000),
 ( 1.000000000000000000, 0.8810657968339952184, 1.000000000000000000),
 ( 1.000000000000000000, 0.8810609984020986163, 1.000000000000000000),
 ( 1.000000000000000000, 0.8810578000477958804, 1.000000000000000000),
 ( 1.000000000000000000, 0.8810482008926447950, 1.000000000000000000),
 ( 1.000000000000000000, 0.8810417524485411045, 1.000000000000000000),
 ( 1.000000000000000000, 0.8810226237027445340, 1.000000000000000000),
 ( 1.000000000000000000, 0.8810100284892211642, 1.000000000000000000),
 ( 1.000000000000000000, 0.8809727731621584956, 1.000000000000000000),
 ( 1.000000000000000000, 0.8809486121789170676, 1.000000000000000000),
 ( 1.000000000000000000, 0.8808777205564506385, 1.000000000000000000),
 ( 1.000000000000000000, 0.8808325572658128877, 1.000000000000000000),
 ( 1.000000000000000000, 0.8807015336707673114, 1.000000000000000000),
 ( 1.000000000000000000, 0.8806201549320684663, 1.000000000000000000),
 ( 1.000000000000000000, 0.8803875691431163331, 1.000000000000000000),
 ( 1.000000000000000000, 0.8802478749498968691, 1.000000000000000000),
 ( 1.000000000000000000, 0.8798564526375622918, 1.000000000000000000),
 ( 1.000000000000000000, 0.8796327476658547528, 1.000000000000000000),
 ( 1.000000000000000000, 0.8790236509309963253, 1.000000000000000000),
 ( 1.000000000000000000, 0.8786997715859102831, 1.000000000000000000),
 ( 1.000000000000000000, 0.8778474047539738256, 1.000000000000000000),
 ( 1.000000000000000000, 0.8774407933689559735, 1.000000000000000000),
 ( 1.000000000000000000, 0.8764218250199351523, 1.000000000000000000),
 ( 1.000000000000000000, 0.8760138900330290967, 1.000000000000000000),
 ( 1.000000000000000000, 0.8750547407290638624, 1.000000000000000000),
 ( 1.000000000000000000, 0.8747922218401226191, 1.000000000000000000),
 ( 1.000000000000000000, 0.8744866842810711249, 1.000000000000000000),
 ( 1.000000000000000000, 0.8744667410306118382, 1.000000000000000000),
 ( 1.000000000000000000, 0.8746612076011993642, 1.000000000000000000),
 ( 1.000000000000000000, 0.8748741153645831492, 1.000000000000000000),
 ( 1.000000000000000000, 0.8753394347363017136, 1.000000000000000000) ) ) 
 REPRESENTATION_ITEM ( '' )  SURFACE ( )  );
#3889 = FILL_AREA_STYLE ('',( #1783 ) ) ;
#3890 = CARTESIAN_POINT ( 'NONE',  ( 2.762891050108206681, 7.937083131352999033, -6.083606210436100170 ) ) ;
#3891 = CARTESIAN_POINT ( 'NONE',  ( 4.753630870289741850, 8.248208981052469468, -13.65353439024022464 ) ) ;
#3892 = ORIENTED_EDGE ( 'NONE', *, *, #4648, .T. ) ;
#3893 = CARTESIAN_POINT ( 'NONE',  ( 6.185646564789326618, 5.439786974697152111, 12.71702408671411888 ) ) ;
#3894 = CARTESIAN_POINT ( 'NONE',  ( -10.69130935185524400, 2.045070996320736523, -12.01109144709618270 ) ) ;
#3895 = CARTESIAN_POINT ( 'NONE',  ( -5.045649886053808153, 8.764678646521495864, -12.75869904978852709 ) ) ;
#3896 = CARTESIAN_POINT ( 'NONE',  ( 9.867540009999544282, 1.940324593745843762, -12.38080177507472257 ) ) ;
#3897 = CARTESIAN_POINT ( 'NONE',  ( -5.480168048434487460, -6.122365244445329147, -13.65004700420706207 ) ) ;
#3898 = CARTESIAN_POINT ( 'NONE',  ( 3.200000000001050893, 6.307596191344152597E-16, 14.90003172573260670 ) ) ;
#3899 = DIRECTION ( 'NONE',  ( 0.000000000000000000, 5.951248406172003341E-14, 1.000000000000000000 ) ) ;
#3900 = ORIENTED_EDGE ( 'NONE', *, *, #763, .T. ) ;
#3901 = CARTESIAN_POINT ( 'NONE',  ( 2.838663973536101448, -10.78627756320224584, 11.03005007641328028 ) ) ;
#3902 = CARTESIAN_POINT ( 'NONE',  ( -10.74363161773558240, 7.298922539659575026E-14, -11.79026603071385004 ) ) ;
#3903 = DIRECTION ( 'NONE',  ( 0.000000000000000000, 1.000000000000000000, 9.997578540140217765E-17 ) ) ;
#3904 = CARTESIAN_POINT ( 'NONE',  ( -4.240349440076167653, -9.082252612340406372, -12.73909390619608573 ) ) ;
#3905 = ORIENTED_EDGE ( 'NONE', *, *, #5139, .F. ) ;
#3906 = ORIENTED_EDGE ( 'NONE', *, *, #2386, .F. ) ;
#3907 = CARTESIAN_POINT ( 'NONE',  ( 12.24999999999999112, 0.07734931887155313546, -8.768952889170497755 ) ) ;
#3908 = CARTESIAN_POINT ( 'NONE',  ( -11.95785781039131734, -0.3970916399480208248, -9.765892345024779431 ) ) ;
#3909 = LINE ( 'NONE', #3394, #3005 ) ;
#3910 = CARTESIAN_POINT ( 'NONE',  ( -5.973270786890233275, -5.712064959680071219, -8.211461054308459850 ) ) ;
#3911 = EDGE_CURVE ( 'NONE', #5058, #898, #1946, .T. ) ;
#3912 = VECTOR ( 'NONE', #4711, 1000.000000000000000 ) ;
#3913 = AXIS2_PLACEMENT_3D ( 'NONE', #3883, #2611, #5402 ) ;
#3914 = CARTESIAN_POINT ( 'NONE',  ( -12.24999999999998224, 1.771861199129435294, 7.976189877606064016 ) ) ;
#3915 = CARTESIAN_POINT ( 'NONE',  ( 7.496646891117039857, 12.98457330181763147, -3.557211016089484978 ) ) ;
#3916 = CARTESIAN_POINT ( 'NONE',  ( -3.086272258368426544E-15, 10.28104244438736536, -8.749999997787799799 ) ) ;
#3917 = CARTESIAN_POINT ( 'NONE',  ( 2.144834338236062621, 6.942483446890891585, -9.125409315819977607 ) ) ;
#3918 = CARTESIAN_POINT ( 'NONE',  ( 4.223133952462270635, 7.314768574369491461, -13.65353439024022109 ) ) ;
#3919 = ORIENTED_EDGE ( 'NONE', *, *, #1447, .F. ) ;
#3920 = CARTESIAN_POINT ( 'NONE',  ( 8.000724361424692788, 5.439786974697159216, 11.53542461212139969 ) ) ;
#3921 = CARTESIAN_POINT ( 'NONE',  ( -12.56934170277157392, 8.673617379884035472E-14, -8.814338527120403555 ) ) ;
#3922 = CARTESIAN_POINT ( 'NONE',  ( -4.221949709192038824, 7.315433931913118748, -13.65353439024021043 ) ) ;
#3923 = CARTESIAN_POINT ( 'NONE',  ( 9.853756115992910125, 0.8550568116230252702, -12.64423649762851554 ) ) ;
#3924 = CARTESIAN_POINT ( 'NONE',  ( 11.93195125973137216, -0.9122484020865671006, -9.641072833489218397 ) ) ;
#3925 = CARTESIAN_POINT ( 'NONE',  ( -5.000000000000000000, -0.0002019602996345369605, -11.74999999778779980 ) ) ;
#3926 = CARTESIAN_POINT ( 'NONE',  ( -5.380261184385633833, -9.318885729346670033, 11.03005007641328028 ) ) ;
#3927 = VERTEX_POINT ( 'NONE', #3364 ) ;
#3928 = EDGE_CURVE ( 'NONE', #355, #3281, #668, .T. ) ;
#3929 = CARTESIAN_POINT ( 'NONE',  ( 0.2908213975872974144, -1.343571806612799735, 15.23975065412816932 ) ) ;
#3930 = CARTESIAN_POINT ( 'NONE',  ( 12.25000000000000000, -0.01971629706881426400, -8.775568642987954249 ) ) ;
#3931 = CARTESIAN_POINT ( 'NONE',  ( 5.010428663643464731, 8.785018630782232663, -12.75869251597444531 ) ) ;
#3932 = CARTESIAN_POINT ( 'NONE',  ( 4.999999999999999112, -5.000201960299634152, -11.74999999778779980 ) ) ;
#3933 = ORIENTED_EDGE ( 'NONE', *, *, #4143, .T. ) ;
#3934 = CARTESIAN_POINT ( 'NONE',  ( 11.97115299180359926, 0.05352550322647899039, -9.794801818517775871 ) ) ;
#3935 = CARTESIAN_POINT ( 'NONE',  ( -1.435047273359405740, -7.790235316889845052, -13.65353439024022109 ) ) ;
#3936 = CARTESIAN_POINT ( 'NONE',  ( -5.387102717822101816, 6.172544044075563008, -10.66122844555796689 ) ) ;
#3937 = CARTESIAN_POINT ( 'NONE',  ( -4.321721685362481580, -7.242458133182151592, -13.65353439024022286 ) ) ;
#3938 = CARTESIAN_POINT ( 'NONE',  ( 3.200000000001642420, 0.4294549291235019717, 14.90003172573235091 ) ) ;
#3939 = CARTESIAN_POINT ( 'NONE',  ( 5.735612576749751668, -9.934372395461670280, -10.68353278442186394 ) ) ;
#3940 = CARTESIAN_POINT ( 'NONE',  ( 4.223096769493254854, 7.314790218173879310, -13.65353439024022641 ) ) ;
#3941 = CARTESIAN_POINT ( 'NONE',  ( -11.97115296434011356, 8.190384643818178775E-14, -9.794801864921526047 ) ) ;
#3942 = CARTESIAN_POINT ( 'NONE',  ( 11.89938899976739073, 5.583365926733605988, 6.701647198904812974 ) ) ;
#3943 = CARTESIAN_POINT ( 'NONE',  ( -4.752855171561575887, 8.248643241570114526, -13.65353439024021753 ) ) ;
#3944 = CARTESIAN_POINT ( 'NONE',  ( 10.34875156352525671, 0.01305814148197771175, -12.24137237077886020 ) ) ;
#3945 = CARTESIAN_POINT ( 'NONE',  ( 6.056073625839378138, 5.581406544208094012, -12.38233290185722524 ) ) ;
#3946 = EDGE_CURVE ( 'NONE', #2663, #3927, #1624, .T. ) ;
#3947 = LINE ( 'NONE', #66, #5205 ) ;
#3948 = CARTESIAN_POINT ( 'NONE',  ( -7.921858395235165773, -7.851493895491098662, 11.03005007641328028 ) ) ;
#3949 = ORIENTED_EDGE ( 'NONE', *, *, #1397, .T. ) ;
#3950 = CARTESIAN_POINT ( 'NONE',  ( -10.47398591585023908, -0.9929539501030012483, -11.95367078731466925 ) ) ;
#3951 = CARTESIAN_POINT ( 'NONE',  ( -4.667553896898068544, 8.943286461732437687, -12.74989689689739691 ) ) ;
#3952 = CARTESIAN_POINT ( 'NONE',  ( -5.500000000000001776, -13.93000578687003177, 1.327130008444590725 ) ) ;
#3953 = ADVANCED_FACE ( 'NONE', ( #3761 ), #1123, .F. ) ;
#3954 = ORIENTED_EDGE ( 'NONE', *, *, #2324, .T. ) ;
#3955 = CARTESIAN_POINT ( 'NONE',  ( -12.24999999999567635, 3.410454711970826391, -7.547098959235358784 ) ) ;
#3956 = CARTESIAN_POINT ( 'NONE',  ( 12.24999999999995914, 0.3361800407992191486, -9.290298915667442259 ) ) ;
#3957 = CARTESIAN_POINT ( 'NONE',  ( -12.25000000000000000, -15.04274960149093410, -15.83954091745580151 ) ) ;
#3958 = CARTESIAN_POINT ( 'NONE',  ( -33.66464024781362951, -4.841229186757587399, -8.749999997787799799 ) ) ;
#3959 = CARTESIAN_POINT ( 'NONE',  ( -12.24999999999988454, -0.6132555921780308283, 9.046077894354537463 ) ) ;
#3960 = CARTESIAN_POINT ( 'NONE',  ( -11.83935136545659361, -4.690157889055572404, -7.180558267449484333 ) ) ;
#3961 = DIRECTION ( 'NONE',  ( -0.000000000000000000, -1.000000000000000000, -1.002010156928930384E-16 ) ) ;
#3962 = CARTESIAN_POINT ( 'NONE',  ( 4.221671652479692227, 7.315584028744519074, -13.65353439024021576 ) ) ;
#3963 = DIRECTION ( 'NONE',  ( -0.000000000000000000, 1.000000000000000000, -0.000000000000000000 ) ) ;
#3964 = CARTESIAN_POINT ( 'NONE',  ( 3.200000000000001510, -11.19433624152052609, 9.582972967485535065 ) ) ;
#3965 = CARTESIAN_POINT ( 'NONE',  ( 5.069073926592958301, -8.751106620680936032, -12.75867039186003460 ) ) ;
#3966 = CARTESIAN_POINT ( 'NONE',  ( -6.544451934718453323, 4.305052553040568775, -13.65353439024021043 ) ) ;
#3967 = CARTESIAN_POINT ( 'NONE',  ( -5.024415381149763604, 8.776596730307923977, -12.75855217867548852 ) ) ;
#3968 = B_SPLINE_CURVE_WITH_KNOTS ( 'NONE', 3,
 ( #4326, #441, #2172, #2210 ),
 .UNSPECIFIED., .F., .F.,
 ( 4, 4 ),
 ( 0.3147578393618251646, 0.3584339934944243411 ),
 .UNSPECIFIED. ) ;
#3969 = CARTESIAN_POINT ( 'NONE',  ( 11.97115296434014198, 0.000000000000000000, -9.794801864921515389 ) ) ;
#3970 = ORIENTED_EDGE ( 'NONE', *, *, #3590, .F. ) ;
#3971 = ORIENTED_EDGE ( 'NONE', *, *, #961, .T. ) ;
#3972 = CARTESIAN_POINT ( 'NONE',  ( 6.335548272093890709, 4.996124101430186037, -13.54918255640135882 ) ) ;
#3973 = EDGE_CURVE ( 'NONE', #2070, #459, #1525, .T. ) ;
#3974 = VECTOR ( 'NONE', #2227, 1000.000000000000000 ) ;
#3975 = CARTESIAN_POINT ( 'NONE',  ( -12.24999999999999822, 2.670037449900325210, -7.275534345746004661 ) ) ;
#3976 = CARTESIAN_POINT ( 'NONE',  ( -4.050551246514965342, 9.134479166323743016, -12.73511346497338437 ) ) ;
#3977 = LINE ( 'NONE', #3152, #4822 ) ;
#3978 = ORIENTED_EDGE ( 'NONE', *, *, #201, .T. ) ;
#3979 = ORIENTED_EDGE ( 'NONE', *, *, #908, .T. ) ;
#3980 = CARTESIAN_POINT ( 'NONE',  ( -12.24999999999988987, 4.436904358646628133, -6.682609628300779647 ) ) ;
#3981 = CARTESIAN_POINT ( 'NONE',  ( 12.25000000000000533, 0.09650481869164023729, -8.765598285471412510 ) ) ;
#3982 = EDGE_CURVE ( 'NONE', #152, #2070, #3675, .T. ) ;
#3983 = CARTESIAN_POINT ( 'NONE',  ( 5.073031394731168930, 6.444780768118076431, -13.65353439024021931 ) ) ;
#3984 = CARTESIAN_POINT ( 'NONE',  ( -12.24999999999999822, -3.937587043073528470, 6.675171029885262897 ) ) ;
#3985 = ADVANCED_FACE ( 'NONE', ( #697 ), #1575, .T. ) ;
#3986 = CARTESIAN_POINT ( 'NONE',  ( -11.79661631014014667, -1.608762288001309271, 9.379050372625831855 ) ) ;
#3987 = CARTESIAN_POINT ( 'NONE',  ( 3.199999999999999289, 2.138730709560199728, 14.73429637824014549 ) ) ;
#3988 = CARTESIAN_POINT ( 'NONE',  ( 6.823909424662001122, -11.81935782976275640, -6.795417673738186615 ) ) ;
#3989 = CARTESIAN_POINT ( 'NONE',  ( 5.050182531070777081, 8.762063382680633339, -12.75869688146409331 ) ) ;
#3990 = CARTESIAN_POINT ( 'NONE',  ( 6.981450437884948457, 4.578813395454787383, -9.091385888322291109 ) ) ;
#3991 = CIRCLE ( 'NONE', #4999, 10.00000000000000178 ) ;
#3992 = CARTESIAN_POINT ( 'NONE',  ( 9.657794948978384753, 2.207267984756214219, -12.52173180057310731 ) ) ;
#3993 = CARTESIAN_POINT ( 'NONE',  ( 4.223748108809372681, -7.314407402363984012, -13.65353439024022641 ) ) ;
#3994 = CARTESIAN_POINT ( 'NONE',  ( -5.322017205636333514, 8.581453293366099189, -12.75281311750421764 ) ) ;
#3995 = CARTESIAN_POINT ( 'NONE',  ( -4.183094841664400043, 8.484309120153994854, -13.65353439023649074 ) ) ;
#3996 = DIRECTION ( 'NONE',  ( 1.000000000000000000, 0.000000000000000000, 0.000000000000000000 ) ) ;
#3997 = VERTEX_POINT ( 'NONE', #4645 ) ;
#3998 = AXIS2_PLACEMENT_3D ( 'NONE', #4831, #4371, #5151 ) ;
#3999 = ORIENTED_EDGE ( 'NONE', *, *, #4930, .T. ) ;
#4000 = CARTESIAN_POINT ( 'NONE',  ( -10.29096046992032676, 0.1943542502486008960, -12.29002032026952129 ) ) ;
#4001 = CARTESIAN_POINT ( 'NONE',  ( -12.25000000000000000, 7.044341179745278572E-14, -8.776159399017434026 ) ) ;
#4002 = CARTESIAN_POINT ( 'NONE',  ( -10.28104244438774373, -5.432281094608359541E-16, -24.76024934587180937 ) ) ;
#4003 = DIRECTION ( 'NONE',  ( 0.000000000000000000, 1.000000000000000000, 0.000000000000000000 ) ) ;
#4004 = CARTESIAN_POINT ( 'NONE',  ( 6.293627359686426281, -5.135548709345103546, -13.64034436571794373 ) ) ;
#4005 = DIRECTION ( 'NONE',  ( -1.000000000000000000, 0.000000000000000000, 1.095185450775958527E-16 ) ) ;
#4006 = AXIS2_PLACEMENT_3D ( 'NONE', #5627, #4793, #2279 ) ;
#4007 = ORIENTED_EDGE ( 'NONE', *, *, #2222, .F. ) ;
#4008 = CARTESIAN_POINT ( 'NONE',  ( -12.24999999999974065, 4.674324332736317089, -6.454295672404258610 ) ) ;
#4009 = DIRECTION ( 'NONE',  ( 0.000000000000000000, 0.000000000000000000, 1.000000000000000000 ) ) ;
#4010 = CARTESIAN_POINT ( 'NONE',  ( 9.098042676931825667, -3.166372630948949496, -12.71477936832209643 ) ) ;
#4011 = CARTESIAN_POINT ( 'NONE',  ( 9.700000000000001066, -5.439786974697151223, 9.978630122677950354 ) ) ;
#4012 = CARTESIAN_POINT ( 'NONE',  ( -11.88278412499450454, -6.164089538862471684, 6.089925574322635704 ) ) ;
#4013 = CARTESIAN_POINT ( 'NONE',  ( 12.25000000000000178, 0.000000000000000000, -1.341602177200549535E-15 ) ) ;
#4014 = DIRECTION ( 'NONE',  ( -0.3154055084248155727, 0.000000000000000000, 0.9489569880955002201 ) ) ;
#4015 = ADVANCED_FACE ( 'NONE', ( #4183 ), #4297, .T. ) ;
#4016 = CARTESIAN_POINT ( 'NONE',  ( 10.29096046992007629, -0.1943542502483209256, -12.29002032026974689 ) ) ;
#4017 = CARTESIAN_POINT ( 'NONE',  ( 6.339001029878287063, 4.984513185220332154, -13.56841096253090484 ) ) ;
#4018 = CARTESIAN_POINT ( 'NONE',  ( 3.199999999999998401, -8.279900943762623200, 12.34276797864923658 ) ) ;
#4019 = CARTESIAN_POINT ( 'NONE',  ( 4.785267583928542123, -8.229712801659788468, -13.65353439024021576 ) ) ;
#4020 = CARTESIAN_POINT ( 'NONE',  ( -4.226832110698073741, 7.312521305675057093, -13.65353439024020510 ) ) ;
#4021 = CARTESIAN_POINT ( 'NONE',  ( 4.143793920750937332, 7.351010488924844211, -13.65353439024021576 ) ) ;
#4022 = AXIS2_PLACEMENT_3D ( 'NONE', #2543, #4269, #4668 ) ;
#4023 = B_SPLINE_CURVE_WITH_KNOTS ( 'NONE', 3,
 ( #2612, #4769, #5141, #788, #3855, #5597, #1640, #1672, #1276, #1729, #3423, #1245, #4706, #2551, #3003, #758, #1217, #2585, #2944, #3035, #4336, #3451, #5199, #1309, #1608, #3330 ),
 .UNSPECIFIED., .F., .F.,
 ( 4, 2, 2, 2, 2, 2, 2, 2, 2, 2, 2, 2, 4 ),
 ( -0.003357561667409748787, -0.001052596578352941754, 9.988596617546219650E-05, 0.001252368510703865279, 0.003557333599760673180, 0.005862298688817478912, 0.007014781233345881994, 0.008167263777874283343, 0.009319746322402684691, 0.01047222886693108604, 0.01277719395598789394, 0.01392967650051629876, 0.01508215904504470357 ),
 .UNSPECIFIED. ) ;
#4024 = CARTESIAN_POINT ( 'NONE',  ( 11.90914312581362289, -1.428274787232008292, -9.444474895915897505 ) ) ;
#4025 = ORIENTED_EDGE ( 'NONE', *, *, #1513, .T. ) ;
#4026 = ORIENTED_EDGE ( 'NONE', *, *, #3590, .T. ) ;
#4027 = CARTESIAN_POINT ( 'NONE',  ( -10.34197979433008996, 0.05102972401034320399, -12.24709442345188037 ) ) ;
#4028 = PLANE ( 'NONE',  #132 ) ;
#4029 = CARTESIAN_POINT ( 'NONE',  ( -1.714428969430049410, 9.478031983463795385, -12.71382852403879760 ) ) ;
#4030 = CARTESIAN_POINT ( 'NONE',  ( 11.85046022763777707, -3.895257229649752517, -7.835143337225098037 ) ) ;
#4031 = ORIENTED_EDGE ( 'NONE', *, *, #2451, .T. ) ;
#4032 = ORIENTED_EDGE ( 'NONE', *, *, #4985, .F. ) ;
#4033 = CARTESIAN_POINT ( 'NONE',  ( -11.89763414869452873, 6.674126215938827045, 5.394159802173247975 ) ) ;
#4034 = CARTESIAN_POINT ( 'NONE',  ( -8.249999999999998224, 0.000000000000000000, 9.035279968901654336E-16 ) ) ;
#4035 = CARTESIAN_POINT ( 'NONE',  ( -2.855315326273154763, -7.646942019110696265, -13.65353439024021576 ) ) ;
#4036 = CARTESIAN_POINT ( 'NONE',  ( 3.199999999999998401, -4.653281121097764483, 14.15852580761737656 ) ) ;
#4037 = EDGE_CURVE ( 'NONE', #4814, #1929, #4189, .T. ) ;
#4038 = CARTESIAN_POINT ( 'NONE',  ( -11.86794058179464351, -5.628673174773093812, 6.740089291047373088 ) ) ;
#4039 = CARTESIAN_POINT ( 'NONE',  ( 10.71186248400615426, 0.3322340523238213605, -11.80158777090183087 ) ) ;
#4040 = CARTESIAN_POINT ( 'NONE',  ( 6.335548272093890709, 4.996124101430186037, -13.64423972950234898 ) ) ;
#4041 = CARTESIAN_POINT ( 'NONE',  ( -4.996124101430190478, 6.335548272093885380, -10.06286195985388865 ) ) ;
#4042 = CARTESIAN_POINT ( 'NONE',  ( 10.51637051912730847, -0.8910947176449899310, -11.92560361795464630 ) ) ;
#4043 = CARTESIAN_POINT ( 'NONE',  ( 8.554561621254501702, 6.717441708769347208, -7.409518522186943734 ) ) ;
#4044 = CARTESIAN_POINT ( 'NONE',  ( 11.89723934508173109, 5.495915198340149743, 6.795382298134569510 ) ) ;
#4045 = CARTESIAN_POINT ( 'NONE',  ( 4.232247326454799286, -7.309061947231087153, -13.65353439024023530 ) ) ;
#4046 = ADVANCED_FACE ( 'NONE', ( #2861 ), #3737, .T. ) ;
#4047 = CARTESIAN_POINT ( 'NONE',  ( -4.485697280839898937, 7.095747043912514762, -13.65353439024021043 ) ) ;
#4048 = CARTESIAN_POINT ( 'NONE',  ( 4.193112451034125776, 8.480881650464043631, -13.65353439024005944 ) ) ;
#4049 = CARTESIAN_POINT ( 'NONE',  ( 10.72837684168985461, -0.2629894457611143266, -11.79261558341849714 ) ) ;
#4050 = ORIENTED_EDGE ( 'NONE', *, *, #4219, .T. ) ;
#4051 = VERTEX_POINT ( 'NONE', #761 ) ;
#4052 = CARTESIAN_POINT ( 'NONE',  ( -10.56965456413176163, 0.1567343105528024305, -12.05493937810630278 ) ) ;
#4053 = CARTESIAN_POINT ( 'NONE',  ( 11.85796699135261711, -3.405045161645648744, -8.221991146718044874 ) ) ;
#4054 = CARTESIAN_POINT ( 'NONE',  ( 4.836144598788295390, 8.198224568917188648, -13.65353439024022109 ) ) ;
#4055 = CARTESIAN_POINT ( 'NONE',  ( -5.056631844581884749, -8.758343269986605506, -12.75869244000834435 ) ) ;
#4056 = CIRCLE ( 'NONE', #4797, 0.9000000000000005773 ) ;
#4057 = CARTESIAN_POINT ( 'NONE',  ( 8.733885077420080023, 6.647787564702419161, -7.477355142402396737 ) ) ;
#4058 = CARTESIAN_POINT ( 'NONE',  ( 5.222245417387537003, 6.252407666090304517, -13.65353439024021576 ) ) ;
#4059 = ORIENTED_EDGE ( 'NONE', *, *, #1074, .T. ) ;
#4060 = AXIS2_PLACEMENT_3D ( 'NONE', #3241, #1095, #4123 ) ;
#4061 = CARTESIAN_POINT ( 'NONE',  ( -12.25000000000001243, 3.242936662823270311, 7.187822583052607683 ) ) ;
#4062 = CARTESIAN_POINT ( 'NONE',  ( 11.89489724355824585, -5.407035408403954690, 6.887142901383530358 ) ) ;
#4063 = CARTESIAN_POINT ( 'NONE',  ( 6.335548272093880051, -4.996124101430178932, -24.76024934587180937 ) ) ;
#4064 = CARTESIAN_POINT ( 'NONE',  ( 3.200000000000000178, -0.9462366981998681092, 14.86883021027544416 ) ) ;
#4065 = CARTESIAN_POINT ( 'NONE',  ( -12.25000000000000355, -3.241718430616679747, 7.189102518471127468 ) ) ;
#4066 = CARTESIAN_POINT ( 'NONE',  ( 10.58037662275238588, 0.03246860273604936648, -12.04553921003496519 ) ) ;
#4067 = SHAPE_DEFINITION_REPRESENTATION ( #5501, #5307 ) ;
#4068 = CARTESIAN_POINT ( 'NONE',  ( -12.13299201711737396, -7.626116738125984895, -1.428013429234894049 ) ) ;
#4069 = CARTESIAN_POINT ( 'NONE',  ( 10.34197979433024273, -0.05102972401039856248, -12.24709442345174715 ) ) ;
#4070 = CARTESIAN_POINT ( 'NONE',  ( 7.036083665658314779, 7.295539986755594342, -6.841583539898644872 ) ) ;
#4071 =( NAMED_UNIT ( * ) PLANE_ANGLE_UNIT ( ) SI_UNIT ( $, .RADIAN. ) );
#4072 = CARTESIAN_POINT ( 'NONE',  ( -4.796277239101873313, 8.223079911031055289, -13.65353439024020155 ) ) ;
#4073 = AXIS2_PLACEMENT_3D ( 'NONE', #4034, #1485, #3210 ) ;
#4074 = CARTESIAN_POINT ( 'NONE',  ( 2.855315327993665608, 7.646942023470864491, -13.65353439024021220 ) ) ;
#4075 = CARTESIAN_POINT ( 'NONE',  ( 9.505454790980886415, 9.772658518103577663, 7.923703456781644228 ) ) ;
#4076 = AXIS2_PLACEMENT_3D ( 'NONE', #1697, #1269, #5440 ) ;
#4077 = VERTEX_POINT ( 'NONE', #5475 ) ;
#4078 = VERTEX_POINT ( 'NONE', #1977 ) ;
#4079 = CARTESIAN_POINT ( 'NONE',  ( 5.991549483741080095, 6.024102384046696734, -9.530200245397956849 ) ) ;
#4080 = CARTESIAN_POINT ( 'NONE',  ( 12.25000000000006928, -0.2849308278912324743, -9.300164144289384538 ) ) ;
#4081 = AXIS2_PLACEMENT_3D ( 'NONE', #4780, #4376, #967 ) ;
#4082 = CARTESIAN_POINT ( 'NONE',  ( -10.32589273098173521, -0.1057652735906515623, -12.26066472308315269 ) ) ;
#4083 = CARTESIAN_POINT ( 'NONE',  ( -5.132368327954001330, -8.712690388415440523, -12.75798574111164818 ) ) ;
#4084 = CARTESIAN_POINT ( 'NONE',  ( -11.94796039346504557, 8.206575938817399773, 0.9991725651343087433 ) ) ;
#4085 = AXIS2_PLACEMENT_3D ( 'NONE', #137, #4879, #4936 ) ;
#4086 = EDGE_CURVE ( 'NONE', #3548, #679, #4343, .T. ) ;
#4087 = VERTEX_POINT ( 'NONE', #4129 ) ;
#4088 = ORIENTED_EDGE ( 'NONE', *, *, #2642, .T. ) ;
#4089 = CARTESIAN_POINT ( 'NONE',  ( -11.94599158965408670, 8.086137615056644634, -1.128533538263583491 ) ) ;
#4090 = CARTESIAN_POINT ( 'NONE',  ( 11.86555859346861830, -5.526835374143377777, 6.827271689997377990 ) ) ;
#4091 = CARTESIAN_POINT ( 'NONE',  ( -1.963414522414093977, 3.400733709139863059, 14.90075911844934353 ) ) ;
#4092 = FACE_OUTER_BOUND ( 'NONE', #5059, .T. ) ;
#4093 = CARTESIAN_POINT ( 'NONE',  ( 11.57638420347932495, 8.749556619424911474, -0.3734006734036195985 ) ) ;
#4094 = CARTESIAN_POINT ( 'NONE',  ( -12.24999999999999822, -3.998959844172388145, -6.170443300094506256 ) ) ;
#4095 = CARTESIAN_POINT ( 'NONE',  ( -5.069073926592848167, 8.751106620680999981, -12.75867039186003637 ) ) ;
#4096 = CARTESIAN_POINT ( 'NONE',  ( -12.14452236125484497, -7.750908938783436675, -0.3429618092450946731 ) ) ;
#4097 = CARTESIAN_POINT ( 'NONE',  ( 10.55907811309914734, -0.2177407172271417224, -12.06420735323306914 ) ) ;
#4098 = EDGE_CURVE ( 'NONE', #3320, #2484, #2553, .T. ) ;
#4099 = CARTESIAN_POINT ( 'NONE',  ( 6.210151464171416613, 5.779168392406857535, -8.389309836314263080 ) ) ;
#4100 = CARTESIAN_POINT ( 'NONE',  ( 12.24999999999997513, 3.576450307980211907, -7.407480643131185261 ) ) ;
#4101 = CARTESIAN_POINT ( 'NONE',  ( -7.783531023532442639, 4.385834998081030278, -13.65353439024303661 ) ) ;
#4102 = CARTESIAN_POINT ( 'NONE',  ( 4.123509733138579492, 7.358961081510227764, -13.65353439024021043 ) ) ;
#4103 = CARTESIAN_POINT ( 'NONE',  ( 3.054417352345545567, 2.770842931592299330, 14.90075911844934176 ) ) ;
#4104 = VERTEX_POINT ( 'NONE', #1157 ) ;
#4105 = VERTEX_POINT ( 'NONE', #300 ) ;
#4106 = CARTESIAN_POINT ( 'NONE',  ( 7.588056005893826672, -2.390956041863671278, -13.65353439024021043 ) ) ;
#4107 = VECTOR ( 'NONE', #3609, 1000.000000000000000 ) ;
#4108 = CARTESIAN_POINT ( 'NONE',  ( 4.223171334864616711, -7.314747321054031914, -13.65353439024021576 ) ) ;
#4109 = ADVANCED_FACE ( 'NONE', ( #3277 ), #3680, .F. ) ;
#4110 = CARTESIAN_POINT ( 'NONE',  ( 4.759994579516851232, 8.244552455475691488, -13.65353439024021576 ) ) ;
#4111 = CARTESIAN_POINT ( 'NONE',  ( -4.873675150361160391, -8.173602898796071159, -13.65353439024022109 ) ) ;
#4112 = CARTESIAN_POINT ( 'NONE',  ( -4.996124101430183373, -6.335548272093890709, -11.74999999778779980 ) ) ;
#4113 = CARTESIAN_POINT ( 'NONE',  ( 1.308978015128887007, -0.4199271850317026211, 15.23975065412816932 ) ) ;
#4114 = ORIENTED_EDGE ( 'NONE', *, *, #911, .F. ) ;
#4115 = CARTESIAN_POINT ( 'NONE',  ( -12.24999999999999112, 6.986650543158173576, 1.778788805896806213 ) ) ;
#4116 = LINE ( 'NONE', #3586, #1187 ) ;
#4117 = EDGE_CURVE ( 'NONE', #1227, #4747, #3452, .T. ) ;
#4118 = CARTESIAN_POINT ( 'NONE',  ( -8.249999999999998224, 0.000000000000000000, 9.035279968901654336E-16 ) ) ;
#4119 = DIRECTION ( 'NONE',  ( -1.095185450775958527E-16, 0.000000000000000000, -1.000000000000000000 ) ) ;
#4120 = EDGE_LOOP ( 'NONE', ( #3527, #4059, #3519, #652 ) ) ;
#4121 = CARTESIAN_POINT ( 'NONE',  ( 11.87003213217600894, 5.700036720631670661, 6.638680696000572645 ) ) ;
#4122 = CARTESIAN_POINT ( 'NONE',  ( -12.25000000000005507, -4.402225497824538536, -6.715102773037694206 ) ) ;
#4123 = DIRECTION ( 'NONE',  ( 1.000000000000000000, 0.000000000000000000, 0.000000000000000000 ) ) ;
#4124 = CARTESIAN_POINT ( 'NONE',  ( -6.493258688776880838, -7.375324082938275794, -12.72313532447172690 ) ) ;
#4125 = CARTESIAN_POINT ( 'NONE',  ( -0.6544890075644409499, -1.133608214096948785, 15.23975065412816754 ) ) ;
#4126 = CARTESIAN_POINT ( 'NONE',  ( 10.14475737777911846, -0.4553985831784880256, -12.41116164818505396 ) ) ;
#4127 = CARTESIAN_POINT ( 'NONE',  ( -12.25000000000060218, 0.4897592231032656396, -9.254766331502837673 ) ) ;
#4128 = CARTESIAN_POINT ( 'NONE',  ( -10.74363129091127611, 0.1311882614610369313, -11.79026654219528858 ) ) ;
#4129 = CARTESIAN_POINT ( 'NONE',  ( -12.24999999999999822, 4.898587196589412829E-16, -3.999999999999998224 ) ) ;
#4130 = CARTESIAN_POINT ( 'NONE',  ( -3.570000611536154000, 8.636697552279912315, -13.65353439023958693 ) ) ;
#4131 = CARTESIAN_POINT ( 'NONE',  ( 14.99329378223377596, 3.129675252561442633, -3.557211016089484978 ) ) ;
#4132 = CARTESIAN_POINT ( 'NONE',  ( -4.184314993262391091, 7.337181040337800830, -13.65353439024021931 ) ) ;
#4133 = ORIENTED_EDGE ( 'NONE', *, *, #1969, .T. ) ;
#4134 = EDGE_LOOP ( 'NONE', ( #892, #445, #545, #1078, #2634, #2396, #1032 ) ) ;
#4135 = CARTESIAN_POINT ( 'NONE',  ( -4.222572799700452961, -7.315085396096432824, -13.65353439024022286 ) ) ;
#4136 = CARTESIAN_POINT ( 'NONE',  ( 5.852653445183068293, -8.108354378710462385, -12.73600957164113900 ) ) ;
#4137 = CARTESIAN_POINT ( 'NONE',  ( 12.24999999999993072, -0.5782890940406956171, -9.229651594075255261 ) ) ;
#4138 = CARTESIAN_POINT ( 'NONE',  ( 4.778122220100220474, 8.233955034579063081, -13.65353439024020865 ) ) ;
#4139 = CARTESIAN_POINT ( 'NONE',  ( -4.770597429694312552, -8.238384586931017495, -13.65353439024022109 ) ) ;
#4140 = CARTESIAN_POINT ( 'NONE',  ( 1.347928836311746315, -0.2558855395382735320, -23.48981541844717924 ) ) ;
#4141 = CARTESIAN_POINT ( 'NONE',  ( 3.940713593307400675, -0.7676566186148195969, -20.83958864581943260 ) ) ;
#4142 = VERTEX_POINT ( 'NONE', #5536 ) ;
#4143 = EDGE_CURVE ( 'NONE', #4970, #5421, #5505, .T. ) ;
#4144 = CARTESIAN_POINT ( 'NONE',  ( -12.24999999999912959, 7.366119918582741732, 2.673928159689796136 ) ) ;
#4145 = CARTESIAN_POINT ( 'NONE',  ( -10.51637051912731380, 0.8910947176446810669, -11.92560361795477597 ) ) ;
#4146 = DIRECTION ( 'NONE',  ( -0.000000000000000000, -0.000000000000000000, 1.000000000000000000 ) ) ;
#4147 = CARTESIAN_POINT ( 'NONE',  ( 4.966952995233706147, -8.807551183371185033, -12.75777503112947819 ) ) ;
#4148 = EDGE_LOOP ( 'NONE', ( #92, #2380, #3772, #1777, #1724 ) ) ;
#4149 = VECTOR ( 'NONE', #5020, 1000.000000000000000 ) ;
#4150 = B_SPLINE_CURVE_WITH_KNOTS ( 'NONE', 3,
 ( #3378, #5516, #3747, #4231, #743, #5181, #772, #5486, #3315, #3436, #4629, #2075, #1590, #4661, #2108, #5547, #5062, #1257 ),
 .UNSPECIFIED., .F., .F.,
 ( 4, 2, 2, 2, 2, 2, 2, 2, 4 ),
 ( 4.336808689942017736E-19, 0.0003537534668406748409, 0.0007075069336813492480, 0.001061260400522023601, 0.001415013867362698062, 0.001768767334203372524, 0.002122520801044046768, 0.002476274267884721447, 0.002830027734725395691 ),
 .UNSPECIFIED. ) ;
#4151 = CARTESIAN_POINT ( 'NONE',  ( 1.098989197713821975, 7.036924725663724622, -8.963581320064699653 ) ) ;
#4152 = CARTESIAN_POINT ( 'NONE',  ( -12.25000000000107292, -6.406842995397084017, -4.257285692067679150 ) ) ;
#4153 = DIRECTION ( 'NONE',  ( 0.000000000000000000, 1.000000000000000000, 1.002010156928930384E-16 ) ) ;
#4154 = DIRECTION ( 'NONE',  ( 1.095185450775958527E-16, 0.000000000000000000, 1.000000000000000000 ) ) ;
#4155 = CARTESIAN_POINT ( 'NONE',  ( -12.12574543243793457, -7.348572319652624252, -2.488458715054449044 ) ) ;
#4156 = ADVANCED_FACE ( 'NONE', ( #4620 ), #216, .F. ) ;
#4157 = CARTESIAN_POINT ( 'NONE',  ( 10.26377944808834819, 0.2487260778466061084, -12.31274540255821037 ) ) ;
#4158 = DIRECTION ( 'NONE',  ( 1.000000000000000000, 0.000000000000000000, 0.000000000000000000 ) ) ;
#4159 = DIRECTION ( 'NONE',  ( 0.000000000000000000, 0.000000000000000000, -1.000000000000000000 ) ) ;
#4160 = CARTESIAN_POINT ( 'NONE',  ( -1.308978015128889894, -0.4200610131218406318, 15.23975065412817287 ) ) ;
#4161 = CARTESIAN_POINT ( 'NONE',  ( 7.495082897782441300, 0.000000000000000000, -16.56226468677082053 ) ) ;
#4162 = CARTESIAN_POINT ( 'NONE',  ( 12.25000000000000000, 0.1176162895081503540, -8.762653942129785989 ) ) ;
#4163 = DIRECTION ( 'NONE',  ( 1.000000000000000000, 0.000000000000000000, -1.095185450775958527E-16 ) ) ;
#4164 = ORIENTED_EDGE ( 'NONE', *, *, #2379, .T. ) ;
#4165 = ORIENTED_EDGE ( 'NONE', *, *, #76, .F. ) ;
#4166 = CARTESIAN_POINT ( 'NONE',  ( -4.221972597146247175, -7.315419243470769217, -13.65353439024021043 ) ) ;
#4167 = CARTESIAN_POINT ( 'NONE',  ( 7.999402512743229110, -5.178683778057211029, -12.71247691213355857 ) ) ;
#4168 = CARTESIAN_POINT ( 'NONE',  ( 12.24999999999999822, -0.07792128293311247067, -8.768899344312906408 ) ) ;
#4169 = CARTESIAN_POINT ( 'NONE',  ( 5.056631844581884749, 8.758343269986605506, -12.75869244000834435 ) ) ;
#4170 = CARTESIAN_POINT ( 'NONE',  ( -4.846046543410454710, -8.191796637080756227, -13.65353439024022109 ) ) ;
#4171 = CARTESIAN_POINT ( 'NONE',  ( 9.511476015767888370, -9.769182162351935261, 7.923703456781640675 ) ) ;
#4172 = CARTESIAN_POINT ( 'NONE',  ( 10.65011995450917404, -11.63895033506885746, 0.3811111474512711705 ) ) ;
#4173 = ORIENTED_EDGE ( 'NONE', *, *, #5445, .F. ) ;
#4174 = CARTESIAN_POINT ( 'NONE',  ( -12.24999999999999112, 0.5031151656231209746, 8.338924153917700366 ) ) ;
#4175 = VECTOR ( 'NONE', #818, 1000.000000000000000 ) ;
#4176 = VECTOR ( 'NONE', #4921, 1000.000000000000000 ) ;
#4177 = DIRECTION ( 'NONE',  ( -1.000000000000000000, 0.000000000000000000, 1.095185450775958527E-16 ) ) ;
#4178 = CARTESIAN_POINT ( 'NONE',  ( 3.887565830218680851, -7.437759676962986788, -13.65353439024021043 ) ) ;
#4179 = EDGE_LOOP ( 'NONE', ( #1144, #3413, #3933 ) ) ;
#4180 = AXIS2_PLACEMENT_3D ( 'NONE', #1710, #1814, #61 ) ;
#4181 = CARTESIAN_POINT ( 'NONE',  ( 4.219764273057786674, 6.568977025085093402, -9.730465946373529462 ) ) ;
#4182 = CARTESIAN_POINT ( 'NONE',  ( -12.24999999999999822, -4.496363002210660653, -5.696102051068292482 ) ) ;
#4183 = FACE_OUTER_BOUND ( 'NONE', #4134, .T. ) ;
#4184 = ADVANCED_FACE ( 'NONE', ( #270 ), #3130, .T. ) ;
#4185 = CARTESIAN_POINT ( 'NONE',  ( -7.342103088943250810, -2.876644933315037456, -13.65353439024021576 ) ) ;
#4186 = CARTESIAN_POINT ( 'NONE',  ( -12.12525703802267607, -6.928462435704631162, -3.491804215733627537 ) ) ;
#4187 = CARTESIAN_POINT ( 'NONE',  ( -12.24999999999999645, 7.660302670743077711E-14, -9.323646952292291346 ) ) ;
#4188 = CARTESIAN_POINT ( 'NONE',  ( -4.996124101430189590, -6.335548272093890709, -7.736977968946800566 ) ) ;
#4189 = LINE ( 'NONE', #3766, #3611 ) ;
#4190 = CARTESIAN_POINT ( 'NONE',  ( -6.301190814081895297, -5.100000000000347811, -0.1622921095057471841 ) ) ;
#4191 = EDGE_CURVE ( 'NONE', #913, #5344, #5127, .T. ) ;
#4192 = CARTESIAN_POINT ( 'NONE',  ( -5.221206054230072446, 6.252862278273741303, -13.65353439024021576 ) ) ;
#4193 = CARTESIAN_POINT ( 'NONE',  ( -2.483867302372403607, 7.692555285365673789, -13.65353439024021043 ) ) ;
#4194 = CARTESIAN_POINT ( 'NONE',  ( -2.509131835445629566, 7.205928316639679032, -16.56226468677081343 ) ) ;
#4195 = ORIENTED_EDGE ( 'NONE', *, *, #268, .F. ) ;
#4196 = ORIENTED_EDGE ( 'NONE', *, *, #5382, .T. ) ;
#4197 = CARTESIAN_POINT ( 'NONE',  ( -4.360089135709661612, -8.424437400853355129, -13.65353439024024951 ) ) ;
#4198 = CARTESIAN_POINT ( 'NONE',  ( -7.743981870925448741E-15, -4.648177544792236497E-16, -24.76024934587180226 ) ) ;
#4199 = CARTESIAN_POINT ( 'NONE',  ( -12.24999999999999822, 0.000000000000000000, 7.750000000000001776 ) ) ;
#4200 = CARTESIAN_POINT ( 'NONE',  ( 6.030157998754415161, 7.011422054015978844, -13.65353439024045201 ) ) ;
#4201 = CARTESIAN_POINT ( 'NONE',  ( -8.925446771053778150, -1.892881048235021568, -13.31481341276962738 ) ) ;
#4202 = CARTESIAN_POINT ( 'NONE',  ( 1.970356796653697007, -3.412758080842880126, -20.83958864581944326 ) ) ;
#4203 = CARTESIAN_POINT ( 'NONE',  ( 3.926829044828248350, -1.259781555095107031, 14.90075911844934176 ) ) ;
#4204 = ORIENTED_EDGE ( 'NONE', *, *, #4219, .F. ) ;
#4205 = CARTESIAN_POINT ( 'NONE',  ( 1.305546663549995934, -3.796586390150281431, -20.83958864581943260 ) ) ;
#4206 = CARTESIAN_POINT ( 'NONE',  ( 11.61654491707849601, -8.640803377368799332, 1.423836348524188056 ) ) ;
#4207 = CARTESIAN_POINT ( 'NONE',  ( -5.683495524367329743, -8.274848726924730613, -12.74084198162489834 ) ) ;
#4208 = AXIS2_PLACEMENT_3D ( 'NONE', #2513, #3025, #2935 ) ;
#4209 = CARTESIAN_POINT ( 'NONE',  ( -1.915336665738946342, -9.447201392079680460, -12.71571897569868170 ) ) ;
#4210 = ORIENTED_EDGE ( 'NONE', *, *, #1359, .F. ) ;
#4211 = B_SPLINE_CURVE_WITH_KNOTS ( 'NONE', 3,
 ( #1647, #4132, #736, #1250, #5447, #367, #5056, #1555, #765, #1223, #4193, #1160, #2893, #303, #4256, #2497, #5509, #2950, #4623, #1678, #4684, #3280, #3740, #1613, #2979, #5478 ),
 .UNSPECIFIED., .F., .F.,
 ( 4, 2, 2, 2, 2, 2, 2, 2, 2, 2, 2, 2, 4 ),
 ( 0.000000000000000000, 0.0001344201590665536881, 0.0002688403181331073762, 0.0005376806362662139935, 0.001075361272532427337, 0.002150722545064854239, 0.004301445090129705877, 0.006452167635194558382, 0.007527528907726984200, 0.008065209543993196242, 0.008334049862126302263, 0.008468470021192855274, 0.008602890180259406550 ),
 .UNSPECIFIED. ) ;
#4212 = CARTESIAN_POINT ( 'NONE',  ( 4.223171334864616711, -7.314747321054031914, -11.65353439024021753 ) ) ;
#4213 = CARTESIAN_POINT ( 'NONE',  ( -12.25000000000000000, -0.1248228008418620222, -8.760340235083745597 ) ) ;
#4214 = CARTESIAN_POINT ( 'NONE',  ( -4.771817245315450151, 8.237669130816788865, -13.65353439024020510 ) ) ;
#4215 = CARTESIAN_POINT ( 'NONE',  ( -5.403428902497637409, -8.518905150206107280, -12.75012358384909739 ) ) ;
#4216 = CARTESIAN_POINT ( 'NONE',  ( -7.811825646387161370, -15.04274960149093232, -11.65353439024021753 ) ) ;
#4217 = CARTESIAN_POINT ( 'NONE',  ( 4.874708473449152812, -8.172872500184238831, -13.65353439024020865 ) ) ;
#4218 = CARTESIAN_POINT ( 'NONE',  ( -12.24999999999999822, 7.044341179745286145E-14, -8.776159399017398499 ) ) ;
#4219 = EDGE_CURVE ( 'NONE', #2628, #5238, #595, .T. ) ;
#4220 = CARTESIAN_POINT ( 'NONE',  ( -4.420249689259610371, -4.420249689259559744, -8.749999997787799799 ) ) ;
#4221 = CARTESIAN_POINT ( 'NONE',  ( -3.926829044828270110, 0.000000000000000000, 14.90075911844933110 ) ) ;
#4222 = CARTESIAN_POINT ( 'NONE',  ( -11.79807177581615640, -0.2328383587119695342, 9.640895969745406191 ) ) ;
#4223 = DIRECTION ( 'NONE',  ( 1.000000000000000000, 0.000000000000000000, 0.000000000000000000 ) ) ;
#4224 = CARTESIAN_POINT ( 'NONE',  ( -3.338356023787966809, 6.757052815887909958, -7.572592376327585306 ) ) ;
#4225 = CARTESIAN_POINT ( 'NONE',  ( 0.000000000000000000, 0.000000000000000000, 15.23975065412817465 ) ) ;
#4226 = ORIENTED_EDGE ( 'NONE', *, *, #5484, .F. ) ;
#4227 = ORIENTED_EDGE ( 'NONE', *, *, #5563, .F. ) ;
#4228 = CARTESIAN_POINT ( 'NONE',  ( -4.924868111745020371, -8.828976810775584383, -12.75690793152186231 ) ) ;
#4229 = CARTESIAN_POINT ( 'NONE',  ( -7.702343320404682281, 13.34084996827996328, 0.3811111474512711705 ) ) ;
#4230 = EDGE_CURVE ( 'NONE', #1912, #257, #2456, .T. ) ;
#4231 = CARTESIAN_POINT ( 'NONE',  ( -6.882496477542656699, 2.548994905629695662, -5.983812995418686498 ) ) ;
#4232 = CARTESIAN_POINT ( 'NONE',  ( 7.047117874607918608, 6.649426233618185300, -12.71641594986576784 ) ) ;
#4233 = CARTESIAN_POINT ( 'NONE',  ( -10.23028267450203543, -1.400895688347019608, -12.12671725201616724 ) ) ;
#4234 = CARTESIAN_POINT ( 'NONE',  ( 7.925990533359604129, -7.849108204432638125, 11.03005007641327317 ) ) ;
#4235 = CARTESIAN_POINT ( 'NONE',  ( 14.99329378223374754, -8.673617379884035472E-16, -3.557211016089472988 ) ) ;
#4236 = ORIENTED_EDGE ( 'NONE', *, *, #5313, .F. ) ;
#4237 = EDGE_CURVE ( 'NONE', #4747, #5165, #4868, .T. ) ;
#4238 = CARTESIAN_POINT ( 'NONE',  ( -1.040834085586092934E-14, -1.802777518484586499E-14, -24.76024934587180582 ) ) ;
#4239 = CARTESIAN_POINT ( 'NONE',  ( 11.72535506155391616, -7.351187805047686652, 4.759575957752169018 ) ) ;
#4240 = CARTESIAN_POINT ( 'NONE',  ( -10.74999999999999645, 3.000000000000024425, 5.196152422706620477 ) ) ;
#4241 = CARTESIAN_POINT ( 'NONE',  ( 3.365548676504892089, -7.559411099044372584, -13.65353439024021220 ) ) ;
#4242 = ORIENTED_EDGE ( 'NONE', *, *, #2772, .T. ) ;
#4243 = CARTESIAN_POINT ( 'NONE',  ( -10.19171799261093447, 0.3822271264902230015, -12.37257979199131874 ) ) ;
#4244 = CARTESIAN_POINT ( 'NONE',  ( -2.838663973536025065, 10.78627756320226361, 11.03005007641328028 ) ) ;
#4245 = CARTESIAN_POINT ( 'NONE',  ( -11.94537206879548030, -0.6423132002247440298, -9.716990292395319528 ) ) ;
#4246 = CARTESIAN_POINT ( 'NONE',  ( -4.788004787716927169, 8.228064431044250782, -13.65353439024020510 ) ) ;
#4247 = CARTESIAN_POINT ( 'NONE',  ( -8.292787512378323456, -4.678653259408315890, -12.71230267691064952 ) ) ;
#4248 = CARTESIAN_POINT ( 'NONE',  ( -6.335548272093887157, -4.996124101430185149, -24.76024934587180937 ) ) ;
#4249 = CIRCLE ( 'NONE', #3794, 10.00000000000000178 ) ;
#4250 = CARTESIAN_POINT ( 'NONE',  ( 5.181482653183345555, -8.680938302589757072, -12.75694725891879422 ) ) ;
#4251 = CARTESIAN_POINT ( 'NONE',  ( -12.24999999999999467, 0.03174119591883878960, -8.774606938837964165 ) ) ;
#4252 = AXIS2_PLACEMENT_3D ( 'NONE', #2338, #1570, #1966 ) ;
#4253 = DIRECTION ( 'NONE',  ( 1.000000000000000000, 0.000000000000000000, 0.000000000000000000 ) ) ;
#4254 = CARTESIAN_POINT ( 'NONE',  ( 0.000000000000000000, 0.000000000000000000, 15.23975065412817287 ) ) ;
#4255 = CARTESIAN_POINT ( 'NONE',  ( -11.91036397514889345, -6.972631029452654339, -4.303320298758810836 ) ) ;
#4256 = CARTESIAN_POINT ( 'NONE',  ( 1.435047273358973641, 7.790235316889863704, -13.65353439024022286 ) ) ;
#4257 = CARTESIAN_POINT ( 'NONE',  ( 0.5510370378316884477, 8.046942181574776143, -5.936894939854228781 ) ) ;
#4258 = DIRECTION ( 'NONE',  ( 0.000000000000000000, -6.838595799838966963E-16, 1.000000000000000000 ) ) ;
#4259 = ORIENTED_EDGE ( 'NONE', *, *, #908, .F. ) ;
#4260 = CARTESIAN_POINT ( 'NONE',  ( -4.020910479449459451, -7.395726424996319714, -13.65353439024021220 ) ) ;
#4261 = CARTESIAN_POINT ( 'NONE',  ( -13.21609793467849769, 3.345636064462282455, 7.923703456781644228 ) ) ;
#4262 = CARTESIAN_POINT ( 'NONE',  ( -5.212567804488871026, 7.640474037941940466, -6.452679210819623812 ) ) ;
#4263 = CARTESIAN_POINT ( 'NONE',  ( 6.820277184454287323, 3.834806272122459614, -13.65353439024021220 ) ) ;
#4264 = CARTESIAN_POINT ( 'NONE',  ( -10.74151542522392866, -0.09096880353349019732, -11.79029386510929989 ) ) ;
#4265 = CARTESIAN_POINT ( 'NONE',  ( 10.20702516543054905, -11.41973567553702296, -3.557211016089484978 ) ) ;
#4266 = FACE_OUTER_BOUND ( 'NONE', #2736, .T. ) ;
#4267 = ORIENTED_EDGE ( 'NONE', *, *, #4300, .T. ) ;
#4268 = CARTESIAN_POINT ( 'NONE',  ( -12.24999999999999112, 0.6272852534856430129, 8.316913381761356305 ) ) ;
#4269 = DIRECTION ( 'NONE',  ( 1.000000000000000000, -0.000000000000000000, -1.095185450775958527E-16 ) ) ;
#4270 = DIRECTION ( 'NONE',  ( 0.000000000000000000, 0.000000000000000000, -1.000000000000000000 ) ) ;
#4271 = EDGE_CURVE ( 'NONE', #44, #2663, #2911, .T. ) ;
#4272 = CARTESIAN_POINT ( 'NONE',  ( 4.077460382494243696, -8.514565663519817917, -13.65353439024082860 ) ) ;
#4273 = ORIENTED_EDGE ( 'NONE', *, *, #2324, .F. ) ;
#4274 = CARTESIAN_POINT ( 'NONE',  ( 4.996124101430191367, -6.335548272093895150, -7.736977968946797013 ) ) ;
#4275 = VECTOR ( 'NONE', #826, 1000.000000000000000 ) ;
#4276 = CARTESIAN_POINT ( 'NONE',  ( 12.25000000000000533, -0.1177413252586785725, -8.762700092265815144 ) ) ;
#4277 = CARTESIAN_POINT ( 'NONE',  ( -11.87718287999135747, -2.450009298645344114, -8.883329690810588986 ) ) ;
#4278 = CARTESIAN_POINT ( 'NONE',  ( -12.24999999999999822, -1.185069089561461952, -8.293878181536374683 ) ) ;
#4279 = CARTESIAN_POINT ( 'NONE',  ( 10.31720926751602363, -0.1296718618139721391, -12.26797526197764832 ) ) ;
#4280 = AXIS2_PLACEMENT_3D ( 'NONE', #5079, #4678, #933 ) ;
#4281 = CARTESIAN_POINT ( 'NONE',  ( -12.24999999999999822, 6.010037416467681304, -3.745470317956805850 ) ) ;
#4282 = DIRECTION ( 'NONE',  ( -0.000000000000000000, -0.000000000000000000, 1.000000000000000000 ) ) ;
#4283 = LINE ( 'NONE', #3400, #3040 ) ;
#4284 = CARTESIAN_POINT ( 'NONE',  ( -11.79777188142682043, -1.806512827187152226, 9.310359895661974861 ) ) ;
#4285 = DIRECTION ( 'NONE',  ( 0.000000000000000000, 0.000000000000000000, 1.000000000000000000 ) ) ;
#4286 = CARTESIAN_POINT ( 'NONE',  ( -6.335548272093906697, -4.996124101430191367, -11.74999999778779980 ) ) ;
#4287 = CARTESIAN_POINT ( 'NONE',  ( 5.345654675927744570, 9.258945498424745679, -12.01109144709619514 ) ) ;
#4288 = ORIENTED_EDGE ( 'NONE', *, *, #5351, .T. ) ;
#4289 = FACE_OUTER_BOUND ( 'NONE', #5370, .T. ) ;
#4290 = CARTESIAN_POINT ( 'NONE',  ( -14.99329378223374576, 1.049507702965968292E-13, -3.557211016089472988 ) ) ;
#4291 = DIRECTION ( 'NONE',  ( -0.5898471994742051638, -0.7040885960475526950, -0.3953979390288012152 ) ) ;
#4292 = CARTESIAN_POINT ( 'NONE',  ( 10.34954603730382772, 0.003296316521464601190, -12.24070067922660954 ) ) ;
#4293 = CARTESIAN_POINT ( 'NONE',  ( -10.56892024064184277, -0.7798273099913438644, -11.88938875036498644 ) ) ;
#4294 = CARTESIAN_POINT ( 'NONE',  ( -9.331655929190921578E-16, 4.814824860968089633E-32, 15.23975065412816932 ) ) ;
#4295 = CARTESIAN_POINT ( 'NONE',  ( -15.40468664080961325, 0.000000000000000000, 0.3811111474512711705 ) ) ;
#4296 = ORIENTED_EDGE ( 'NONE', *, *, #3184, .T. ) ;
#4297 =( BOUNDED_SURFACE ( )  B_SPLINE_SURFACE ( 3, 2, ( 
 ( #5048, #2488, #2060 ),
 ( #295, #756, #3702 ),
 ( #3299, #265, #2030 ),
 ( #2001, #1152, #238 ),
 ( #3734, #5437, #2884 ),
 ( #2371, #5499, #4095 ),
 ( #1606, #3328, #2912 ),
 ( #211, #4214, #4987 ),
 ( #2827, #5077, #1183 ),
 ( #1669, #3393, #2092 ),
 ( #786, #4676, #360 ),
 ( #1215, #2520, #3825 ),
 ( #2941, #4246, #5566 ),
 ( #4020, #4072, #588 ),
 ( #4479, #1394, #3194 ),
 ( #3545, #3656, #1924 ),
 ( #3571, #1444, #2752 ),
 ( #1871, #965, #3598 ),
 ( #560, #5314, #5340 ),
 ( #5286, #2269, #3168 ),
 ( #189, #5392, #88 ),
 ( #4910, #140, #1497 ),
 ( #1420, #2322, #3994 ),
 ( #2699, #3144, #2244 ),
 ( #4450, #3222, #1817 ),
 ( #4882, #992, #1021 ),
 ( #4047, #1845, #167 ),
 ( #115, #1900, #3626 ),
 ( #5367, #3119, #943 ),
 ( #4423, #616, #534 ),
 ( #2723, #2348, #2296 ),
 ( #2777, #2676, #4857 ),
 ( #1472, #4399, #509 ),
 ( #3966, #4938, #1047 ),
 ( #4505, #4101, #1951 ),
 ( #1581, #4966, #2494 ),
 ( #3246, #675, #244 ),
 ( #3796, #2433, #4650 ) ),
 .UNSPECIFIED., .F., .F., .T. ) 
 B_SPLINE_SURFACE_WITH_KNOTS ( ( 4, 2, 2, 2, 2, 2, 2, 2, 2, 2, 2, 2, 2, 2, 2, 2, 2, 2, 4 ),
 ( 3, 3 ),
 ( 0.000000000000000000, 1.004173111100064006E-07, 2.008346222200128012E-07, 4.016692444400256024E-07, 8.033384888800512048E-07, 1.606676977760102410E-06, 3.213353955520204819E-06, 6.426707911040409639E-06, 1.285341582208081928E-05, 2.570683164416163855E-05, 5.141366328832327711E-05, 0.0001028273265766465542, 0.0002056546531532931084, 0.0004113093063065862169, 0.0008226186126131724338, 0.001645237225226344868, 0.003290474450452689735, 0.004935711675679034169, 0.006580948900905379470 ),
 ( 0.000000000000000000, 1.000000000000000000 ),
 .UNSPECIFIED. ) 
 GEOMETRIC_REPRESENTATION_ITEM ( )  RATIONAL_B_SPLINE_SURFACE ( (
 ( 1.000000000000000000, 0.8810729325328480188, 1.000000000000000000),
 ( 1.000000000000000000, 0.8810725486871068268, 1.000000000000000000),
 ( 1.000000000000000000, 0.8810721019229066364, 1.000000000000000000),
 ( 1.000000000000000000, 0.8810712208115458743, 1.000000000000000000),
 ( 1.000000000000000000, 0.8810707847551519922, 1.000000000000000000),
 ( 1.000000000000000000, 0.8810694654813535642, 1.000000000000000000),
 ( 1.000000000000000000, 0.8810685865303101716, 1.000000000000000000),
 ( 1.000000000000000000, 0.8810659605622561674, 1.000000000000000000),
 ( 1.000000000000000000, 0.8810642105786369305, 1.000000000000000000),
 ( 1.000000000000000000, 0.8810590092182447597, 1.000000000000000000),
 ( 1.000000000000000000, 0.8810555664936222664, 1.000000000000000000),
 ( 1.000000000000000000, 0.8810453197885331766, 1.000000000000000000),
 ( 1.000000000000000000, 0.8810386079954103389, 1.000000000000000000),
 ( 1.000000000000000000, 0.8810186802598936051, 1.000000000000000000),
 ( 1.000000000000000000, 0.8810057228495159487, 1.000000000000000000),
 ( 1.000000000000000000, 0.8809674902302022659, 1.000000000000000000),
 ( 1.000000000000000000, 0.8809428960171470369, 1.000000000000000000),
 ( 1.000000000000000000, 0.8808708882268213580, 1.000000000000000000),
 ( 1.000000000000000000, 0.8808252928071185206, 1.000000000000000000),
 ( 1.000000000000000000, 0.8806932470957542503, 1.000000000000000000),
 ( 1.000000000000000000, 0.8806115268377247007, 1.000000000000000000),
 ( 1.000000000000000000, 0.8803781669122483500, 1.000000000000000000),
 ( 1.000000000000000000, 0.8802384298610811397, 1.000000000000000000),
 ( 1.000000000000000000, 0.8798477058978073639, 1.000000000000000000),
 ( 1.000000000000000000, 0.8796249179156001574, 1.000000000000000000),
 ( 1.000000000000000000, 0.8790177322170479313, 1.000000000000000000),
 ( 1.000000000000000000, 0.8786953008030264911, 1.000000000000000000),
 ( 1.000000000000000000, 0.8778491419404157448, 1.000000000000000000),
 ( 1.000000000000000000, 0.8774461344974020527, 1.000000000000000000),
 ( 1.000000000000000000, 0.8764326998867577601, 1.000000000000000000),
 ( 1.000000000000000000, 0.8760262121982299588, 1.000000000000000000),
 ( 1.000000000000000000, 0.8750716747328609602, 1.000000000000000000),
 ( 1.000000000000000000, 0.8748066149377612399, 1.000000000000000000),
 ( 1.000000000000000000, 0.8744916553893574696, 1.000000000000000000),
 ( 1.000000000000000000, 0.8744657477924847599, 1.000000000000000000),
 ( 1.000000000000000000, 0.8746498322980506002, 1.000000000000000000),
 ( 1.000000000000000000, 0.8748578197091952946, 1.000000000000000000),
 ( 1.000000000000000000, 0.8753220979726882289, 1.000000000000000000) ) ) 
 REPRESENTATION_ITEM ( '' )  SURFACE ( )  );
#4298 = CARTESIAN_POINT ( 'NONE',  ( -12.25000000000107647, 1.455427781076072957, 8.846729457585745138 ) ) ;
#4299 = B_SPLINE_CURVE_WITH_KNOTS ( 'NONE', 3,
 ( #69, #1797, #3524, #2201 ),
 .UNSPECIFIED., .F., .F.,
 ( 4, 4 ),
 ( 0.005851995599612727118, 0.006182471633844792772 ),
 .UNSPECIFIED. ) ;
#4300 = EDGE_CURVE ( 'NONE', #3802, #4747, #2574, .T. ) ;
#4301 = CARTESIAN_POINT ( 'NONE',  ( 11.62497973347224267, -8.575257623866610501, 1.777237770329482380 ) ) ;
#4302 = CARTESIAN_POINT ( 'NONE',  ( 4.866037466048762639, -8.859304380075377239, -12.75553809656419801 ) ) ;
#4303 = CARTESIAN_POINT ( 'NONE',  ( -2.499847315009972704, -7.690188139976355863, -13.65353439024022109 ) ) ;
#4304 = ORIENTED_EDGE ( 'NONE', *, *, #3982, .F. ) ;
#4305 = CARTESIAN_POINT ( 'NONE',  ( 11.91846981810139638, 1.213009255127760921, -9.527349137840445792 ) ) ;
#4306 = EDGE_CURVE ( 'NONE', #2982, #5135, #1888, .T. ) ;
#4307 = VECTOR ( 'NONE', #4786, 1000.000000000000000 ) ;
#4308 = CARTESIAN_POINT ( 'NONE',  ( 4.754566686300586653, 15.04274960149090035, 0.3811111474512711705 ) ) ;
#4309 = CARTESIAN_POINT ( 'NONE',  ( -11.96856926395423315, -0.1460957047373063755, -9.791330810563701803 ) ) ;
#4310 = CARTESIAN_POINT ( 'NONE',  ( -5.056631844581888302, -8.758343269986610835, -12.75869244000833547 ) ) ;
#4311 = CARTESIAN_POINT ( 'NONE',  ( 10.34961971017876436, 2.400368524960634128E-15, -12.24063838753777844 ) ) ;
#4312 = FACE_OUTER_BOUND ( 'NONE', #2438, .T. ) ;
#4313 = CARTESIAN_POINT ( 'NONE',  ( 4.999999999999999112, -5.000201960299634152, -11.74999999778779980 ) ) ;
#4314 = FACE_OUTER_BOUND ( 'NONE', #5122, .T. ) ;
#4315 = DIRECTION ( 'NONE',  ( -1.000000000000000000, -0.000000000000000000, -0.000000000000000000 ) ) ;
#4316 = CARTESIAN_POINT ( 'NONE',  ( 4.862535854319059325, 8.859024739885285271, -12.75537214989323331 ) ) ;
#4317 = ORIENTED_EDGE ( 'NONE', *, *, #3248, .F. ) ;
#4318 = CARTESIAN_POINT ( 'NONE',  ( -4.223133952462282181, -7.314768574369492349, -13.65353439024021220 ) ) ;
#4319 = CARTESIAN_POINT ( 'NONE',  ( 11.86327747995274251, -5.439786974697159216, 6.917222209112898312 ) ) ;
#4320 = CARTESIAN_POINT ( 'NONE',  ( -15.40468664080962569, 17.31243405050479112, -13.65353439024021398 ) ) ;
#4321 = CARTESIAN_POINT ( 'NONE',  ( 10.43290872678574388, 0.5833671724886140275, -12.17372599479286777 ) ) ;
#4322 = CARTESIAN_POINT ( 'NONE',  ( -5.222245417387555655, -6.252407666090283200, -13.65353439024021576 ) ) ;
#4323 = CARTESIAN_POINT ( 'NONE',  ( 9.700000000000001066, 6.010907150245234476, -7.991808007649505718 ) ) ;
#4324 = CARTESIAN_POINT ( 'NONE',  ( -12.56934170277158991, 0.000000000000000000, -8.814338527120410660 ) ) ;
#4325 = ORIENTED_EDGE ( 'NONE', *, *, #5556, .F. ) ;
#4326 = CARTESIAN_POINT ( 'NONE',  ( -10.74363161773558240, 7.298922539659575026E-14, -11.79026603071385004 ) ) ;
#4327 = FACE_OUTER_BOUND ( 'NONE', #5403, .T. ) ;
#4328 = CARTESIAN_POINT ( 'NONE',  ( 3.420968534330743438, -9.272310786793662274, -12.72530102556603993 ) ) ;
#4329 = CARTESIAN_POINT ( 'NONE',  ( -3.587679970074702851, -8.632564625807596315, -13.65353439023975213 ) ) ;
#4330 =( BOUNDED_SURFACE ( )  B_SPLINE_SURFACE ( 3, 2, ( 
 ( #4906, #4529, #2266 ),
 ( #2720, #1495, #4070 ),
 ( #4964, #4099, #3220 ),
 ( #4420, #214, #5337 ),
 ( #2801, #989, #4043 ),
 ( #3568, #2319, #4446 ),
 ( #531, #611, #1897 ),
 ( #644, #3990, #1842 ),
 ( #3540, #3191, #5283 ),
 ( #113, #1922, #3115 ),
 ( #1018, #557, #4854 ),
 ( #3622, #5364, #962 ),
 ( #2293, #2696, #1469 ),
 ( #4017, #4501, #1441 ) ),
 .UNSPECIFIED., .F., .F., .T. ) 
 B_SPLINE_SURFACE_WITH_KNOTS ( ( 4, 2, 2, 2, 2, 2, 4 ),
 ( 3, 3 ),
 ( 0.02398801281597424256, 0.02592642622233715805, 0.02689563292551861579, 0.02786483962870007700, 0.02883404633188153821, 0.02980325303506299595, 0.03174166644142591143 ),
 ( 0.000000000000000000, 1.000000000000000000 ),
 .UNSPECIFIED. ) 
 GEOMETRIC_REPRESENTATION_ITEM ( )  RATIONAL_B_SPLINE_SURFACE ( (
 ( 1.000000000000000000, 0.9247106599772865199, 1.000000000000000000),
 ( 1.000000000000000000, 0.9163905279823038041, 1.000000000000000000),
 ( 1.000000000000000000, 0.9052208072981779985, 1.000000000000000000),
 ( 1.000000000000000000, 0.8853993717177468525, 1.000000000000000000),
 ( 1.000000000000000000, 0.8782285701417278378, 1.000000000000000000),
 ( 1.000000000000000000, 0.8632473784171594833, 1.000000000000000000),
 ( 1.000000000000000000, 0.8554363528000852313, 1.000000000000000000),
 ( 1.000000000000000000, 0.8393319230351181659, 1.000000000000000000),
 ( 1.000000000000000000, 0.8310375069030327966, 1.000000000000000000),
 ( 1.000000000000000000, 0.8141279174926762119, 1.000000000000000000),
 ( 1.000000000000000000, 0.8055337439426828450, 1.000000000000000000),
 ( 1.000000000000000000, 0.7801601312856633053, 1.000000000000000000),
 ( 1.000000000000000000, 0.7635882131139403173, 1.000000000000000000),
 ( 1.000000000000000000, 0.7484268174838415444, 1.000000000000000000) ) ) 
 REPRESENTATION_ITEM ( '' )  SURFACE ( )  );
#4331 = ADVANCED_FACE ( 'NONE', ( #3047, #1819 ), #918, .F. ) ;
#4332 = ORIENTED_EDGE ( 'NONE', *, *, #4098, .F. ) ;
#4333 = CARTESIAN_POINT ( 'NONE',  ( 12.24999999999999112, 1.142729897360342584, -8.322300200922343905 ) ) ;
#4334 = CARTESIAN_POINT ( 'NONE',  ( -11.93271344066477724, -0.8956223655225572511, -9.647053589508153948 ) ) ;
#4335 = CARTESIAN_POINT ( 'NONE',  ( 11.87012413546539591, -5.697415932310887499, 6.640930032325914389 ) ) ;
#4336 = CARTESIAN_POINT ( 'NONE',  ( 9.699999999999999289, -7.888068828548493450, 8.096940982119191332 ) ) ;
#4337 = CARTESIAN_POINT ( 'NONE',  ( -11.79844576793174760, 8.128422390400734574E-14, 9.645951290324607186 ) ) ;
#4338 = CARTESIAN_POINT ( 'NONE',  ( 3.199999999999998845, 4.231031913935582089, 14.30626719223762144 ) ) ;
#4339 = CARTESIAN_POINT ( 'NONE',  ( -12.12773589726077716, 7.461565983937101798, -2.126036687470779896 ) ) ;
#4340 = CARTESIAN_POINT ( 'NONE',  ( 2.217564338353474440, 7.978046754648160821, -6.029335739047275489 ) ) ;
#4341 = ADVANCED_FACE ( 'NONE', ( #2271 ), #889, .F. ) ;
#4342 = CARTESIAN_POINT ( 'NONE',  ( 4.222984669014087977, 7.314853923837318028, -13.65353439024021220 ) ) ;
#4343 = CIRCLE ( 'NONE', #4997, 1.999999999999982681 ) ;
#4344 = VERTEX_POINT ( 'NONE', #4884 ) ;
#4345 = CARTESIAN_POINT ( 'NONE',  ( 4.611722391140096633, 5.439786974697151223, 13.44359300358133247 ) ) ;
#4346 = CARTESIAN_POINT ( 'NONE',  ( -7.495082897782427089, 5.421010862427522170E-14, -16.56226468677081343 ) ) ;
#4347 = CARTESIAN_POINT ( 'NONE',  ( -4.740430528194536031, 8.255710963545654479, -13.65353439024021043 ) ) ;
#4348 = CARTESIAN_POINT ( 'NONE',  ( 10.31885726209892873, 0.1246276768922875422, -12.26658856913212148 ) ) ;
#4349 = CARTESIAN_POINT ( 'NONE',  ( 1.970356796653690346, 3.412758080842873465, -20.83958864581943260 ) ) ;
#4350 = CARTESIAN_POINT ( 'NONE',  ( -7.070393894427975390, -0.0002366018676647132374, -8.749999997787798023 ) ) ;
#4351 = CARTESIAN_POINT ( 'NONE',  ( -7.029418785840034545, -12.17531048475413691, -6.025986191255825908 ) ) ;
#4352 = ORIENTED_EDGE ( 'NONE', *, *, #976, .T. ) ;
#4353 = CARTESIAN_POINT ( 'NONE',  ( -1.963414522414151042, -3.400733709139855954, 14.90075911844933110 ) ) ;
#4354 = CARTESIAN_POINT ( 'NONE',  ( -12.24999999999999289, 0.6165150981362195193, -8.588388933268529257 ) ) ;
#4355 = DIRECTION ( 'NONE',  ( 0.000000000000000000, 0.000000000000000000, -1.000000000000000000 ) ) ;
#4356 = EDGE_LOOP ( 'NONE', ( #4595, #3906, #3501 ) ) ;
#4357 = ORIENTED_EDGE ( 'NONE', *, *, #2287, .F. ) ;
#4358 = CARTESIAN_POINT ( 'NONE',  ( 11.95800600847913131, 0.3958460331146231859, -9.766717477151487969 ) ) ;
#4359 = MECHANICAL_DESIGN_GEOMETRIC_PRESENTATION_REPRESENTATION (  '', ( #5093 ), #373 ) ;
#4360 = DIRECTION ( 'NONE',  ( 2.664535259100375697E-15, 1.000000000000000000, 9.997578540140428538E-17 ) ) ;
#4361 = CARTESIAN_POINT ( 'NONE',  ( -4.273566542672535107, 7.280205712150788600, -13.65353439024021398 ) ) ;
#4362 = CARTESIAN_POINT ( 'NONE',  ( -12.24999999999999645, -0.3659508245009469585, 8.360326026769195451 ) ) ;
#4363 = ADVANCED_FACE ( 'NONE', ( #3146 ), #2053, .T. ) ;
#4364 = CARTESIAN_POINT ( 'NONE',  ( -10.74363161773558240, 7.298922539659575026E-14, -11.79026603071385004 ) ) ;
#4365 = DIRECTION ( 'NONE',  ( 1.000000000000000000, 0.000000000000000000, 0.000000000000000000 ) ) ;
#4366 = AXIS2_PLACEMENT_3D ( 'NONE', #2666, #2636, #3160 ) ;
#4367 = CARTESIAN_POINT ( 'NONE',  ( -12.20567596579606295, 6.728427431559520500, 3.862985739100479599 ) ) ;
#4368 = CARTESIAN_POINT ( 'NONE',  ( -12.24999999999999822, 0.000000000000000000, 1.341602177200549140E-15 ) ) ;
#4369 = CARTESIAN_POINT ( 'NONE',  ( 4.955211959595540172, 8.813576939212190098, -12.75753835728700025 ) ) ;
#4370 = ORIENTED_EDGE ( 'NONE', *, *, #3698, .F. ) ;
#4371 = DIRECTION ( 'NONE',  ( -0.000000000000000000, 1.000000000000000000, -0.000000000000000000 ) ) ;
#4372 = CARTESIAN_POINT ( 'NONE',  ( 11.88163990955822236, 5.512001295659794131, 6.811336153337862243 ) ) ;
#4373 = EDGE_CURVE ( 'NONE', #995, #5269, #2640, .T. ) ;
#4374 = CARTESIAN_POINT ( 'NONE',  ( -4.220721045969309415, 7.316106742032452814, -13.65353439024021220 ) ) ;
#4375 = CARTESIAN_POINT ( 'NONE',  ( 10.55862862845034833, 0.2195510215642871854, -12.06460039720892752 ) ) ;
#4376 = DIRECTION ( 'NONE',  ( -0.000000000000000000, -0.000000000000000000, 1.000000000000000000 ) ) ;
#4377 = CARTESIAN_POINT ( 'NONE',  ( -5.000000000000000888, -5.000201960299634152, -11.74999999778779980 ) ) ;
#4378 = CARTESIAN_POINT ( 'NONE',  ( -14.79902174877078203, -3.496072188400706438, 4.294159011543763782 ) ) ;
#4379 = B_SPLINE_CURVE_WITH_KNOTS ( 'NONE', 3,
 ( #1915, #3263, #3322, #2364, #2767, #3754, #5463, #1993, #1089, #3646, #2822, #1600, #1036, #5015 ),
 .UNSPECIFIED., .F., .F.,
 ( 4, 2, 2, 2, 2, 2, 4 ),
 ( -5.999999998110569390E-08, 0.0004769513353903636829, 0.0009539626707807084697, 0.001907985341561399669, 0.003816030683122782503, 0.005724076024684164252, 0.007632121366245545567 ),
 .UNSPECIFIED. ) ;
#4380 = VERTEX_POINT ( 'NONE', #366 ) ;
#4381 = DIRECTION ( 'NONE',  ( 0.000000000000000000, 1.002010156928930384E-16, -1.000000000000000000 ) ) ;
#4382 = CARTESIAN_POINT ( 'NONE',  ( 4.814798857814203359, 8.880943170330313663, -12.75406442516021599 ) ) ;
#4383 = CARTESIAN_POINT ( 'NONE',  ( -4.996124101430188702, 6.335548272093880939, -10.06286195985387621 ) ) ;
#4384 = ORIENTED_EDGE ( 'NONE', *, *, #3435, .T. ) ;
#4385 = EDGE_LOOP ( 'NONE', ( #4195, #322, #621, #4026, #338, #3666, #544, #1884, #2601, #3124 ) ) ;
#4386 = CARTESIAN_POINT ( 'NONE',  ( -12.25000000000001243, 3.776195732655355464, -6.367207173514112917 ) ) ;
#4387 = CARTESIAN_POINT ( 'NONE',  ( 11.96774799048007232, 0.1709891513950924924, -9.789953059970891047 ) ) ;
#4388 = FACE_OUTER_BOUND ( 'NONE', #871, .T. ) ;
#4389 = CARTESIAN_POINT ( 'NONE',  ( -5.000000000000000888, -5.000201960299634152, -11.74999999778779980 ) ) ;
#4390 = CARTESIAN_POINT ( 'NONE',  ( -12.24999999999999467, -6.378875385305171619, 4.882634427315007741 ) ) ;
#4391 = CARTESIAN_POINT ( 'NONE',  ( -11.97115296434011356, 8.190384643818178775E-14, -9.794801864921526047 ) ) ;
#4392 = CARTESIAN_POINT ( 'NONE',  ( -12.24190819335944092, 5.135646726334642587, 5.849807453453863992 ) ) ;
#4393 = DIRECTION ( 'NONE',  ( -1.000000000000000000, 0.000000000000000000, 1.095185450775958527E-16 ) ) ;
#4394 = CARTESIAN_POINT ( 'NONE',  ( 4.621468886790600195, 8.317277073807490595, -13.65353439024024063 ) ) ;
#4395 = EDGE_CURVE ( 'NONE', #707, #694, #1741, .T. ) ;
#4396 = CARTESIAN_POINT ( 'NONE',  ( -4.420249689259610371, -4.420249689259559744, -24.76024934587180937 ) ) ;
#4397 = CARTESIAN_POINT ( 'NONE',  ( 3.199999999999998845, -7.167467300750716142, 13.07812396529251231 ) ) ;
#4398 = CARTESIAN_POINT ( 'NONE',  ( 5.063604967696551107, -8.754301050922361327, -12.75868488340593743 ) ) ;
#4399 = CARTESIAN_POINT ( 'NONE',  ( -6.885784804320055130, 5.838743277628960726, -13.65353439024162441 ) ) ;
#4400 = CARTESIAN_POINT ( 'NONE',  ( -4.600235068037324737, 8.327197205189969864, -13.65353439024014293 ) ) ;
#4401 = CARTESIAN_POINT ( 'NONE',  ( 1.347928836311760081, 0.000000000000000000, -23.48981541844718990 ) ) ;
#4402 = EDGE_CURVE ( 'NONE', #1937, #4077, #2100, .T. ) ;
#4403 = VERTEX_POINT ( 'NONE', #2589 ) ;
#4404 = ORIENTED_EDGE ( 'NONE', *, *, #897, .T. ) ;
#4405 = CARTESIAN_POINT ( 'NONE',  ( -10.34839238278792628, 0.01617573806894673227, -12.24167601774624003 ) ) ;
#4406 = B_SPLINE_CURVE_WITH_KNOTS ( 'NONE', 3,
 ( #3650, #5018, #1121, #1514, #5385, #235, #2368, #1181, #2397, #1490, #4957, #5075, #638, #3700, #3214, #666, #4093, #1573, #1063, #1604, #5411, #1541, #3297, #2853, #4643, #4582, #5046, #754, #3326, #4121 ),
 .UNSPECIFIED., .F., .F.,
 ( 4, 2, 2, 2, 2, 2, 2, 2, 2, 2, 2, 2, 2, 2, 4 ),
 ( 0.002040062379785977445, 0.003112985320250284162, 0.004185908260714590878, 0.005258831201178898462, 0.006331754141643205179, 0.008477600022571817745, 0.009550522963036125329, 0.01062344590350042944, 0.01169636884396473529, 0.01276929178442904288, 0.01384221472489334699, 0.01491513766535765284, 0.01706098354628626801, 0.01813390648675057559, 0.01920682942721487624 ),
 .UNSPECIFIED. ) ;
#4407 = CARTESIAN_POINT ( 'NONE',  ( -12.25000000000000178, 0.1290024133936215622, -8.760521468426633263 ) ) ;
#4408 = DIRECTION ( 'NONE',  ( 0.000000000000000000, 0.000000000000000000, 1.000000000000000000 ) ) ;
#4409 = DIRECTION ( 'NONE',  ( -0.000000000000000000, -1.000000000000000000, -0.000000000000000000 ) ) ;
#4410 = ADVANCED_FACE ( 'NONE', ( #4314 ), #3831, .F. ) ;
#4411 = VERTEX_POINT ( 'NONE', #2558 ) ;
#4412 = CARTESIAN_POINT ( 'NONE',  ( -12.25000000000000355, 3.939584470441353847, -6.223742772193111783 ) ) ;
#4413 = CARTESIAN_POINT ( 'NONE',  ( 12.25000000000000178, 0.000000000000000000, -9.323646952292317991 ) ) ;
#4414 = CARTESIAN_POINT ( 'NONE',  ( 7.188856163815351863, -6.441721227851103571, -12.71576521803152637 ) ) ;
#4415 = CARTESIAN_POINT ( 'NONE',  ( -4.996124101430190478, 6.335548272093885380, -10.06286195985388865 ) ) ;
#4416 = CARTESIAN_POINT ( 'NONE',  ( -12.25000000000121503, -6.233246739661082003, 5.110071977547950617 ) ) ;
#4417 = CARTESIAN_POINT ( 'NONE',  ( 5.056631844582018864, 8.758343269986552215, -12.75869244000834435 ) ) ;
#4418 = CARTESIAN_POINT ( 'NONE',  ( 8.811691165149200700, 3.730262698005753386, -12.71343403529106730 ) ) ;
#4419 = CARTESIAN_POINT ( 'NONE',  ( 4.221972597146228523, 7.315419243470772770, -13.65353439024022109 ) ) ;
#4420 = CARTESIAN_POINT ( 'NONE',  ( 5.533506554612731776, 6.083839314593658898, -10.96032708507411080 ) ) ;
#4421 = DIRECTION ( 'NONE',  ( -0.000000000000000000, -0.000000000000000000, 1.000000000000000000 ) ) ;
#4422 = CARTESIAN_POINT ( 'NONE',  ( 4.223286983316952181, -7.314679823635472644, -13.65353439024021576 ) ) ;
#4423 = CARTESIAN_POINT ( 'NONE',  ( -4.994360951464948961, 6.543203437398698696, -13.65353439024021220 ) ) ;
#4424 = CARTESIAN_POINT ( 'NONE',  ( -4.057923353193403138, 7.383540036639960391, -13.65353439024021931 ) ) ;
#4425 = CARTESIAN_POINT ( 'NONE',  ( 11.90911644891093069, 1.426049001915945524, -9.445510224714997349 ) ) ;
#4426 = ORIENTED_EDGE ( 'NONE', *, *, #4117, .T. ) ;
#4427 = ORIENTED_EDGE ( 'NONE', *, *, #2045, .F. ) ;
#4428 = CARTESIAN_POINT ( 'NONE',  ( -10.19807801189245389, 0.3716060081114315738, -12.36732925565166852 ) ) ;
#4429 = B_SPLINE_CURVE_WITH_KNOTS ( 'NONE', 3,
 ( #5562, #4702, #3272, #3419, #2547, #5023, #5592, #1548, #1974, #4274 ),
 .UNSPECIFIED., .F., .F.,
 ( 4, 2, 2, 2, 4 ),
 ( 7.806255641895631925E-18, 0.0005409694617365238840, 0.001081938923473039962, 0.001622908385209556039, 0.002163877846946072117 ),
 .UNSPECIFIED. ) ;
#4430 = CARTESIAN_POINT ( 'NONE',  ( -6.335548272093887157, -4.996124101430185149, -13.64423972950235608 ) ) ;
#4431 = CARTESIAN_POINT ( 'NONE',  ( 3.428110946710524409, 9.270407521747779711, -12.72548110869216131 ) ) ;
#4432 = CARTESIAN_POINT ( 'NONE',  ( 11.97115296434014198, 0.000000000000000000, -9.794801864921515389 ) ) ;
#4433 = ORIENTED_EDGE ( 'NONE', *, *, #4795, .T. ) ;
#4434 = VERTEX_POINT ( 'NONE', #3337 ) ;
#4435 = CARTESIAN_POINT ( 'NONE',  ( -11.91912008946398416, 7.233842684276533319, -3.811781697790885381 ) ) ;
#4436 = FACE_OUTER_BOUND ( 'NONE', #3577, .T. ) ;
#4437 = EDGE_CURVE ( 'NONE', #898, #5344, #1280, .T. ) ;
#4438 = CARTESIAN_POINT ( 'NONE',  ( 3.801147468555006625, -7.461046374552483762, -13.65353439024022109 ) ) ;
#4439 = CARTESIAN_POINT ( 'NONE',  ( -5.976349231936683992, 5.704607503292288051, -12.09095288829157688 ) ) ;
#4440 = B_SPLINE_CURVE_WITH_KNOTS ( 'NONE', 3,
 ( #5493, #1146, #4607, #4551, #5383, #721, #1486, #4954, #1061, #2791, #4522, #4091, #206, #5408 ),
 .UNSPECIFIED., .F., .F.,
 ( 4, 1, 2, 1, 1, 1, 1, 1, 1, 1, 4 ),
 ( 0.2932166537243614535, 0.3107681169352063955, 0.4143574892469418791, 0.4875628030910741373, 0.5607681169352063399, 0.6339734307793387647, 0.7071787446234709673, 0.7803840584676031700, 0.8535893723117353726, 0.9267946861558677973, 1.000000000000000000 ),
 .UNSPECIFIED. ) ;
#4441 = CARTESIAN_POINT ( 'NONE',  ( -11.84211942534624740, -4.599730944606300831, 7.700212646616138024 ) ) ;
#4442 = CARTESIAN_POINT ( 'NONE',  ( -11.84372271988475767, -4.344901272317292396, -7.477030999077322271 ) ) ;
#4443 = CARTESIAN_POINT ( 'NONE',  ( 6.020023704595977243, 7.938010669041777767, -12.73151409465905459 ) ) ;
#4444 = CARTESIAN_POINT ( 'NONE',  ( 10.26892753423959093, -0.2393715153262020168, -12.30844939543396954 ) ) ;
#4445 = VECTOR ( 'NONE', #1014, 1000.000000000000000 ) ;
#4446 = CARTESIAN_POINT ( 'NONE',  ( 9.002417149318164391, 6.479891415860263848, -7.618135932103462515 ) ) ;
#4447 = CIRCLE ( 'NONE', #2000, 8.750000000000001776 ) ;
#4448 = DIRECTION ( 'NONE',  ( 1.000000000000000000, -0.000000000000000000, -1.095185450775958527E-16 ) ) ;
#4449 = CARTESIAN_POINT ( 'NONE',  ( 4.779359055625255870, -8.233221455456828153, -13.65353439024021753 ) ) ;
#4450 = CARTESIAN_POINT ( 'NONE',  ( -4.359090993427205518, 7.210878658060765112, -13.65353439024022109 ) ) ;
#4451 = CARTESIAN_POINT ( 'NONE',  ( 3.906460299841330919, 9.169049128283369043, -12.73258187099301608 ) ) ;
#4452 = CARTESIAN_POINT ( 'NONE',  ( 5.358413296311315577, 6.188901628842032210, -10.60447049177004963 ) ) ;
#4453 = ORIENTED_EDGE ( 'NONE', *, *, #5040, .T. ) ;
#4454 = CIRCLE ( 'NONE', #285, 17.35143634042849570 ) ;
#4455 = ORIENTED_EDGE ( 'NONE', *, *, #3503, .F. ) ;
#4456 = CARTESIAN_POINT ( 'NONE',  ( -10.70209276741000259, 0.3757778222322506467, -11.80677836073089182 ) ) ;
#4457 = CARTESIAN_POINT ( 'NONE',  ( 12.25000000000000355, 1.550012627120719854E-15, -9.323646952292294898 ) ) ;
#4458 = CARTESIAN_POINT ( 'NONE',  ( 4.666474047330646080, 8.943541142342926520, -12.74984582234651675 ) ) ;
#4459 = CARTESIAN_POINT ( 'NONE',  ( -6.813118828444489239, 4.834145718629915933, -9.411100594764372218 ) ) ;
#4460 = CARTESIAN_POINT ( 'NONE',  ( -12.25000000000000533, -0.6138638991441905945, -8.589326922227670025 ) ) ;
#4461 = FACE_OUTER_BOUND ( 'NONE', #419, .T. ) ;
#4462 = CIRCLE ( 'NONE', #105, 2.000000000000000000 ) ;
#4463 = ORIENTED_EDGE ( 'NONE', *, *, #4724, .F. ) ;
#4464 = EDGE_CURVE ( 'NONE', #1829, #1586, #2066, .T. ) ;
#4465 = CARTESIAN_POINT ( 'NONE',  ( -11.94152745689541462, 8.033948136574347032, 1.986422480503078125 ) ) ;
#4466 = CARTESIAN_POINT ( 'NONE',  ( 7.070393896041109016, 9.287345689728979461E-15, -11.74999999778779980 ) ) ;
#4467 = CARTESIAN_POINT ( 'NONE',  ( 4.918977493763841302, 6.633217250474979565, -13.65353439024021753 ) ) ;
#4468 = CARTESIAN_POINT ( 'NONE',  ( -5.538773373911157982, -6.084756151171630378, -7.936265410445670021 ) ) ;
#4469 = EDGE_CURVE ( 'NONE', #4411, #2579, #526, .T. ) ;
#4470 = CARTESIAN_POINT ( 'NONE',  ( -12.24999999999956835, -7.357364387349369927, 2.703622107361093541 ) ) ;
#4471 = CARTESIAN_POINT ( 'NONE',  ( 8.925446771053779926, 1.892881048235016683, -13.31481341276962738 ) ) ;
#4472 = CARTESIAN_POINT ( 'NONE',  ( 6.335548272093890709, 4.996124101430186037, -13.64423972950234898 ) ) ;
#4473 = APPLICATION_PROTOCOL_DEFINITION ( 'draft international standard', 'automotive_design', 1998, #5601 ) ;
#4474 = DIRECTION ( 'NONE',  ( 0.000000000000000000, 0.000000000000000000, 1.000000000000000000 ) ) ;
#4475 = CARTESIAN_POINT ( 'NONE',  ( 10.74160433660058445, -0.08917449570525234903, -11.79029531888082971 ) ) ;
#4476 = CARTESIAN_POINT ( 'NONE',  ( -6.249999999999999112, 7.452523528074622483, -6.667825212428279080 ) ) ;
#4477 = CARTESIAN_POINT ( 'NONE',  ( 11.87938786322581208, 5.422592328798106820, 6.903690638914578237 ) ) ;
#4478 = CARTESIAN_POINT ( 'NONE',  ( 4.223632903336725697, -7.314475633376456898, -13.65353439024022109 ) ) ;
#4479 = CARTESIAN_POINT ( 'NONE',  ( -4.227738877524128469, 7.311951271664635321, -13.65353439024021931 ) ) ;
#4480 = CARTESIAN_POINT ( 'NONE',  ( 0.3883807620347138334, 9.514671211198827194, -12.71259907716783033 ) ) ;
#4481 = AXIS2_PLACEMENT_3D ( 'NONE', #3838, #2596, #3016 ) ;
#4482 = CARTESIAN_POINT ( 'NONE',  ( 10.66806028114447358, -0.5171775481570608513, -11.82539839269122695 ) ) ;
#4483 = EDGE_LOOP ( 'NONE', ( #4925, #3835, #4427, #3358, #2997 ) ) ;
#4484 = ORIENTED_EDGE ( 'NONE', *, *, #4611, .T. ) ;
#4485 = CARTESIAN_POINT ( 'NONE',  ( -10.72640481350363295, 0.2455339585744542308, -11.79506428977889065 ) ) ;
#4486 = CARTESIAN_POINT ( 'NONE',  ( 12.25000000000160583, -1.744704915463641148, -8.693222294226846003 ) ) ;
#4487 = CARTESIAN_POINT ( 'NONE',  ( 4.799367520882094063, 8.221193223995596711, -13.65353439024021576 ) ) ;
#4488 = CARTESIAN_POINT ( 'NONE',  ( -5.797001612557740380, 6.049600497216054862, -8.464377002250184745 ) ) ;
#4489 = CARTESIAN_POINT ( 'NONE',  ( -11.87813135992321811, 5.974367529986587044, -5.845401301857410026 ) ) ;
#4490 = CYLINDRICAL_SURFACE ( 'NONE', #5485, 17.35143634042849570 ) ;
#4491 = ORIENTED_EDGE ( 'NONE', *, *, #4495, .F. ) ;
#4492 = CARTESIAN_POINT ( 'NONE',  ( -12.24999999999999467, 6.805632050329275984, 2.505098852656018060 ) ) ;
#4493 = CARTESIAN_POINT ( 'NONE',  ( -6.249999999999997335, 7.153077274473686131, -7.029896828205895787 ) ) ;
#4494 = LINE ( 'NONE', #633, #2342 ) ;
#4495 = EDGE_CURVE ( 'NONE', #172, #1735, #3573, .T. ) ;
#4496 = CARTESIAN_POINT ( 'NONE',  ( 4.690837793375671083, -8.282600937588457057, -13.65353439024022641 ) ) ;
#4497 = CARTESIAN_POINT ( 'NONE',  ( -12.24999999999999112, -5.858885282354153290, 4.548532724248345538 ) ) ;
#4498 = CARTESIAN_POINT ( 'NONE',  ( 9.203127777954760447, 1.602657929215344890, -13.12867283613561042 ) ) ;
#4499 = CARTESIAN_POINT ( 'NONE',  ( -12.17411880391997947, -5.162348614597154217, -5.791791402895715812 ) ) ;
#4500 = CARTESIAN_POINT ( 'NONE',  ( 10.74287279996040390, -0.05558644587723808594, -11.79021102033121693 ) ) ;
#4501 = CARTESIAN_POINT ( 'NONE',  ( 6.854043394025371327, 3.233135976244549514, -9.531222184509639206 ) ) ;
#4502 = PRESENTATION_STYLE_ASSIGNMENT (( #2005 ) ) ;
#4503 = CARTESIAN_POINT ( 'NONE',  ( 5.067060868529769557, -8.752284905220257372, -12.75867610643142136 ) ) ;
#4504 = PRODUCT_DEFINITION ( '未知', '', #1184, #4722 ) ;
#4505 = CARTESIAN_POINT ( 'NONE',  ( -6.820872811709713268, 3.833796809194999433, -13.65353439024019977 ) ) ;
#4506 = CARTESIAN_POINT ( 'NONE',  ( 3.783258677289763394, 8.591604739546573555, -13.65353439024020687 ) ) ;
#4507 = EDGE_CURVE ( 'NONE', #5345, #2248, #323, .T. ) ;
#4508 = CARTESIAN_POINT ( 'NONE',  ( 14.05883757168013126, 0.000000000000000000, -6.025986191255835678 ) ) ;
#4509 = ORIENTED_EDGE ( 'NONE', *, *, #4956, .F. ) ;
#4510 = ORIENTED_EDGE ( 'NONE', *, *, #657, .T. ) ;
#4511 = CARTESIAN_POINT ( 'NONE',  ( -10.55063778780165862, 0.2532808078327138390, -12.07159517915492408 ) ) ;
#4512 = CARTESIAN_POINT ( 'NONE',  ( 12.24999999999999467, -0.3048645945297409621, -8.711733874268766442 ) ) ;
#4513 = CARTESIAN_POINT ( 'NONE',  ( 4.223286966585821034, 7.314679730291145709, -13.65353439024021576 ) ) ;
#4514 = CARTESIAN_POINT ( 'NONE',  ( -4.226833563100295343, -7.312527071142460144, -13.65353439024021576 ) ) ;
#4515 = VECTOR ( 'NONE', #3961, 1000.000000000000000 ) ;
#4516 = CARTESIAN_POINT ( 'NONE',  ( 7.743981870925445586E-15, 4.648177544792775881E-16, -24.76024934587180226 ) ) ;
#4517 = ORIENTED_EDGE ( 'NONE', *, *, #4572, .T. ) ;
#4518 = VERTEX_POINT ( 'NONE', #3062 ) ;
#4519 = AXIS2_PLACEMENT_3D ( 'NONE', #4787, #2707, #4355 ) ;
#4520 = CARTESIAN_POINT ( 'NONE',  ( -11.86818930684825446, 5.631943917615597428, 6.736027005090766018 ) ) ;
#4521 = CARTESIAN_POINT ( 'NONE',  ( -6.249999999999996447, 6.556376582376625350, -7.929097664049021610 ) ) ;
#4522 = CARTESIAN_POINT ( 'NONE',  ( -3.797213619550799280, 6.576966916254646911, 13.40799355303541596 ) ) ;
#4523 = CARTESIAN_POINT ( 'NONE',  ( 11.89569333884093894, 5.439786974697151223, 6.853555111758852014 ) ) ;
#4524 = CARTESIAN_POINT ( 'NONE',  ( 0.8796659204355907757, 7.049451328307772435, -8.941836644467015205 ) ) ;
#4525 = CARTESIAN_POINT ( 'NONE',  ( -12.25000000000000355, -7.139170410949697398, 0.5708971902258086484 ) ) ;
#4526 = DIRECTION ( 'NONE',  ( -0.9125389635898898399, 0.2743738464330938709, 0.3033012237426661595 ) ) ;
#4527 = CARTESIAN_POINT ( 'NONE',  ( -12.21105756716892543, -6.565356285817722792, 4.182994865912274207 ) ) ;
#4528 = CARTESIAN_POINT ( 'NONE',  ( 10.74085633826247133, -0.1025923634208281976, -11.79040665973773194 ) ) ;
#4529 = CARTESIAN_POINT ( 'NONE',  ( 5.593976898344675597, 6.155791376185680619, -8.101496439174029618 ) ) ;
#4530 = CARTESIAN_POINT ( 'NONE',  ( 11.90152269322757839, 5.669039357420802894, 6.606288213819962785 ) ) ;
#4531 = EDGE_CURVE ( 'NONE', #1996, #5608, #3647, .T. ) ;
#4532 = CARTESIAN_POINT ( 'NONE',  ( -10.58037662275238766, -0.03246860273601845370, -12.04553921003497408 ) ) ;
#4533 = CIRCLE ( 'NONE', #2815, 2.000000000000000000 ) ;
#4534 = CARTESIAN_POINT ( 'NONE',  ( 4.020910479448772890, 7.395726424996491133, -13.65353439024021220 ) ) ;
#4535 = CARTESIAN_POINT ( 'NONE',  ( 7.495082897782441300, 1.418717910155283590, -16.56226468677082053 ) ) ;
#4536 = CIRCLE ( 'NONE', #4076, 1.999999999999974909 ) ;
#4537 = VERTEX_POINT ( 'NONE', #479 ) ;
#4538 = EDGE_LOOP ( 'NONE', ( #2925, #4517, #1105, #570 ) ) ;
#4539 = CARTESIAN_POINT ( 'NONE',  ( 7.783531023533804216, -4.385834998082565050, -13.65353439024351978 ) ) ;
#4540 = EDGE_CURVE ( 'NONE', #3147, #3548, #1461, .T. ) ;
#4541 = CARTESIAN_POINT ( 'NONE',  ( 4.321523561283459713, -7.242449380697816075, -13.65353439024021576 ) ) ;
#4542 = DIRECTION ( 'NONE',  ( 0.9118589362461547720, 0.4105036910772312253, 0.000000000000000000 ) ) ;
#4543 = CARTESIAN_POINT ( 'NONE',  ( -5.216532879139558432, -8.657477175373937683, -12.75607494249302043 ) ) ;
#4544 = CARTESIAN_POINT ( 'NONE',  ( -11.79844655374120599, 0.2308990151139936609, 9.645950329068293527 ) ) ;
#4545 = AXIS2_PLACEMENT_3D ( 'NONE', #5570, #478, #2946 ) ;
#4546 = CARTESIAN_POINT ( 'NONE',  ( 3.797213619550847241, -6.576966916254619377, 13.40799355303542839 ) ) ;
#4547 = ORIENTED_EDGE ( 'NONE', *, *, #2803, .T. ) ;
#4548 = CARTESIAN_POINT ( 'NONE',  ( -12.24999999999999822, 5.437663505786198392, 5.163610721798138847 ) ) ;
#4549 = CARTESIAN_POINT ( 'NONE',  ( -6.249999999999996447, 5.937716136731046035, -9.423317272673488176 ) ) ;
#4550 = VECTOR ( 'NONE', #4777, 1000.000000000000000 ) ;
#4551 = CARTESIAN_POINT ( 'NONE',  ( -6.284670851385688373, 10.88536922344739644, -8.814338527120403555 ) ) ;
#4552 = PLANE ( 'NONE',  #4826 ) ;
#4553 = DIRECTION ( 'NONE',  ( -0.4999999999999992228, 0.8660254037844391517, 0.000000000000000000 ) ) ;
#4554 = CARTESIAN_POINT ( 'NONE',  ( -12.24999999999994671, -4.304896752328827958, -6.804758037865636489 ) ) ;
#4555 = DIRECTION ( 'NONE',  ( 0.000000000000000000, 1.000000000000000000, 0.000000000000000000 ) ) ;
#4556 = CARTESIAN_POINT ( 'NONE',  ( -8.819187842890652718, -2.346378714901168117, -13.65353439024020687 ) ) ;
#4557 = CARTESIAN_POINT ( 'NONE',  ( -6.767570036529282795, 3.236479794867809456, -6.096152422706658136 ) ) ;
#4558 = DIRECTION ( 'NONE',  ( -0.000000000000000000, 1.000000000000000000, 0.000000000000000000 ) ) ;
#4559 = CARTESIAN_POINT ( 'NONE',  ( -12.25000000000000888, 0.08142038330966162862, -9.321917920546061609 ) ) ;
#4560 = CARTESIAN_POINT ( 'NONE',  ( -5.500000000000000888, -15.04274960149093410, 0.000000000000000000 ) ) ;
#4561 = CARTESIAN_POINT ( 'NONE',  ( -10.34921523775634888, -0.008191956122243384056, -12.24098036446993554 ) ) ;
#4562 = CARTESIAN_POINT ( 'NONE',  ( -0.7353534504251451054, 8.927839781665763752, -13.65353439023897408 ) ) ;
#4563 = CARTESIAN_POINT ( 'NONE',  ( 7.399510874385340387, 12.81632878559389077, 4.294159011543782434 ) ) ;
#4564 = EDGE_CURVE ( 'NONE', #1735, #2764, #1352, .T. ) ;
#4565 = EDGE_LOOP ( 'NONE', ( #1567, #2620, #262, #2360, #3742, #3954, #5099 ) ) ;
#4566 = ORIENTED_EDGE ( 'NONE', *, *, #5038, .F. ) ;
#4567 = CARTESIAN_POINT ( 'NONE',  ( -4.222422818506580633, -7.315169034017306338, -13.65353439024021043 ) ) ;
#4568 = CARTESIAN_POINT ( 'NONE',  ( 5.532444289067030674, -7.586983451275050250, -13.65353439024057280 ) ) ;
#4569 = DIRECTION ( 'NONE',  ( -0.000000000000000000, -0.000000000000000000, 1.000000000000000000 ) ) ;
#4570 = CARTESIAN_POINT ( 'NONE',  ( 4.223633269110001365, 7.314476193669521287, -13.65353439024021043 ) ) ;
#4571 = CARTESIAN_POINT ( 'NONE',  ( -6.944873640416765248, 4.153851628172914090, -9.815127662605902970 ) ) ;
#4572 = EDGE_CURVE ( 'NONE', #2484, #4344, #3037, .T. ) ;
#4573 = DIRECTION ( 'NONE',  ( -0.4999999999260949513, -0.8660254038271079091, 0.000000000000000000 ) ) ;
#4574 = CARTESIAN_POINT ( 'NONE',  ( 15.40468664080962746, -8.673617379884035472E-16, 0.3811111474512781094 ) ) ;
#4575 = ORIENTED_EDGE ( 'NONE', *, *, #3911, .F. ) ;
#4576 = CARTESIAN_POINT ( 'NONE',  ( -11.80958021735624186, 2.962765783047914603, 8.814776316469140838 ) ) ;
#4577 = CARTESIAN_POINT ( 'NONE',  ( -10.14475737777891418, 0.4553985831782572657, -12.41116164818520851 ) ) ;
#4578 = DIRECTION ( 'NONE',  ( 1.000000000000000000, -0.000000000000000000, -1.095185450775958527E-16 ) ) ;
#4579 = ADVANCED_FACE ( 'NONE', ( #455 ), #958, .F. ) ;
#4580 = CARTESIAN_POINT ( 'NONE',  ( 4.220721045969366259, -7.316106742032419952, -13.65353439024021931 ) ) ;
#4581 = EDGE_LOOP ( 'NONE', ( #3225, #1482, #2817 ) ) ;
#4582 = CARTESIAN_POINT ( 'NONE',  ( 11.75782196281028469, 6.939832546302167060, 5.341403477987180182 ) ) ;
#4583 = CARTESIAN_POINT ( 'NONE',  ( -12.25000000000000178, -3.952511050442075735, -6.212209196851672388 ) ) ;
#4584 = DIRECTION ( 'NONE',  ( 0.000000000000000000, 1.000000000000000000, 9.997578540140220230E-17 ) ) ;
#4585 = CARTESIAN_POINT ( 'NONE',  ( -5.174417964191520447, -7.938529418208318589, -13.65353439024021043 ) ) ;
#4586 = B_SPLINE_SURFACE_WITH_KNOTS ( 'NONE', 3, 3, ( 
 ( #4697, #415, #4238, #3321 ),
 ( #808, #3813, #5554, #1661 ),
 ( #5492, #4205, #3384, #318 ),
 ( #5131, #1236, #2145, #2963 ),
 ( #5617, #1718, #2542, #383 ),
 ( #3844, #5586, #2877, #288 ),
 ( #1692, #4605, #1598, #5159 ),
 ( #2052, #1264, #2993, #4727 ),
 ( #839, #2448, #5069, #1174 ),
 ( #2906, #4635, #749, #2480 ),
 ( #3783, #3051, #4785, #1746 ),
 ( #5217, #3901, #1325, #1297 ),
 ( #893, #17, #2200, #866 ),
 ( #1771, #3470, #2629, #4353 ),
 ( #469, #3929, #45, #3497 ),
 ( #5239, #3024, #1348, #4757 ) ),
 .UNSPECIFIED., .F., .F., .F.,
 ( 4, 1, 1, 1, 2, 1, 1, 1, 1, 1, 1, 1, 4 ),
 ( 4, 4 ),
 ( 0.000000000000000000, 0.1035893723117354698, 0.2071787446234709396, 0.3107681169352063955, 0.4143574892469418791, 0.4875628030910741373, 0.5607681169352063399, 0.6339734307793387647, 0.7071787446234709673, 0.7803840584676031700, 0.8535893723117353726, 0.9267946861558677973, 1.000000000000000000 ),
 ( 0.000000000000000000, 1.000000000000000000 ),
 .UNSPECIFIED. ) ;
#4587 = CARTESIAN_POINT ( 'NONE',  ( -12.18903645567728056, -7.209750290229710146, 2.865937560907799497 ) ) ;
#4588 = LINE ( 'NONE', #2887, #1382 ) ;
#4589 = FACE_OUTER_BOUND ( 'NONE', #1235, .T. ) ;
#4590 = DIRECTION ( 'NONE',  ( 0.000000000000000000, -1.521645404548294128E-15, 1.000000000000000000 ) ) ;
#4591 = CARTESIAN_POINT ( 'NONE',  ( 7.166787634480217939, 5.892318704692411480, -8.749999997787798023 ) ) ;
#4592 = CARTESIAN_POINT ( 'NONE',  ( 9.508353281324218642, -2.399713013312696042, -12.62052856735978246 ) ) ;
#4593 = CARTESIAN_POINT ( 'NONE',  ( 11.85041738963643887, 3.895171104890494007, -7.835186153731531711 ) ) ;
#4594 = CARTESIAN_POINT ( 'NONE',  ( 7.070393896041109016, 9.287295642215402315E-15, -8.749999997787798023 ) ) ;
#4595 = ORIENTED_EDGE ( 'NONE', *, *, #3973, .F. ) ;
#4596 = ORIENTED_EDGE ( 'NONE', *, *, #4819, .F. ) ;
#4597 = CARTESIAN_POINT ( 'NONE',  ( -4.211042781953966418, -7.321108594149762894, -13.65353439024022109 ) ) ;
#4598 = CARTESIAN_POINT ( 'NONE',  ( 5.657647797409873114, -5.677055728286571679, -13.65353439024021576 ) ) ;
#4599 = CARTESIAN_POINT ( 'NONE',  ( 12.25000000000006750, -0.1667684075046463321, -9.315806375865562927 ) ) ;
#4600 = CARTESIAN_POINT ( 'NONE',  ( 4.784029666284722815, 8.230453615215681751, -13.65353439024021753 ) ) ;
#4601 = CARTESIAN_POINT ( 'NONE',  ( -5.179780680855958330, -8.682090541227399427, -12.75699844980204922 ) ) ;
#4602 = CARTESIAN_POINT ( 'NONE',  ( -11.94331183015500031, 8.091046732854078272, 1.906509987737258882 ) ) ;
#4603 = CARTESIAN_POINT ( 'NONE',  ( 7.496646891116857780, -12.98457330181773628, -3.557211016089484978 ) ) ;
#4604 = ORIENTED_EDGE ( 'NONE', *, *, #3648, .F. ) ;
#4605 = CARTESIAN_POINT ( 'NONE',  ( 4.572956372410233783, -13.59354972040202192, -6.025986191255825020 ) ) ;
#4606 = EDGE_CURVE ( 'NONE', #3721, #1163, #1069, .T. ) ;
#4607 = CARTESIAN_POINT ( 'NONE',  ( -5.735612576749678837, 9.934372395461698702, -10.68353278442184973 ) ) ;
#4608 = CARTESIAN_POINT ( 'NONE',  ( 4.172669504271818042, -7.338905424007408307, -13.65353439024022109 ) ) ;
#4609 = ORIENTED_EDGE ( 'NONE', *, *, #375, .T. ) ;
#4610 = AXIS2_PLACEMENT_3D ( 'NONE', #1376, #517, #2251 ) ;
#4611 = EDGE_CURVE ( 'NONE', #4657, #2982, #3112, .T. ) ;
#4612 = EDGE_CURVE ( 'NONE', #4949, #4105, #5333, .T. ) ;
#4613 = LINE ( 'NONE', #1944, #1643 ) ;
#4614 = CARTESIAN_POINT ( 'NONE',  ( -12.25000000000087397, -5.666213187311735844, -5.355608667414742285 ) ) ;
#4615 = DIRECTION ( 'NONE',  ( 0.000000000000000000, 0.000000000000000000, -1.000000000000000000 ) ) ;
#4616 = CARTESIAN_POINT ( 'NONE',  ( -4.917726245296924148, 6.633888713981105134, -13.65353439024020865 ) ) ;
#4617 = CARTESIAN_POINT ( 'NONE',  ( -12.20847915465447997, -4.292748589522311420, -6.462809934351751551 ) ) ;
#4618 = FACE_BOUND ( 'NONE', #1195, .T. ) ;
#4619 = CARTESIAN_POINT ( 'NONE',  ( -10.72837684168984396, 0.2629894457611802738, -11.79261558341851135 ) ) ;
#4620 = FACE_OUTER_BOUND ( 'NONE', #4538, .T. ) ;
#4621 = CARTESIAN_POINT ( 'NONE',  ( -7.811825646387161370, -1.892881048235033115, -13.65353439024021576 ) ) ;
#4622 = CARTESIAN_POINT ( 'NONE',  ( -11.92577792908456757, -7.580234029747357383, 3.702926264984723659 ) ) ;
#4623 = CARTESIAN_POINT ( 'NONE',  ( 3.555182337825544270, 7.521258025238696909, -13.65353439024021043 ) ) ;
#4624 = DIRECTION ( 'NONE',  ( 0.000000000000000000, 0.000000000000000000, 1.000000000000000000 ) ) ;
#4625 = ORIENTED_EDGE ( 'NONE', *, *, #3176, .T. ) ;
#4626 = ORIENTED_EDGE ( 'NONE', *, *, #234, .T. ) ;
#4627 = CARTESIAN_POINT ( 'NONE',  ( -5.025069398714018476, -8.776240596012378603, -12.75855600150338276 ) ) ;
#4628 = CARTESIAN_POINT ( 'NONE',  ( -7.743981870925448741E-15, -4.648177544792236497E-16, -24.76024934587180226 ) ) ;
#4629 = CARTESIAN_POINT ( 'NONE',  ( -6.940020659299676709, 2.123542262953189930, -4.959819426707592349 ) ) ;
#4630 = CARTESIAN_POINT ( 'NONE',  ( 4.994164699345971847, 6.544261561956534301, -13.65353439024020510 ) ) ;
#4631 = CARTESIAN_POINT ( 'NONE',  ( -10.43290872678511327, -0.5833671724883039422, -12.17372599479331363 ) ) ;
#4632 = CARTESIAN_POINT ( 'NONE',  ( 10.42719820300463240, -11.06829269139357663, 4.294159011543763782 ) ) ;
#4633 = CARTESIAN_POINT ( 'NONE',  ( 4.976187199889651858, -5.781573237872249749, -16.56226468677082053 ) ) ;
#4634 = ORIENTED_EDGE ( 'NONE', *, *, #3309, .T. ) ;
#4635 = CARTESIAN_POINT ( 'NONE',  ( 4.378742262232913518, -14.56037035697966076, 4.294159011543782434 ) ) ;
#4636 = AXIS2_PLACEMENT_3D ( 'NONE', #986, #5306, #4365 ) ;
#4637 = VECTOR ( 'NONE', #2039, 1000.000000000000000 ) ;
#4638 = CYLINDRICAL_SURFACE ( 'NONE', #4022, 0.8999999999999999112 ) ;
#4639 = CARTESIAN_POINT ( 'NONE',  ( -5.323000461139577588, -8.584935379204225114, -12.75282427920954476 ) ) ;
#4640 = CARTESIAN_POINT ( 'NONE',  ( 3.065242421064895417, -9.326258380646502033, -12.72205756835335499 ) ) ;
#4641 = EDGE_CURVE ( 'NONE', #4761, #995, #1544, .T. ) ;
#4642 = ORIENTED_EDGE ( 'NONE', *, *, #4098, .T. ) ;
#4643 = CARTESIAN_POINT ( 'NONE',  ( 11.70856892164260366, 7.562290890008870115, 4.460013905400102452 ) ) ;
#4644 = CARTESIAN_POINT ( 'NONE',  ( -12.24999999999999822, -6.363430734304994729, -3.054951319575482493 ) ) ;
#4645 = CARTESIAN_POINT ( 'NONE',  ( 7.070393896041109016, 9.287345689728979461E-15, -9.749999997787799799 ) ) ;
#4646 = CARTESIAN_POINT ( 'NONE',  ( -6.544737765453486844, -4.304832687626529264, -13.65353439024021576 ) ) ;
#4647 = CARTESIAN_POINT ( 'NONE',  ( 7.767376954918645993, -11.69147129185603440, -6.000000000000001776 ) ) ;
#4648 = EDGE_CURVE ( 'NONE', #1929, #2807, #473, .T. ) ;
#4649 = CARTESIAN_POINT ( 'NONE',  ( -12.25000000000000000, 0.06309925017998582741, -8.771066719576484871 ) ) ;
#4650 = CARTESIAN_POINT ( 'NONE',  ( -9.355492701130451394, 2.589388974356008788, -12.71828949103744399 ) ) ;
#4651 = DIRECTION ( 'NONE',  ( 1.000000000000000000, 0.000000000000000000, 0.000000000000000000 ) ) ;
#4652 = CARTESIAN_POINT ( 'NONE',  ( 10.74363161773562858, 0.000000000000000000, -11.79026603071380919 ) ) ;
#4653 = DIRECTION ( 'NONE',  ( 0.000000000000000000, 0.000000000000000000, 1.000000000000000000 ) ) ;
#4654 = CARTESIAN_POINT ( 'NONE',  ( 12.25000000000000000, 0.000000000000000000, -8.750000000000003553 ) ) ;
#4655 = EDGE_CURVE ( 'NONE', #4657, #4726, #4913, .T. ) ;
#4656 = CARTESIAN_POINT ( 'NONE',  ( 9.700000000000001066, -5.439786974697151223, 6.623978672808902957 ) ) ;
#4657 = VERTEX_POINT ( 'NONE', #4472 ) ;
#4658 = ORIENTED_EDGE ( 'NONE', *, *, #3698, .T. ) ;
#4659 = CARTESIAN_POINT ( 'NONE',  ( -4.417376993377904348, -8.403846117409660366, -13.65353439024055859 ) ) ;
#4660 = FACE_OUTER_BOUND ( 'NONE', #3848, .T. ) ;
#4661 = CARTESIAN_POINT ( 'NONE',  ( -6.896773372995340878, 2.449947948303033751, -4.473931693771356244 ) ) ;
#4662 = CARTESIAN_POINT ( 'NONE',  ( 6.886550937098750325, 5.838459696537966259, -13.65353439023786564 ) ) ;
#4663 = CARTESIAN_POINT ( 'NONE',  ( -9.975925695224777456, -0.7005864407270904204, -12.54788505987468561 ) ) ;
#4664 = CARTESIAN_POINT ( 'NONE',  ( 14.05883757168012771, 8.673617379884035472E-16, -6.025986191255825908 ) ) ;
#4665 = CARTESIAN_POINT ( 'NONE',  ( 10.76052236877131030, -2.934783667711155175, 11.03005007641328028 ) ) ;
#4666 = EDGE_LOOP ( 'NONE', ( #4236, #970, #4304, #4658 ) ) ;
#4667 = CARTESIAN_POINT ( 'NONE',  ( -12.24999999999965894, 0.7609147723491552773, 9.020165007494783893 ) ) ;
#4668 = DIRECTION ( 'NONE',  ( 0.000000000000000000, 0.000000000000000000, -1.000000000000000000 ) ) ;
#4669 = DIRECTION ( 'NONE',  ( -0.000000000000000000, -0.000000000000000000, 1.000000000000000000 ) ) ;
#4670 = AXIS2_PLACEMENT_3D ( 'NONE', #2998, #3390, #1241 ) ;
#4671 = CARTESIAN_POINT ( 'NONE',  ( 3.888852387526656962, -9.173577067440636057, -12.73223577206176493 ) ) ;
#4672 = ORIENTED_EDGE ( 'NONE', *, *, #425, .T. ) ;
#4673 = CARTESIAN_POINT ( 'NONE',  ( -10.28744561271542679, 0.2020696441562928047, -12.29296507433929797 ) ) ;
#4674 = CARTESIAN_POINT ( 'NONE',  ( -0.8724116924826591513, 4.030624486687407249, 14.90075911844934176 ) ) ;
#4675 = CARTESIAN_POINT ( 'NONE',  ( -11.96064498438738433, -0.3414321434376015318, -9.774232339332078467 ) ) ;
#4676 = CARTESIAN_POINT ( 'NONE',  ( -4.779359055625191033, 8.233221455456874338, -13.65353439024021398 ) ) ;
#4677 = CARTESIAN_POINT ( 'NONE',  ( -7.047117874608094468, -6.649426233616816617, -12.71641594986684431 ) ) ;
#4678 = DIRECTION ( 'NONE',  ( 0.000000000000000000, -1.000000000000000000, 0.000000000000000000 ) ) ;
#4679 = CARTESIAN_POINT ( 'NONE',  ( 5.143236576468953380, -8.705775610473351023, -12.75777611636551967 ) ) ;
#4680 = CARTESIAN_POINT ( 'NONE',  ( 6.335548272093890709, 4.996124101430186037, -13.54918255640135882 ) ) ;
#4681 = CARTESIAN_POINT ( 'NONE',  ( -10.16554793922515998, 7.163008588738186719E-14, 11.47691459107613987 ) ) ;
#4682 = CARTESIAN_POINT ( 'NONE',  ( 9.700000000000001066, 5.008216688070136868, -8.749999997787799799 ) ) ;
#4683 = CARTESIAN_POINT ( 'NONE',  ( -11.93888225628858635, -7.849626204057966739, -2.176742494946698692 ) ) ;
#4684 = CARTESIAN_POINT ( 'NONE',  ( 3.895893219243656169, 7.435032062936693720, -13.65353439024022286 ) ) ;
#4685 = CARTESIAN_POINT ( 'NONE',  ( 2.930396377564066679, -2.210124844629778096, 0.000000000000000000 ) ) ;
#4686 = LINE ( 'NONE', #4656, #4275 ) ;
#4687 = ORIENTED_EDGE ( 'NONE', *, *, #3982, .T. ) ;
#4688 = CARTESIAN_POINT ( 'NONE',  ( -4.753630870290957766, -8.248208981051771360, -13.65353439024021753 ) ) ;
#4689 = CARTESIAN_POINT ( 'NONE',  ( -1.308978015128883898, 0.4199271850317117805, 15.23975065412816932 ) ) ;
#4690 = ADVANCED_FACE ( 'NONE', ( #2316 ), #3591, .T. ) ;
#4691 = CARTESIAN_POINT ( 'NONE',  ( -5.733125692070877299, 7.552880482293907072, -6.555657820707949668 ) ) ;
#4692 = CARTESIAN_POINT ( 'NONE',  ( 9.112185946179508278, 3.133515341781083041, -12.71508436468891645 ) ) ;
#4693 = CARTESIAN_POINT ( 'NONE',  ( -6.335548272093887157, -4.996124101430185149, -13.64423972950235608 ) ) ;
#4694 = CARTESIAN_POINT ( 'NONE',  ( 4.976187199889651858, -5.781573237872249749, -16.56226468677082053 ) ) ;
#4695 = CARTESIAN_POINT ( 'NONE',  ( -14.99329378223377596, -3.129675252561442633, -3.557211016089484978 ) ) ;
#4696 = VERTEX_POINT ( 'NONE', #2228 ) ;
#4697 = CARTESIAN_POINT ( 'NONE',  ( 4.274534918971800632E-15, -6.474076149427953156E-15, -24.76024934587180226 ) ) ;
#4698 = FACE_OUTER_BOUND ( 'NONE', #4565, .T. ) ;
#4699 = CARTESIAN_POINT ( 'NONE',  ( -0.8609004701396608672, -9.514646088269746116, -12.71261252878059800 ) ) ;
#4700 = CARTESIAN_POINT ( 'NONE',  ( -0.3642497664079523134, -7.818102129139142598, -13.65353439024021931 ) ) ;
#4701 = ORIENTED_EDGE ( 'NONE', *, *, #5070, .T. ) ;
#4702 = CARTESIAN_POINT ( 'NONE',  ( 6.289207445138900177, -5.150248886832088147, -8.573598582264397194 ) ) ;
#4703 = CARTESIAN_POINT ( 'NONE',  ( 12.25000000000000000, -0.1751233594876829835, -8.748247356411559039 ) ) ;
#4704 = CARTESIAN_POINT ( 'NONE',  ( -11.96645102098623070, -0.2080492605628199154, -9.787623257898923512 ) ) ;
#4705 = CARTESIAN_POINT ( 'NONE',  ( -7.622648796150849115, 2.314150781125666967, -13.65353439024021576 ) ) ;
#4706 = CARTESIAN_POINT ( 'NONE',  ( 9.700000000000004619, -10.74529237745007393, 3.564933815356330360 ) ) ;
#4707 = B_SPLINE_CURVE_WITH_KNOTS ( 'NONE', 3,
 ( #408, #4691, #4262, #342, #3409, #1620, #3806, #5125, #1230, #1655, #374, #2928, #2957, #1686 ),
 .UNSPECIFIED., .F., .F.,
 ( 4, 2, 2, 2, 2, 2, 4 ),
 ( 0.0001934783684846915646, 0.001806718749026712742, 0.003419959129568733974, 0.006646439890652776870, 0.008259680271194795934, 0.009872920651736819334, 0.01309940141282085746 ),
 .UNSPECIFIED. ) ;
#4708 = CARTESIAN_POINT ( 'NONE',  ( -11.84679308587223545, 4.944666336265762574, -6.937801324405145742 ) ) ;
#4709 = CARTESIAN_POINT ( 'NONE',  ( -7.070393894427980719, -0.0002366018676651538842, -8.749999997787799799 ) ) ;
#4710 = CARTESIAN_POINT ( 'NONE',  ( -11.97115310742932692, 0.1145451251795309294, -9.794801623150316772 ) ) ;
#4711 = DIRECTION ( 'NONE',  ( 1.000000000000000000, -0.000000000000000000, -1.095185450775958527E-16 ) ) ;
#4712 = CARTESIAN_POINT ( 'NONE',  ( -12.15262619895285390, 5.703540248649044742, -5.298303281431108402 ) ) ;
#4713 = CARTESIAN_POINT ( 'NONE',  ( -5.593976898344685367, 6.155791376185670849, -8.101496439174031394 ) ) ;
#4714 = CARTESIAN_POINT ( 'NONE',  ( -8.925446771053765715, 1.894127441243134591, -13.31481341276963093 ) ) ;
#4715 = EDGE_CURVE ( 'NONE', #3281, #1408, #1999, .T. ) ;
#4716 = EDGE_LOOP ( 'NONE', ( #5317, #2501 ) ) ;
#4717 = CYLINDRICAL_SURFACE ( 'NONE', #2107, 16.02959314143014069 ) ;
#4718 = CARTESIAN_POINT ( 'NONE',  ( -6.608048967339147595, 11.44547655033470157, 7.923703456781640675 ) ) ;
#4719 = DIRECTION ( 'NONE',  ( 0.7665552457350653937, -0.6421783671504776025, 0.000000000000000000 ) ) ;
#4720 = CARTESIAN_POINT ( 'NONE',  ( 5.648994614387281565, 8.305563000182749178, -12.74198722652523763 ) ) ;
#4721 = CARTESIAN_POINT ( 'NONE',  ( -10.33852469909659888, -0.06383023409974253326, -12.25001167819865167 ) ) ;
#4722 = PRODUCT_DEFINITION_CONTEXT ( 'detailed design', #5601, 'design' ) ;
#4723 = CARTESIAN_POINT ( 'NONE',  ( 6.985283469547262314, 3.538974624816527470, -13.65353439024022286 ) ) ;
#4724 = EDGE_CURVE ( 'NONE', #4077, #537, #1670, .T. ) ;
#4725 = CARTESIAN_POINT ( 'NONE',  ( -10.42027948653777081, -11.07228721420812256, 4.294159011543782434 ) ) ;
#4726 = VERTEX_POINT ( 'NONE', #71 ) ;
#4727 = CARTESIAN_POINT ( 'NONE',  ( -7.496646891116949263, -12.98457330181768654, -3.557211016089484978 ) ) ;
#4728 = CARTESIAN_POINT ( 'NONE',  ( 11.53465675471616692, -8.417474924976060535, -2.496040238493628216 ) ) ;
#4729 = PLANE ( 'NONE',  #902 ) ;
#4730 = CARTESIAN_POINT ( 'NONE',  ( 3.680065677848283201, -9.216132477324251226, -12.72929286288008832 ) ) ;
#4731 = ORIENTED_EDGE ( 'NONE', *, *, #174, .T. ) ;
#4732 = AXIS2_PLACEMENT_3D ( 'NONE', #134, #5360, #2746 ) ;
#4733 = COLOUR_RGB ( '',0.7921568627450980005, 0.8196078431372548767, 0.9333333333333333481 ) ;
#4734 = CARTESIAN_POINT ( 'NONE',  ( 11.96862998655962684, 0.1455033009601946203, -9.791449356992078634 ) ) ;
#4735 = CARTESIAN_POINT ( 'NONE',  ( 7.029418785840207740, 12.17531048475404098, -6.025986191255835678 ) ) ;
#4736 = CARTESIAN_POINT ( 'NONE',  ( -12.24999999999996803, -0.4825588685087843221, -8.646770779185098732 ) ) ;
#4737 = DIRECTION ( 'NONE',  ( 0.000000000000000000, -8.881784197001250351E-16, -1.000000000000000000 ) ) ;
#4738 = CARTESIAN_POINT ( 'NONE',  ( 12.25000000000000000, -0.1751233594876829835, -8.748247356411559039 ) ) ;
#4739 = AXIS2_PLACEMENT_3D ( 'NONE', #1436, #78, #3480 ) ;
#4740 = CARTESIAN_POINT ( 'NONE',  ( -4.674350723564434595, -6.904854108109831579, -13.65353439024021043 ) ) ;
#4741 = DIRECTION ( 'NONE',  ( -1.000000000000000000, 0.000000000000000000, 0.000000000000000000 ) ) ;
#4742 = CARTESIAN_POINT ( 'NONE',  ( -6.097534191847937102, 5.519057539494381714, -13.63371978756639713 ) ) ;
#4743 =( LENGTH_UNIT ( ) NAMED_UNIT ( * ) SI_UNIT ( .MILLI., .METRE. ) );
#4744 = DIRECTION ( 'NONE',  ( 1.000000000000000000, 0.000000000000000000, -1.095185450775958527E-16 ) ) ;
#4745 = CIRCLE ( 'NONE', #2017, 1.999999999999970468 ) ;
#4746 = CARTESIAN_POINT ( 'NONE',  ( 4.222422818506561981, 7.315169034017307226, -13.65353439024022109 ) ) ;
#4747 = VERTEX_POINT ( 'NONE', #4432 ) ;
#4748 = CARTESIAN_POINT ( 'NONE',  ( 4.200000000000000178, 5.439786974697152111, 13.58355318891101682 ) ) ;
#4749 = CARTESIAN_POINT ( 'NONE',  ( -1.970356796653673026, 3.412758080842893893, -20.83958864581944326 ) ) ;
#4750 = CARTESIAN_POINT ( 'NONE',  ( 4.996124101430199360, -6.335548272093891597, -11.74999999778779980 ) ) ;
#4751 = ADVANCED_FACE ( 'NONE', ( #2203 ), #951, .T. ) ;
#4752 = CARTESIAN_POINT ( 'NONE',  ( 6.493258688777005183, 7.375324082937552816, -12.72313532447227580 ) ) ;
#4753 = CARTESIAN_POINT ( 'NONE',  ( -10.10735618270837755, -1.140804607054886066, -12.44652870112405907 ) ) ;
#4754 = CARTESIAN_POINT ( 'NONE',  ( 15.40468664080962746, -8.673617379884035472E-16, 0.3811111474512781094 ) ) ;
#4755 = CARTESIAN_POINT ( 'NONE',  ( -13.21609793467850658, -3.352588775965451351, 7.923703456781640675 ) ) ;
#4756 = ORIENTED_EDGE ( 'NONE', *, *, #4540, .T. ) ;
#4757 = CARTESIAN_POINT ( 'NONE',  ( 0.000000000000000000, 0.000000000000000000, 15.23975065412817465 ) ) ;
#4758 = CARTESIAN_POINT ( 'NONE',  ( 11.60025137255081518, -8.728267760137752518, 0.7128357882897470299 ) ) ;
#4759 = CARTESIAN_POINT ( 'NONE',  ( -4.261832639518491561, -9.079804787351399398, -12.73928964519580020 ) ) ;
#4760 = CARTESIAN_POINT ( 'NONE',  ( -2.855315327992675289, -7.646942023471764216, -13.65353439024021576 ) ) ;
#4761 = VERTEX_POINT ( 'NONE', #495 ) ;
#4762 = ORIENTED_EDGE ( 'NONE', *, *, #4373, .F. ) ;
#4763 = CARTESIAN_POINT ( 'NONE',  ( 12.25000000000012434, 0.9939508959957207290, -9.075924354277642436 ) ) ;
#4764 = CIRCLE ( 'NONE', #865, 2.000000000000000000 ) ;
#4765 = CARTESIAN_POINT ( 'NONE',  ( 1.862394475783675896, 7.694035269741866578, 13.40799355303542839 ) ) ;
#4766 = ADVANCED_FACE ( 'NONE', ( #2252 ), #1405, .T. ) ;
#4767 = CARTESIAN_POINT ( 'NONE',  ( -11.97115296434013132, 0.000000000000000000, -9.794801864921534928 ) ) ;
#4768 = CARTESIAN_POINT ( 'NONE',  ( 11.86327747995274251, -5.439786974697159216, 6.917222209112898312 ) ) ;
#4769 = CARTESIAN_POINT ( 'NONE',  ( 9.700000000000004619, -9.736217603001218635, -5.365875542599319203 ) ) ;
#4770 = CARTESIAN_POINT ( 'NONE',  ( -12.24999999999998934, 1.435067147081037886, 8.106291599532266190 ) ) ;
#4771 = CARTESIAN_POINT ( 'NONE',  ( -11.87745728323878325, -5.951867963792738081, -5.829220293266280883 ) ) ;
#4772 = CARTESIAN_POINT ( 'NONE',  ( -12.19476212629152023, 7.060195096330380338, 3.216836912870904452 ) ) ;
#4773 = CARTESIAN_POINT ( 'NONE',  ( -8.249999999999998224, 4.898587196589413815E-16, -3.999999999999999112 ) ) ;
#4774 = CARTESIAN_POINT ( 'NONE',  ( 5.039829502241264692, 8.767948505136724080, -12.75865151657516350 ) ) ;
#4775 = ORIENTED_EDGE ( 'NONE', *, *, #4611, .F. ) ;
#4776 = CYLINDRICAL_SURFACE ( 'NONE', #3730, 16.02959314143014069 ) ;
#4777 = DIRECTION ( 'NONE',  ( -1.000000000000000000, 0.000000000000000000, 0.000000000000000000 ) ) ;
#4778 = CARTESIAN_POINT ( 'NONE',  ( -4.221642731321133546, 7.315602502985857569, -13.65353439024021220 ) ) ;
#4779 = CARTESIAN_POINT ( 'NONE',  ( 10.74075068581257675, 0.1043867502541011155, -11.79040915004739176 ) ) ;
#4780 = CARTESIAN_POINT ( 'NONE',  ( 10.28104244438774373, 3.145313323422915607E-15, -24.76024934587180937 ) ) ;
#4781 = DIRECTION ( 'NONE',  ( 1.000000000000000000, -2.933265472464417701E-15, 0.000000000000000000 ) ) ;
#4782 = CARTESIAN_POINT ( 'NONE',  ( -10.76052236877132096, -2.939555049828095346, 11.03005007641327317 ) ) ;
#4783 = VERTEX_POINT ( 'NONE', #3500 ) ;
#4784 = B_SPLINE_CURVE_WITH_KNOTS ( 'NONE', 3,
 ( #1780, #2286, #5248, #4468, #2181, #3910, #904, #28 ),
 .UNSPECIFIED., .F., .F.,
 ( 4, 2, 2, 4 ),
 ( 2.124593680485184732E-18, 0.0004724770841739368735, 0.0009449541683478716869, 0.001889908336695739471 ),
 .UNSPECIFIED. ) ;
#4785 = CARTESIAN_POINT ( 'NONE',  ( -3.704621918910658174, -13.12177093831735064, 7.923703456781640675 ) ) ;
#4786 = DIRECTION ( 'NONE',  ( 1.734723475976807341E-16, 1.000000000000000000, 0.000000000000000000 ) ) ;
#4787 = CARTESIAN_POINT ( 'NONE',  ( -6.249999999999996447, -6.000000000000000000, 6.844909067349736789E-16 ) ) ;
#4788 = ORIENTED_EDGE ( 'NONE', *, *, #1384, .F. ) ;
#4789 = VERTEX_POINT ( 'NONE', #5295 ) ;
#4790 = EDGE_CURVE ( 'NONE', #3843, #2866, #3363, .T. ) ;
#4791 = CARTESIAN_POINT ( 'NONE',  ( 12.25000000000000178, 0.5909090125295338725, -8.601424611387491481 ) ) ;
#4792 = CARTESIAN_POINT ( 'NONE',  ( -11.97049273800183222, -0.07229612337866721250, -9.794114706578294971 ) ) ;
#4793 = DIRECTION ( 'NONE',  ( -1.000000000000000000, -0.000000000000000000, 1.095185450775958527E-16 ) ) ;
#4794 = FACE_OUTER_BOUND ( 'NONE', #233, .T. ) ;
#4795 = EDGE_CURVE ( 'NONE', #4814, #4078, #1429, .T. ) ;
#4796 = CARTESIAN_POINT ( 'NONE',  ( -8.249999999999998224, 0.000000000000000000, 9.035279968901654336E-16 ) ) ;
#4797 = AXIS2_PLACEMENT_3D ( 'NONE', #135, #5308, #987 ) ;
#4798 = CARTESIAN_POINT ( 'NONE',  ( -11.83935136545659361, -4.690157889055572404, -7.180558267449484333 ) ) ;
#4799 = CARTESIAN_POINT ( 'NONE',  ( -12.21114819859151090, 6.540624222498928830, 4.173136867020567742 ) ) ;
#4800 = DIRECTION ( 'NONE',  ( -0.9125389635898878415, -0.2743738464330970350, -0.3033012237426693791 ) ) ;
#4801 = CARTESIAN_POINT ( 'NONE',  ( 4.754885403799751664, 8.247494035108342558, -13.65353439024022819 ) ) ;
#4802 = ORIENTED_EDGE ( 'NONE', *, *, #942, .T. ) ;
#4803 = CARTESIAN_POINT ( 'NONE',  ( 9.915118695893859524, 5.439786974697152999, 9.782245772125159888 ) ) ;
#4804 = CARTESIAN_POINT ( 'NONE',  ( -10.76052236877131030, 7.546047120499110861E-14, 11.03005007641328028 ) ) ;
#4805 = CARTESIAN_POINT ( 'NONE',  ( -4.731944218599675622, 8.260446294983980309, -13.65353439024021220 ) ) ;
#4806 = CARTESIAN_POINT ( 'NONE',  ( 10.57930539492126520, 0.06136368636306738927, -12.04647707730919670 ) ) ;
#4807 = CARTESIAN_POINT ( 'NONE',  ( 5.754924098865194182, 5.917337998679167654, -11.48546194163796841 ) ) ;
#4808 = CARTESIAN_POINT ( 'NONE',  ( -6.335548272093887157, -4.996124101430185149, -13.64423972950235608 ) ) ;
#4809 = CARTESIAN_POINT ( 'NONE',  ( -10.69130935185527242, -2.038174463687155047, -12.01109144709619514 ) ) ;
#4810 = ORIENTED_EDGE ( 'NONE', *, *, #1730, .T. ) ;
#4811 = CARTESIAN_POINT ( 'NONE',  ( -6.249999999999996447, -5.227723404215887548, -0.4621567478725170930 ) ) ;
#4812 = CARTESIAN_POINT ( 'NONE',  ( 4.863856448694167334, 8.858781485650123244, -12.75545462523201401 ) ) ;
#4813 = CARTESIAN_POINT ( 'NONE',  ( -6.583687702823523225, 5.281898160154505639, -9.098263992741207673 ) ) ;
#4814 = VERTEX_POINT ( 'NONE', #518 ) ;
#4815 = ORIENTED_EDGE ( 'NONE', *, *, #3184, .F. ) ;
#4816 = CARTESIAN_POINT ( 'NONE',  ( -11.84090192667205521, 4.572336688808759320, -7.281096082551147042 ) ) ;
#4817 = VECTOR ( 'NONE', #2790, 1000.000000000000227 ) ;
#4818 = CARTESIAN_POINT ( 'NONE',  ( 4.674350723564456800, 6.904854108109812039, -13.65353439024021753 ) ) ;
#4819 = EDGE_CURVE ( 'NONE', #2881, #4142, #3977, .T. ) ;
#4820 = CARTESIAN_POINT ( 'NONE',  ( -12.24999999999999822, -0.9004029996427616034, 8.258488706695159109 ) ) ;
#4821 = CIRCLE ( 'NONE', #379, 17.35143634042885807 ) ;
#4822 = VECTOR ( 'NONE', #926, 1000.000000000000000 ) ;
#4823 = CARTESIAN_POINT ( 'NONE',  ( -12.24999999999999467, -6.720684511765073310, 2.768972365075026421 ) ) ;
#4824 = ADVANCED_FACE ( 'NONE', ( #1827 ), #5453, .T. ) ;
#4825 = CARTESIAN_POINT ( 'NONE',  ( 6.284670851385921964, 10.88536922344727742, -8.814338527120410660 ) ) ;
#4826 = AXIS2_PLACEMENT_3D ( 'NONE', #1148, #3212, #4119 ) ;
#4827 = CARTESIAN_POINT ( 'NONE',  ( -12.13317471414522331, 7.627990649649114552, -1.417306451683852053 ) ) ;
#4828 = CARTESIAN_POINT ( 'NONE',  ( 3.199999999999999734, 5.439786974697152111, 6.853555111758802276 ) ) ;
#4829 = LINE ( 'NONE', #3011, #2491 ) ;
#4830 = VECTOR ( 'NONE', #4421, 1000.000000000000000 ) ;
#4831 = CARTESIAN_POINT ( 'NONE',  ( 7.811825646387161370, -1.894127441243125931, -11.65353439024021753 ) ) ;
#4832 = CARTESIAN_POINT ( 'NONE',  ( -10.28104244438774373, -5.432281094608359541E-16, -8.749999997787799799 ) ) ;
#4833 = CARTESIAN_POINT ( 'NONE',  ( -4.015528754465154115, 7.397733359468363190, -13.65353439024021576 ) ) ;
#4834 = EDGE_CURVE ( 'NONE', #1848, #5000, #2365, .T. ) ;
#4835 = CARTESIAN_POINT ( 'NONE',  ( 10.74151542522389313, 0.09096880353343758663, -11.79029386510936384 ) ) ;
#4836 = CARTESIAN_POINT ( 'NONE',  ( 11.85491385972740552, -3.605904790799511428, -8.062982129927126707 ) ) ;
#4837 = ORIENTED_EDGE ( 'NONE', *, *, #1803, .T. ) ;
#4838 = EDGE_LOOP ( 'NONE', ( #4404, #483, #349, #2447 ) ) ;
#4839 = CARTESIAN_POINT ( 'NONE',  ( -10.58069684057510607, 6.773649993036745864E-14, -12.04525965420664946 ) ) ;
#4840 = CARTESIAN_POINT ( 'NONE',  ( -10.35100004894232306, -1.205818561703550840, -12.04136185521670122 ) ) ;
#4841 = FACE_OUTER_BOUND ( 'NONE', #1627, .T. ) ;
#4842 = DIRECTION ( 'NONE',  ( 0.000000000000000000, 0.000000000000000000, 1.000000000000000000 ) ) ;
#4843 = CARTESIAN_POINT ( 'NONE',  ( -6.249999999999996447, 5.227723404215871561, 0.000000000000000000 ) ) ;
#4844 = B_SPLINE_CURVE_WITH_KNOTS ( 'NONE', 3,
 ( #4430, #2275, #121, #1851 ),
 .UNSPECIFIED., .F., .F.,
 ( 4, 4 ),
 ( 0.000000000000000000, 0.0006883033329114662162 ),
 .UNSPECIFIED. ) ;
#4845 = CARTESIAN_POINT ( 'NONE',  ( -11.87721137404464855, 2.451797964401215335, -8.882394406287785316 ) ) ;
#4846 = CARTESIAN_POINT ( 'NONE',  ( 12.25000000001927347, 3.079144274529558523, -7.803611298687965103 ) ) ;
#4847 = CARTESIAN_POINT ( 'NONE',  ( -3.086272258368426544E-15, 10.28104244438736536, -13.65353439024021398 ) ) ;
#4848 = CARTESIAN_POINT ( 'NONE',  ( 6.985843995165062381, -3.538190608697289186, -13.65353439024021043 ) ) ;
#4849 = AXIS2_PLACEMENT_3D ( 'NONE', #442, #2083, #5557 ) ;
#4850 = CARTESIAN_POINT ( 'NONE',  ( -12.25000000000000355, -4.055701703607560660, 7.446805273350326715 ) ) ;
#4851 = CARTESIAN_POINT ( 'NONE',  ( 6.335548272093890709, 4.996124101430186037, -24.76024934587180937 ) ) ;
#4852 = CARTESIAN_POINT ( 'NONE',  ( 7.004399813979021339, -12.13197635433772170, -5.999999995171812373 ) ) ;
#4853 = CARTESIAN_POINT ( 'NONE',  ( 4.730998578515621666, 8.260969065066142036, -13.65353439024021576 ) ) ;
#4854 = CARTESIAN_POINT ( 'NONE',  ( 10.30195036181151735, 5.484267385268207562, -8.364216706709127536 ) ) ;
#4855 = CARTESIAN_POINT ( 'NONE',  ( 10.47398591585025152, 0.9929539501030112403, -11.95367078731465149 ) ) ;
#4856 = CARTESIAN_POINT ( 'NONE',  ( 4.225465522956840303, -7.313366227323610858, -13.65353439024021576 ) ) ;
#4857 = CARTESIAN_POINT ( 'NONE',  ( -7.047336426692680789, 6.648032760724451151, -12.71653451211111729 ) ) ;
#4858 = CARTESIAN_POINT ( 'NONE',  ( -4.141731259111358199, 7.351956214303516646, -13.65353439024022286 ) ) ;
#4859 = CARTESIAN_POINT ( 'NONE',  ( 5.104137517916717215, 6.303071788645058682, -10.18851369580977817 ) ) ;
#4860 = CARTESIAN_POINT ( 'NONE',  ( -3.004240165043184696, -8.739266447401030646, -13.65353439024114302 ) ) ;
#4861 = ORIENTED_EDGE ( 'NONE', *, *, #5374, .F. ) ;
#4862 = ORIENTED_EDGE ( 'NONE', *, *, #2462, .T. ) ;
#4863 = CARTESIAN_POINT ( 'NONE',  ( -10.74287279996042166, 0.05558644587696908584, -11.79021102033121515 ) ) ;
#4864 = ADVANCED_FACE ( 'NONE', ( #2331 ), #3302, .T. ) ;
#4865 = DIRECTION ( 'NONE',  ( 0.000000000000000000, -0.6760675671585583135, 0.7368396329163545699 ) ) ;
#4866 = CARTESIAN_POINT ( 'NONE',  ( 5.887503488522833450, 6.296861558849453644, -8.749999997787798023 ) ) ;
#4867 = CARTESIAN_POINT ( 'NONE',  ( -5.499999999999999112, -12.98424240862284229, 5.526297143179692561 ) ) ;
#4868 = B_SPLINE_CURVE_WITH_KNOTS ( 'NONE', 3,
 ( #65, #5288, #2725, #562, #3924, #4024, #117, #40, #3547, #536, #4836, #1766 ),
 .UNSPECIFIED., .F., .F.,
 ( 4, 2, 2, 2, 2, 4 ),
 ( -5.999999998564037743E-08, 0.0005574745139515474134, 0.001115009027903080593, 0.002230078055806144349, 0.003345147083709208539, 0.004460216111612272730 ),
 .UNSPECIFIED. ) ;
#4869 = ORIENTED_EDGE ( 'NONE', *, *, #3285, .F. ) ;
#4870 = ORIENTED_EDGE ( 'NONE', *, *, #4306, .T. ) ;
#4871 = CARTESIAN_POINT ( 'NONE',  ( -12.24999999998627409, 1.228290428788588518, -8.973331705575789741 ) ) ;
#4872 = DIRECTION ( 'NONE',  ( 1.000000000000000000, 0.000000000000000000, 0.000000000000000000 ) ) ;
#4873 = DIRECTION ( 'NONE',  ( 0.000000000000000000, 0.000000000000000000, 1.000000000000000000 ) ) ;
#4874 = CARTESIAN_POINT ( 'NONE',  ( -5.683398980400810707, 5.976594465839002446, -11.30498269065740402 ) ) ;
#4875 = CARTESIAN_POINT ( 'NONE',  ( -12.25000000000000355, -3.650502204658293781, 6.902002778079492806 ) ) ;
#4876 = CARTESIAN_POINT ( 'NONE',  ( 3.200000000000000178, 3.403549477131168732, 14.51468569916928608 ) ) ;
#4877 = CARTESIAN_POINT ( 'NONE',  ( 5.567550320466705394, 8.382914624887664701, -12.74455058080020642 ) ) ;
#4878 = CARTESIAN_POINT ( 'NONE',  ( 10.10808579389676964, -1.141126871088985251, -12.44593831204567103 ) ) ;
#4879 = DIRECTION ( 'NONE',  ( -0.000000000000000000, -0.000000000000000000, 1.000000000000000000 ) ) ;
#4880 = CARTESIAN_POINT ( 'NONE',  ( -5.000000000000000000, -0.0002019602996345369605, -9.749999997787799799 ) ) ;
#4881 = CARTESIAN_POINT ( 'NONE',  ( 4.223171334864627369, -7.314747321054049678, -13.65353439024021576 ) ) ;
#4882 = CARTESIAN_POINT ( 'NONE',  ( -4.436072024648062495, 7.142945389135395118, -13.65353439024022109 ) ) ;
#4883 = CARTESIAN_POINT ( 'NONE',  ( -5.009447048135775127, 8.784847646534645449, -12.75840380286775044 ) ) ;
#4884 = CARTESIAN_POINT ( 'NONE',  ( -6.809081694306132526, 2.999999999999522604, -4.296152422701811524 ) ) ;
#4885 = ADVANCED_FACE ( 'NONE', ( #3792 ), #2428, .T. ) ;
#4886 = VERTEX_POINT ( 'NONE', #1639 ) ;
#4887 = ORIENTED_EDGE ( 'NONE', *, *, #2743, .F. ) ;
#4888 = CARTESIAN_POINT ( 'NONE',  ( 5.944934383621800933, 6.149395387535777857, -9.136240613312882175 ) ) ;
#4889 = FACE_OUTER_BOUND ( 'NONE', #4179, .T. ) ;
#4890 = CARTESIAN_POINT ( 'NONE',  ( -4.566322793199707242, 8.980289488400529763, -12.74699765553163289 ) ) ;
#4891 = CARTESIAN_POINT ( 'NONE',  ( -5.520101670270078031, 6.178003502233655908, -8.343857645687835500 ) ) ;
#4892 = EDGE_CURVE ( 'NONE', #2579, #979, #1862, .T. ) ;
#4893 = CARTESIAN_POINT ( 'NONE',  ( 3.884096953068690627, 5.287187153063164224, 13.74987028799693967 ) ) ;
#4894 = DIRECTION ( 'NONE',  ( 1.000000000000000000, 0.000000000000000000, 0.000000000000000000 ) ) ;
#4895 = ORIENTED_EDGE ( 'NONE', *, *, #2810, .T. ) ;
#4896 = CARTESIAN_POINT ( 'NONE',  ( -12.25000000000038902, 4.952437114430559006, -6.172316030224684447 ) ) ;
#4897 = CARTESIAN_POINT ( 'NONE',  ( -6.249999999999997335, 5.519910839821486448, -10.99196041007652092 ) ) ;
#4898 =( BOUNDED_SURFACE ( )  B_SPLINE_SURFACE ( 3, 2, ( 
 ( #3218, #1043, #4990 ),
 ( #1494, #671, #3244 ),
 ( #4963, #5309, #1440 ),
 ( #2346, #4878, #1416 ),
 ( #3139, #2402, #2773 ),
 ( #4126, #1098, #4042 ),
 ( #988, #3165, #584 ),
 ( #4444, #556, #1468 ),
 ( #4016, #2800, #162 ),
 ( #5414, #5335, #3567 ),
 ( #610, #4097, #1895 ),
 ( #136, #2318, #3621 ),
 ( #4069, #3190, #3677 ),
 ( #5362, #1866, #3593 ),
 ( #1068, #4935, #1520 ),
 ( #187, #4904, #4528 ),
 ( #643, #2830, #4475 ),
 ( #241, #2373, #1017 ),
 ( #213, #2748, #4500 ),
 ( #1921, #3654, #5389 ),
 ( #1948, #5164, #3706 ),
 ( #2517, #3849, #2122 ) ),
 .UNSPECIFIED., .F., .F., .T. ) 
 B_SPLINE_SURFACE_WITH_KNOTS ( ( 4, 2, 2, 2, 2, 2, 2, 2, 2, 2, 4 ),
 ( 3, 3 ),
 ( -2.406928822917819843E-17, 0.001237726757994840263, 0.001856590136992272320, 0.002166021826490988240, 0.002320737671240346092, 0.002398095593615025452, 0.002436774554802364698, 0.002456114035396034755, 0.002465783775692869349, 0.002470618645841286647, 0.002475453515989704378 ),
 ( 0.000000000000000000, 1.000000000000000000 ),
 .UNSPECIFIED. ) 
 GEOMETRIC_REPRESENTATION_ITEM ( )  RATIONAL_B_SPLINE_SURFACE ( (
 ( 1.000000000000000000, 0.9674654744937702944, 1.000000000000000000),
 ( 1.000000000000000000, 0.9701968927245260277, 1.000000000000000000),
 ( 1.000000000000000000, 0.9729528997438140481, 1.000000000000000000),
 ( 1.000000000000000000, 0.9776778230338583064, 1.000000000000000000),
 ( 1.000000000000000000, 0.9793423738836700698, 1.000000000000000000),
 ( 1.000000000000000000, 0.9822496516491161511, 1.000000000000000000),
 ( 1.000000000000000000, 0.9832857990977521556, 1.000000000000000000),
 ( 1.000000000000000000, 0.9850749477516452801, 1.000000000000000000),
 ( 1.000000000000000000, 0.9857086298560640003, 1.000000000000000000),
 ( 1.000000000000000000, 0.9867698508540291291, 1.000000000000000000),
 ( 1.000000000000000000, 0.9871428128505251864, 1.000000000000000000),
 ( 1.000000000000000000, 0.9877378745600452481, 1.000000000000000000),
 ( 1.000000000000000000, 0.9879427471714505860, 1.000000000000000000),
 ( 1.000000000000000000, 0.9882593253394749144, 1.000000000000000000),
 ( 1.000000000000000000, 0.9883668596465224887, 1.000000000000000000),
 ( 1.000000000000000000, 0.9885261717390015912, 1.000000000000000000),
 ( 1.000000000000000000, 0.9885789861514147070, 1.000000000000000000),
 ( 1.000000000000000000, 0.9886536795139992950, 1.000000000000000000),
 ( 1.000000000000000000, 0.9886779823452115368, 1.000000000000000000),
 ( 1.000000000000000000, 0.9887214020644078394, 1.000000000000000000),
 ( 1.000000000000000000, 0.9887427940675944660, 1.000000000000000000),
 ( 1.000000000000000000, 0.9887466610851406434, 1.000000000000000000) ) ) 
 REPRESENTATION_ITEM ( '' )  SURFACE ( )  );
#4899 = CARTESIAN_POINT ( 'NONE',  ( 5.684027093416412768, -8.273896584912224128, -12.74082750455041513 ) ) ;
#4900 = CARTESIAN_POINT ( 'NONE',  ( 7.417726757952901373, -2.725984899988610710, -13.65353439024021220 ) ) ;
#4901 = CARTESIAN_POINT ( 'NONE',  ( -12.24999999999990941, -5.425011109523868669, 5.163245429904696593 ) ) ;
#4902 = DIRECTION ( 'NONE',  ( 0.000000000000000000, 0.000000000000000000, 1.000000000000000000 ) ) ;
#4903 = CARTESIAN_POINT ( 'NONE',  ( 9.699999999999999289, -9.284725370330095373, -6.000000000000000000 ) ) ;
#4904 = CARTESIAN_POINT ( 'NONE',  ( 10.57935299962767850, -0.06039282717001045325, -12.04643550868806834 ) ) ;
#4905 = AXIS2_PLACEMENT_3D ( 'NONE', #3932, #4003, #123 ) ;
#4906 = CARTESIAN_POINT ( 'NONE',  ( 4.996124101430188702, 6.335548272093886268, -10.06286195985388154 ) ) ;
#4907 = VECTOR ( 'NONE', #2169, 1000.000000000000000 ) ;
#4908 = CARTESIAN_POINT ( 'NONE',  ( -6.520726147118396376, 4.332772238813500820, -13.65353439024021576 ) ) ;
#4909 = CARTESIAN_POINT ( 'NONE',  ( 4.230450897763738283, -7.310228462298925756, -13.65353439024022641 ) ) ;
#4910 = CARTESIAN_POINT ( 'NONE',  ( -4.279362824997287262, 7.275571310062741937, -13.65353439024021220 ) ) ;
#4911 = CARTESIAN_POINT ( 'NONE',  ( 1.498325030063215602, 8.886000885349886858, -13.65353439023897408 ) ) ;
#4912 = CARTESIAN_POINT ( 'NONE',  ( 12.56934170277158991, 2.476715522622460419, -8.814338527120410660 ) ) ;
#4913 = B_SPLINE_CURVE_WITH_KNOTS ( 'NONE', 3,
 ( #4040, #1438, #3163, #581 ),
 .UNSPECIFIED., .F., .F.,
 ( 4, 4 ),
 ( 0.000000000000000000, 0.0006883033329114770582 ),
 .UNSPECIFIED. ) ;
#4914 = EDGE_LOOP ( 'NONE', ( #2788, #4625, #5542, #3418, #1031, #2896 ) ) ;
#4915 = EDGE_LOOP ( 'NONE', ( #4642, #2013 ) ) ;
#4916 = CARTESIAN_POINT ( 'NONE',  ( -10.57976557725183220, 0.05195191284835665169, -12.04607406930641744 ) ) ;
#4917 = EDGE_CURVE ( 'NONE', #5421, #2248, #2405, .T. ) ;
#4918 = CARTESIAN_POINT ( 'NONE',  ( 11.96508196872072283, -0.2429566477439372429, -9.784802613759859824 ) ) ;
#4919 = CARTESIAN_POINT ( 'NONE',  ( 4.846046543410471585, 8.191796637080733134, -13.65353439024023707 ) ) ;
#4920 = DIRECTION ( 'NONE',  ( 0.000000000000000000, 1.000000000000000000, 0.000000000000000000 ) ) ;
#4921 = DIRECTION ( 'NONE',  ( -1.000000000000000000, -0.000000000000000000, 1.095185450775958527E-16 ) ) ;
#4922 = B_SPLINE_CURVE_WITH_KNOTS ( 'NONE', 3,
 ( #1177, #5133, #2907, #1663, #5619, #1209, #2936, #811, #1238, #4207, #2577, #4639, #780, #751 ),
 .UNSPECIFIED., .F., .F.,
 ( 4, 2, 2, 2, 2, 2, 4 ),
 ( 0.001036217252288916622, 0.002938027363756982608, 0.004839837475225048161, 0.006741647586693114147, 0.007692552642427146273, 0.008168005170294159734, 0.008643457698161171460 ),
 .UNSPECIFIED. ) ;
#4923 = B_SPLINE_CURVE_WITH_KNOTS ( 'NONE', 3,
 ( #3728, #5357, #5433, #4523 ),
 .UNSPECIFIED., .F., .F.,
 ( 4, 4 ),
 ( 1.011508913927958987E-17, 0.0003346927388794218800 ),
 .UNSPECIFIED. ) ;
#4924 = ORIENTED_EDGE ( 'NONE', *, *, #4648, .F. ) ;
#4925 = ORIENTED_EDGE ( 'NONE', *, *, #691, .F. ) ;
#4926 = CARTESIAN_POINT ( 'NONE',  ( -11.84232575809333810, 4.602582888971710418, 7.697142638583953200 ) ) ;
#4927 = FACE_OUTER_BOUND ( 'NONE', #2361, .T. ) ;
#4928 = CARTESIAN_POINT ( 'NONE',  ( 4.590397652033037623, 6.993734947881010910, -13.65353439024021931 ) ) ;
#4929 = CARTESIAN_POINT ( 'NONE',  ( 4.718748015525778605, -8.267707703953224296, -13.65353439024028859 ) ) ;
#4930 = EDGE_CURVE ( 'NONE', #4970, #2248, #1854, .T. ) ;
#4931 = EDGE_CURVE ( 'NONE', #4380, #2866, #1591, .T. ) ;
#4932 = CARTESIAN_POINT ( 'NONE',  ( -11.79759582478999036, -0.3675539785515862246, 9.632837689642773427 ) ) ;
#4933 = PLANE ( 'NONE',  #2889 ) ;
#4934 = CARTESIAN_POINT ( 'NONE',  ( -12.23688264903015011, -5.396852635815457155, 5.574040741434521884 ) ) ;
#4935 = CARTESIAN_POINT ( 'NONE',  ( 10.57794071329961838, -0.08412347904666905851, -12.04767323909414856 ) ) ;
#4936 = DIRECTION ( 'NONE',  ( 1.000000000000000000, 0.000000000000000000, 0.000000000000000000 ) ) ;
#4937 = DIRECTION ( 'NONE',  ( 1.000000000000000000, 0.000000000000000000, 0.000000000000000000 ) ) ;
#4938 = CARTESIAN_POINT ( 'NONE',  ( -7.495778612992482159, 4.876171547752411684, -13.65353439023879289 ) ) ;
#4939 = CARTESIAN_POINT ( 'NONE',  ( 1.532419004635132032, 9.472723893078045521, -12.71452717232097029 ) ) ;
#4940 = AXIS2_PLACEMENT_3D ( 'NONE', #4320, #2046, #1200 ) ;
#4941 = CARTESIAN_POINT ( 'NONE',  ( -4.665827964595442053E-16, -8.081451094055029046E-16, 15.23975065412816754 ) ) ;
#4942 = ORIENTED_EDGE ( 'NONE', *, *, #193, .F. ) ;
#4943 = VERTEX_POINT ( 'NONE', #4310 ) ;
#4944 = CARTESIAN_POINT ( 'NONE',  ( -10.50201483832757887, 0.4129350544284426383, -12.11398319084717201 ) ) ;
#4945 = CARTESIAN_POINT ( 'NONE',  ( 5.221206054230452587, -6.252862278273587648, -13.65353439024021576 ) ) ;
#4946 = CARTESIAN_POINT ( 'NONE',  ( 4.888981177809684553, 8.163125637658684042, -13.65353439024022286 ) ) ;
#4947 = CARTESIAN_POINT ( 'NONE',  ( -5.065756789049559394, -8.753070774645724583, -12.75869793428827492 ) ) ;
#4948 = CARTESIAN_POINT ( 'NONE',  ( -8.249999999999998224, 4.898587196589412829E-16, -3.999999999999999112 ) ) ;
#4949 = VERTEX_POINT ( 'NONE', #569 ) ;
#4950 = EDGE_LOOP ( 'NONE', ( #2307, #2334, #4575, #1135 ) ) ;
#4951 = B_SPLINE_CURVE_WITH_KNOTS ( 'NONE', 3,
 ( #1255, #2984, #1287, #3044 ),
 .UNSPECIFIED., .F., .F.,
 ( 4, 4 ),
 ( 0.6415660065055766026, 0.6852421606381717822 ),
 .UNSPECIFIED. ) ;
#4952 = CARTESIAN_POINT ( 'NONE',  ( -11.93469216141664546, 7.838281883022855112, 2.816006890336378632 ) ) ;
#4953 = DIRECTION ( 'NONE',  ( 1.000000000000000000, -0.000000000000000000, -1.095185450775958527E-16 ) ) ;
#4954 = CARTESIAN_POINT ( 'NONE',  ( -7.399510874385253345, 12.81632878559393873, 4.294159011543782434 ) ) ;
#4955 = CARTESIAN_POINT ( 'NONE',  ( 5.035124302760844550, -8.770605358307021149, -12.75862914353518640 ) ) ;
#4956 = EDGE_CURVE ( 'NONE', #4434, #707, #3909, .T. ) ;
#4957 = CARTESIAN_POINT ( 'NONE',  ( 11.51817310301940012, 7.891339208595535837, -3.848490440042072525 ) ) ;
#4958 = CARTESIAN_POINT ( 'NONE',  ( -12.25000000000064837, -4.688598215416218018, -6.440219977136682594 ) ) ;
#4959 = CARTESIAN_POINT ( 'NONE',  ( 10.72601398456365551, 0.2479508780859581429, -11.79518695187942257 ) ) ;
#4960 =( NAMED_UNIT ( * ) PLANE_ANGLE_UNIT ( ) SI_UNIT ( $, .RADIAN. ) );
#4961 = CARTESIAN_POINT ( 'NONE',  ( -6.626386465528429248, 3.900152658149279805, -5.314649221467566242 ) ) ;
#4962 = EDGE_CURVE ( 'NONE', #2070, #2115, #2619, .T. ) ;
#4963 = CARTESIAN_POINT ( 'NONE',  ( 9.474420909696869231, -1.311609691310768211, -12.93386351090655140 ) ) ;
#4964 = CARTESIAN_POINT ( 'NONE',  ( 5.321283474095240607, 6.213465593071865634, -10.52429362100295407 ) ) ;
#4965 =( NAMED_UNIT ( * ) SI_UNIT ( $, .STERADIAN. ) SOLID_ANGLE_UNIT ( ) );
#4966 = CARTESIAN_POINT ( 'NONE',  ( -8.327122666685834673, 3.386215737215085397, -13.65353439023736293 ) ) ;
#4967 = CARTESIAN_POINT ( 'NONE',  ( 4.354855174552341168, 9.049848763543753449, -12.74160506514379776 ) ) ;
#4968 = CARTESIAN_POINT ( 'NONE',  ( 12.56934170277158991, -0.000000000000000000, -8.814338527120410660 ) ) ;
#4969 = ORIENTED_EDGE ( 'NONE', *, *, #4237, .T. ) ;
#4970 = VERTEX_POINT ( 'NONE', #5225 ) ;
#4971 = CARTESIAN_POINT ( 'NONE',  ( 4.436072024647796930, -7.142945389135710421, -13.65353439024021220 ) ) ;
#4972 = CARTESIAN_POINT ( 'NONE',  ( 12.25000000000001243, -0.7342496222165445507, -8.533718649497322062 ) ) ;
#4973 = CARTESIAN_POINT ( 'NONE',  ( 4.225010225341860881, 7.313649179273854273, -13.65353439024021043 ) ) ;
#4974 = CARTESIAN_POINT ( 'NONE',  ( -4.836144598788268745, -8.198224568917186872, -13.65353439024024240 ) ) ;
#4975 = AXIS2_PLACEMENT_3D ( 'NONE', #4685, #3429, #430 ) ;
#4976 = FACE_OUTER_BOUND ( 'NONE', #864, .T. ) ;
#4977 = CARTESIAN_POINT ( 'NONE',  ( 10.42719820300463240, -11.06829269139357663, 4.294159011543763782 ) ) ;
#4978 = ORIENTED_EDGE ( 'NONE', *, *, #1007, .F. ) ;
#4979 = AXIS2_PLACEMENT_3D ( 'NONE', #3235, #4982, #3903 ) ;
#4980 = CARTESIAN_POINT ( 'NONE',  ( -12.24999999999999822, 7.105771403091543093, -0.4609334394344877794 ) ) ;
#4981 = DIRECTION ( 'NONE',  ( -1.000000000000000000, 0.000000000000000000, 1.095185450775958527E-16 ) ) ;
#4982 = DIRECTION ( 'NONE',  ( -0.000000000000000000, -1.002010156928930384E-16, 1.000000000000000000 ) ) ;
#4983 = CARTESIAN_POINT ( 'NONE',  ( 5.056631844581890078, -8.758343269986607282, -12.75869244000834080 ) ) ;
#4984 = CARTESIAN_POINT ( 'NONE',  ( 7.811825646387161370, 1.892881048235024455, -11.65353439024021753 ) ) ;
#4985 = EDGE_CURVE ( 'NONE', #370, #4537, #108, .T. ) ;
#4986 = CARTESIAN_POINT ( 'NONE',  ( -12.24999999999999822, -4.228098692285720439, -5.958191425747155989 ) ) ;
#4987 = CARTESIAN_POINT ( 'NONE',  ( -5.074721175992124245, 8.747787614227268804, -12.75864622187790154 ) ) ;
#4988 = CARTESIAN_POINT ( 'NONE',  ( -4.279367666650570889, -7.275667308839718572, -13.65353439024022286 ) ) ;
#4989 = CARTESIAN_POINT ( 'NONE',  ( -6.631914820618473705, 3.876392878446319301, -5.432938949342153379 ) ) ;
#4990 = CARTESIAN_POINT ( 'NONE',  ( 9.355492701130470934, -2.589388974355954165, -12.71828949103744044 ) ) ;
#4991 = B_SPLINE_CURVE_WITH_KNOTS ( 'NONE', 3,
 ( #2098, #1310, #3036, #5116, #2587, #4770, #3914, #427, #906, #879, #2641, #2614 ),
 .UNSPECIFIED., .F., .F.,
 ( 4, 2, 2, 2, 2, 4 ),
 ( 7.016690952671982188E-19, 0.0005491434260561684107, 0.001098286852112336171, 0.002196573704224671474, 0.003294860556337006561, 0.004393147408449341214 ),
 .UNSPECIFIED. ) ;
#4992 = CARTESIAN_POINT ( 'NONE',  ( -12.25000000000010125, 0.4130891714170688012, -9.274829160912718251 ) ) ;
#4993 = ADVANCED_FACE ( 'NONE', ( #1332 ), #903, .F. ) ;
#4994 = DIRECTION ( 'NONE',  ( 0.000000000000000000, 0.000000000000000000, 1.000000000000000000 ) ) ;
#4995 = CARTESIAN_POINT ( 'NONE',  ( -2.986003004086175583, 8.742530871223422650, -13.65353439024144855 ) ) ;
#4996 = CARTESIAN_POINT ( 'NONE',  ( -4.665827964595442053E-16, -8.081451094055029046E-16, 15.23975065412816932 ) ) ;
#4997 = AXIS2_PLACEMENT_3D ( 'NONE', #4220, #3335, #1551 ) ;
#4998 = CIRCLE ( 'NONE', #834, 17.35143634042849214 ) ;
#4999 = AXIS2_PLACEMENT_3D ( 'NONE', #1242, #3852, #324 ) ;
#5000 = VERTEX_POINT ( 'NONE', #5596 ) ;
#5001 = ORIENTED_EDGE ( 'NONE', *, *, #3503, .T. ) ;
#5002 = B_SPLINE_SURFACE_WITH_KNOTS ( 'NONE', 3, 3, ( 
 ( #5121, #3310, #1226, #2953 ),
 ( #5607, #767, #796, #5575 ),
 ( #2561, #369, #737, #3834 ),
 ( #2469, #4194, #3405, #304 ),
 ( #2040, #3770, #5149, #4287 ),
 ( #1708, #3420, #3789, #816 ),
 ( #5166, #1213, #3448, #4735 ),
 ( #3880, #5109, #875, #1273 ),
 ( #3032, #5137, #4308, #784 ),
 ( #3000, #1667, #5593, #1698 ),
 ( #2090, #5530, #1305, #421 ),
 ( #5624, #4244, #2058, #3361 ),
 ( #1726, #2969, #4765, #2153 ),
 ( #5196, #4674, #1635, #2939 ),
 ( #2518, #847, #358, #2548 ),
 ( #3821, #2581, #5564, #3391 ) ),
 .UNSPECIFIED., .F., .F., .F.,
 ( 4, 1, 1, 1, 2, 1, 1, 1, 1, 1, 1, 1, 4 ),
 ( 4, 4 ),
 ( 0.000000000000000000, 0.1035893723117354698, 0.2071787446234709396, 0.3107681169352063955, 0.4143574892469418791, 0.4875628030910741373, 0.5607681169352063399, 0.6339734307793387647, 0.7071787446234709673, 0.7803840584676031700, 0.8535893723117353726, 0.9267946861558677973, 1.000000000000000000 ),
 ( 0.000000000000000000, 1.000000000000000000 ),
 .UNSPECIFIED. ) ;
#5003 = CARTESIAN_POINT ( 'NONE',  ( -2.625808115134523835, 3.034333085677287656, -20.83958864581944326 ) ) ;
#5004 = EDGE_CURVE ( 'NONE', #661, #5296, #3346, .T. ) ;
#5005 = CARTESIAN_POINT ( 'NONE',  ( 12.25000000000000000, -0.03922644885078713922, -8.773908394362367247 ) ) ;
#5006 = CARTESIAN_POINT ( 'NONE',  ( 4.227740443193966691, 7.311958637677902217, -13.65353439024022641 ) ) ;
#5007 = CARTESIAN_POINT ( 'NONE',  ( -10.28104244438774373, -5.432281094608359541E-16, -13.65353439024021576 ) ) ;
#5008 = CARTESIAN_POINT ( 'NONE',  ( -11.94349945555823389, 7.991714102634889016, -1.752604772662549770 ) ) ;
#5009 = AXIS2_PLACEMENT_3D ( 'NONE', #2621, #3433, #1286 ) ;
#5010 = CARTESIAN_POINT ( 'NONE',  ( 5.345654675927614008, -9.258945498424820286, -12.01109144709619514 ) ) ;
#5011 = ORIENTED_EDGE ( 'NONE', *, *, #3353, .F. ) ;
#5012 = CARTESIAN_POINT ( 'NONE',  ( -11.93188308701664013, 7.755011026471176905, 3.091483650455514987 ) ) ;
#5013 = CARTESIAN_POINT ( 'NONE',  ( -10.22398199977965483, 0.9683060541369735708, -12.35059466455286525 ) ) ;
#5014 = APPLICATION_CONTEXT ( 'automotive_design' ) ;
#5015 = CARTESIAN_POINT ( 'NONE',  ( -9.355492701130447841, 2.589388974356011452, -12.71828949103744755 ) ) ;
#5016 = CARTESIAN_POINT ( 'NONE',  ( 4.752855171561793490, -8.248643241569991957, -13.65353439024021398 ) ) ;
#5017 = ORIENTED_EDGE ( 'NONE', *, *, #2530, .T. ) ;
#5018 = CARTESIAN_POINT ( 'NONE',  ( 11.79215049177564012, 4.211770062720257890, -7.677792686852686010 ) ) ;
#5019 = CARTESIAN_POINT ( 'NONE',  ( -11.85872946244896831, -5.345883099684907158, -6.527432888858736071 ) ) ;
#5020 = DIRECTION ( 'NONE',  ( 0.000000000000000000, 1.000000000000000000, 1.002010156928930384E-16 ) ) ;
#5021 = CARTESIAN_POINT ( 'NONE',  ( -5.648994614387147450, -8.305563000183095568, -12.74198722652499605 ) ) ;
#5022 = CARTESIAN_POINT ( 'NONE',  ( -6.608048967339230195, -11.44547655033466604, 7.923703456781644228 ) ) ;
#5023 = CARTESIAN_POINT ( 'NONE',  ( 5.743231094436127115, -5.928995442767080348, -8.054050440365555730 ) ) ;
#5024 = CARTESIAN_POINT ( 'NONE',  ( -12.24999999999880096, 0.7094408050463494320, -9.189232934584945056 ) ) ;
#5025 = CARTESIAN_POINT ( 'NONE',  ( -5.500000000000000888, -12.67328486411305377, -6.000000000000000000 ) ) ;
#5026 = CARTESIAN_POINT ( 'NONE',  ( 10.25000000000000000, 0.000000000000000000, -8.776159399017403828 ) ) ;
#5027 = CARTESIAN_POINT ( 'NONE',  ( 4.512363135871675368, 8.365727091343451605, -13.65353439024015358 ) ) ;
#5028 = CARTESIAN_POINT ( 'NONE',  ( 7.702343320404782645, 13.34084996827992242, 0.3811111474512781094 ) ) ;
#5029 = LINE ( 'NONE', #3769, #3541 ) ;
#5030 = ORIENTED_EDGE ( 'NONE', *, *, #4655, .T. ) ;
#5031 = ORIENTED_EDGE ( 'NONE', *, *, #5240, .F. ) ;
#5032 = CARTESIAN_POINT ( 'NONE',  ( -4.668460143793993211, -8.294156317701162351, -13.65353439024020155 ) ) ;
#5033 = CARTESIAN_POINT ( 'NONE',  ( 4.279362824997249959, -7.275571310062761476, -13.65353439024021576 ) ) ;
#5034 = CIRCLE ( 'NONE', #3121, 4.000000000000000000 ) ;
#5035 = CARTESIAN_POINT ( 'NONE',  ( -8.249999999999998224, 0.000000000000000000, 4.000000000000000888 ) ) ;
#5036 = CARTESIAN_POINT ( 'NONE',  ( -10.34961971017876792, -0.02829925398848743417, -12.24063838753777489 ) ) ;
#5037 = CARTESIAN_POINT ( 'NONE',  ( -6.196645232446523544, 5.350400530926292753, -12.89808525406301065 ) ) ;
#5038 = EDGE_CURVE ( 'NONE', #1709, #4814, #3453, .T. ) ;
#5039 = CARTESIAN_POINT ( 'NONE',  ( -11.81826668690182558, 3.470918691144238455, 8.516634959112236558 ) ) ;
#5040 = EDGE_CURVE ( 'NONE', #2014, #1240, #3616, .T. ) ;
#5041 = CARTESIAN_POINT ( 'NONE',  ( 9.487218753600929588, -10.75629901175314274, -6.025986191255835678 ) ) ;
#5042 = ORIENTED_EDGE ( 'NONE', *, *, #10, .T. ) ;
#5043 = CARTESIAN_POINT ( 'NONE',  ( -11.94641414330122586, 8.164248300270914527, 1.147649945659787285 ) ) ;
#5044 = DIRECTION ( 'NONE',  ( 0.000000000000000000, 0.000000000000000000, -1.000000000000000000 ) ) ;
#5045 = ORIENTED_EDGE ( 'NONE', *, *, #3110, .F. ) ;
#5046 = CARTESIAN_POINT ( 'NONE',  ( 11.77657718304994461, 6.711492943042156156, 5.625615072248395521 ) ) ;
#5047 = CARTESIAN_POINT ( 'NONE',  ( -12.25000000000000355, -6.819894028904371019, -1.895888623352406377 ) ) ;
#5048 = CARTESIAN_POINT ( 'NONE',  ( -4.223171334864575854, 7.314747321054085205, -13.65353439024021043 ) ) ;
#5049 = CARTESIAN_POINT ( 'NONE',  ( -5.164068558500063411, -6.331189278831119260, -13.65353439024021220 ) ) ;
#5050 = CARTESIAN_POINT ( 'NONE',  ( -7.702343320404782645, -13.34084996827992242, 0.3811111474512781094 ) ) ;
#5051 = CARTESIAN_POINT ( 'NONE',  ( 10.28678778769019964, 0.2026602030683789524, -12.29351578857261806 ) ) ;
#5052 = CARTESIAN_POINT ( 'NONE',  ( 0.8644877453505316334, -7.070430523100432296, -7.071705043389103551 ) ) ;
#5053 = CARTESIAN_POINT ( 'NONE',  ( 3.199999999999999734, 5.439786974697152111, 13.58355318891101682 ) ) ;
#5054 = CARTESIAN_POINT ( 'NONE',  ( -11.95511776342845778, 0.4565515022423980995, -9.758057042031051509 ) ) ;
#5055 = CARTESIAN_POINT ( 'NONE',  ( -6.335548272093892486, 4.996124101430186037, -13.64421020617563052 ) ) ;
#5056 = CARTESIAN_POINT ( 'NONE',  ( -3.801147468554995079, 7.461046374552497973, -13.65353439024022109 ) ) ;
#5057 = CARTESIAN_POINT ( 'NONE',  ( 10.28104244438774373, 3.145313323422915607E-15, 0.000000000000000000 ) ) ;
#5058 = VERTEX_POINT ( 'NONE', #849 ) ;
#5059 = EDGE_LOOP ( 'NONE', ( #1104, #2471, #2780, #3104 ) ) ;
#5060 = CARTESIAN_POINT ( 'NONE',  ( -4.908406247750868978, -8.837021267154280935, -12.75651264759947701 ) ) ;
#5061 = CARTESIAN_POINT ( 'NONE',  ( 5.175020173817770797, -7.937674897355477377, -13.65353439024044668 ) ) ;
#5062 = CARTESIAN_POINT ( 'NONE',  ( -6.829508862805975689, 2.883632384843195062, -4.296152422706756902 ) ) ;
#5063 = EDGE_CURVE ( 'NONE', #2115, #1353, #1561, .T. ) ;
#5064 = CARTESIAN_POINT ( 'NONE',  ( 5.063498206653929579, 8.031844904178786493, -13.65353439024003634 ) ) ;
#5065 = CARTESIAN_POINT ( 'NONE',  ( -5.072829730936117443, -8.748902464405190926, -12.75865575431046040 ) ) ;
#5066 = CARTESIAN_POINT ( 'NONE',  ( 7.495082897782427089, -2.168404344971008868E-15, -16.56226468677081343 ) ) ;
#5067 = CARTESIAN_POINT ( 'NONE',  ( 12.56934170277157747, -2.478901035774592643, -8.814338527120403555 ) ) ;
#5068 = VERTEX_POINT ( 'NONE', #4112 ) ;
#5069 = CARTESIAN_POINT ( 'NONE',  ( -4.754566686300481848, -15.04274960149093410, 0.3811111474512711705 ) ) ;
#5070 = EDGE_CURVE ( 'NONE', #1955, #2938, #2335, .T. ) ;
#5071 = CARTESIAN_POINT ( 'NONE',  ( -12.25000000000000000, -15.04274960149093410, -15.83954091745580151 ) ) ;
#5072 = CARTESIAN_POINT ( 'NONE',  ( 1.476241987961000923, -8.899388291409255913, -13.65353439023711779 ) ) ;
#5073 = ORIENTED_EDGE ( 'NONE', *, *, #4469, .T. ) ;
#5074 = AXIS2_PLACEMENT_3D ( 'NONE', #2343, #4526, #5532 ) ;
#5075 = CARTESIAN_POINT ( 'NONE',  ( 11.53030691181530898, 8.284499735039307922, -2.839008177723913562 ) ) ;
#5076 = CARTESIAN_POINT ( 'NONE',  ( -12.25000000000215827, -7.679179295975616881, -0.4768875637590234140 ) ) ;
#5077 = CARTESIAN_POINT ( 'NONE',  ( -4.773666532500151050, 8.236586568675400954, -13.65353439024021398 ) ) ;
#5078 = CARTESIAN_POINT ( 'NONE',  ( -6.565030108378810070, -6.312212930341938311, -13.65353439024210402 ) ) ;
#5079 = CARTESIAN_POINT ( 'NONE',  ( -7.811825646387161370, 1.894127441243143473, -11.65353439024021753 ) ) ;
#5080 = CARTESIAN_POINT ( 'NONE',  ( 4.819179100414003436, -8.208936181364290263, -13.65353439024023352 ) ) ;
#5081 = CARTESIAN_POINT ( 'NONE',  ( -11.97049430551627758, 0.07240855480965412150, -9.794110449470830204 ) ) ;
#5082 = CARTESIAN_POINT ( 'NONE',  ( 11.94024482292279465, 0.7435293034216448049, -9.690516212969320975 ) ) ;
#5083 = CARTESIAN_POINT ( 'NONE',  ( -10.34961653052937791, -0.001655466166640708796, -12.24064107597286544 ) ) ;
#5084 = FACE_OUTER_BOUND ( 'NONE', #3078, .T. ) ;
#5085 = CARTESIAN_POINT ( 'NONE',  ( -11.94202753035323816, -8.053167497506100503, 1.921223667767532728 ) ) ;
#5086 =( BOUNDED_SURFACE ( )  B_SPLINE_SURFACE ( 3, 2, ( 
 ( #2750, #4477, #2650 ),
 ( #4044, #4372, #2217 ),
 ( #3942, #62, #701 ),
 ( #4530, #3679, #5442 ) ),
 .UNSPECIFIED., .F., .F., .F. ) 
 B_SPLINE_SURFACE_WITH_KNOTS ( ( 4, 4 ),
 ( 3, 3 ),
 ( 0.005252984862161661113, 0.005596475548161851041 ),
 ( 0.9557435188168181828, 1.000000000000000000 ),
 .UNSPECIFIED. ) 
 GEOMETRIC_REPRESENTATION_ITEM ( )  RATIONAL_B_SPLINE_SURFACE ( (
 ( 0.9958044638163854323, 0.9978050930500640403, 1.000000000000000000),
 ( 0.9958305650391396924, 0.9978187479806183147, 1.000000000000000000),
 ( 0.9958565162613973731, 0.9978323244379767587, 1.000000000000000000),
 ( 0.9958822637873148143, 0.9978457943310027334, 1.000000000000000000) ) ) 
 REPRESENTATION_ITEM ( '' )  SURFACE ( )  );
#5087 = DIRECTION ( 'NONE',  ( 1.000000000000000000, 0.000000000000000000, 0.000000000000000000 ) ) ;
#5088 = DIRECTION ( 'NONE',  ( -0.9999999998600221929, -1.673187315634222194E-05, 0.000000000000000000 ) ) ;
#5089 = ORIENTED_EDGE ( 'NONE', *, *, #2214, .T. ) ;
#5090 = ORIENTED_EDGE ( 'NONE', *, *, #1788, .F. ) ;
#5091 = CARTESIAN_POINT ( 'NONE',  ( -4.222872389724168229, -7.314917176126130904, -13.65353439024021931 ) ) ;
#5092 = CARTESIAN_POINT ( 'NONE',  ( 6.885784804316561925, -5.838743277632626238, -13.65353439023974857 ) ) ;
#5093 = STYLED_ITEM ( 'NONE', ( #4502 ), #1529 ) ;
#5094 = DIRECTION ( 'NONE',  ( -0.9999999952423108684, -9.754679970269150926E-05, 0.000000000000000000 ) ) ;
#5095 = CARTESIAN_POINT ( 'NONE',  ( 10.34961971017876792, 4.945898169645634705E-16, -12.24063838753777667 ) ) ;
#5096 = CARTESIAN_POINT ( 'NONE',  ( -10.70143366444243860, -0.3782099134911658944, -11.80707896918896793 ) ) ;
#5097 = CARTESIAN_POINT ( 'NONE',  ( 5.345654675927614008, -9.258945498424820286, -12.01109144709619514 ) ) ;
#5098 = CARTESIAN_POINT ( 'NONE',  ( 0.000000000000000000, 0.000000000000000000, 15.23975065412817287 ) ) ;
#5099 = ORIENTED_EDGE ( 'NONE', *, *, #3110, .T. ) ;
#5100 =( BOUNDED_SURFACE ( )  B_SPLINE_SURFACE ( 3, 2, ( 
 ( #5095, #1258, #2987 ),
 ( #831, #860, #2568 ),
 ( #4292, #409, #3868 ),
 ( #1790, #4066, #3618 ),
 ( #917, #1320, #1492 ),
 ( #3944, #1343, #4835 ),
 ( #185, #4806, #4779 ),
 ( #2315, #64, #3069 ),
 ( #2653, #3046, #39 ),
 ( #1765, #3652, #5387 ),
 ( #3216, #463, #4959 ),
 ( #1919, #4375, #4039 ),
 ( #4348, #487, #12 ),
 ( #2219, #1065, #3464 ),
 ( #3517, #3492, #158 ),
 ( #3188, #4321, #1369 ),
 ( #436, #1013, #5260 ),
 ( #2167, #5211, #2193 ),
 ( #3923, #2745, #1892 ),
 ( #888, #3094, #3896 ),
 ( #4498, #1739, #2624 ),
 ( #4471, #5234, #580 ) ),
 .UNSPECIFIED., .F., .F., .T. ) 
 B_SPLINE_SURFACE_WITH_KNOTS ( ( 4, 2, 2, 2, 2, 2, 2, 2, 2, 2, 4 ),
 ( 3, 3 ),
 ( 1.951563910473907981E-18, 4.878552892863881255E-06, 9.757105785725810946E-06, 1.951421157144967033E-05, 3.902842314289738909E-05, 7.805684628579282662E-05, 0.0001561136925715837017, 0.0003122273851431654518, 0.0006244547702863289520, 0.001248909540572655952, 0.002497819081145309737 ),
 ( 0.000000000000000000, 1.000000000000000000 ),
 .UNSPECIFIED. ) 
 GEOMETRIC_REPRESENTATION_ITEM ( )  RATIONAL_B_SPLINE_SURFACE ( (
 ( 1.000000000000000000, 0.9887466610851407545, 1.000000000000000000),
 ( 1.000000000000000000, 0.9887419990090340338, 1.000000000000000000),
 ( 1.000000000000000000, 0.9887190898446209797, 1.000000000000000000),
 ( 1.000000000000000000, 0.9886735324876869679, 1.000000000000000000),
 ( 1.000000000000000000, 0.9886483574156044174, 1.000000000000000000),
 ( 1.000000000000000000, 0.9885713952879556787, 1.000000000000000000),
 ( 1.000000000000000000, 0.9885175367317130535, 1.000000000000000000),
 ( 1.000000000000000000, 0.9883557796970980913, 1.000000000000000000),
 ( 1.000000000000000000, 0.9882470224108373946, 1.000000000000000000),
 ( 1.000000000000000000, 0.9879256121163195736, 1.000000000000000000),
 ( 1.000000000000000000, 0.9877163554806508428, 1.000000000000000000),
 ( 1.000000000000000000, 0.9871141521768245219, 1.000000000000000000),
 ( 1.000000000000000000, 0.9867422909950456233, 1.000000000000000000),
 ( 1.000000000000000000, 0.9856816942563785267, 1.000000000000000000),
 ( 1.000000000000000000, 0.9850466462197050577, 1.000000000000000000),
 ( 1.000000000000000000, 0.9832517161083164092, 1.000000000000000000),
 ( 1.000000000000000000, 0.9822213287785690472, 1.000000000000000000),
 ( 1.000000000000000000, 0.9793277947052754229, 1.000000000000000000),
 ( 1.000000000000000000, 0.9776712322554540480, 1.000000000000000000),
 ( 1.000000000000000000, 0.9729586232217823927, 1.000000000000000000),
 ( 1.000000000000000000, 0.9702083767083098387, 1.000000000000000000),
 ( 1.000000000000000000, 0.9674823386718915952, 1.000000000000000000) ) ) 
 REPRESENTATION_ITEM ( '' )  SURFACE ( )  );
#5101 = CARTESIAN_POINT ( 'NONE',  ( -11.79758686204623963, 0.3688150008664259349, 9.632750885834933996 ) ) ;
#5102 = AXIS2_PLACEMENT_3D ( 'NONE', #2693, #2184, #81 ) ;
#5103 = DIRECTION ( 'NONE',  ( 0.9999999998600221929, 1.673187315638711807E-05, 0.000000000000000000 ) ) ;
#5104 = DIRECTION ( 'NONE',  ( -1.000000000000000000, 0.000000000000000000, 1.095185450775958527E-16 ) ) ;
#5105 = AXIS2_PLACEMENT_3D ( 'NONE', #476, #1333, #3060 ) ;
#5106 = CARTESIAN_POINT ( 'NONE',  ( -0.3800254921917747830, -8.927309848679733761, -13.65353439024021753 ) ) ;
#5107 = ORIENTED_EDGE ( 'NONE', *, *, #1840, .T. ) ;
#5108 = CIRCLE ( 'NONE', #932, 17.35143634042886163 ) ;
#5109 = CARTESIAN_POINT ( 'NONE',  ( -4.790134233027051991, 14.54717911353094806, -3.557211016089472988 ) ) ;
#5110 = CARTESIAN_POINT ( 'NONE',  ( -12.24999999999998934, -1.796043128303188130, -7.919784057362559970 ) ) ;
#5111 = DIRECTION ( 'NONE',  ( -0.000000000000000000, 1.000000000000000000, -0.000000000000000000 ) ) ;
#5112 = CARTESIAN_POINT ( 'NONE',  ( -4.458755586320507724, 7.121290702509499582, -13.65353439024021043 ) ) ;
#5113 = CARTESIAN_POINT ( 'NONE',  ( 11.85046022763777707, -3.895257229649752517, -7.835143337225098037 ) ) ;
#5114 = EDGE_CURVE ( 'NONE', #1912, #4087, #1506, .T. ) ;
#5115 = CARTESIAN_POINT ( 'NONE',  ( 10.34961971017876436, 2.400368524960634128E-15, -12.24063838753777844 ) ) ;
#5116 = CARTESIAN_POINT ( 'NONE',  ( -12.24999999999999645, 0.7279069932002389942, 8.298881723745331840 ) ) ;
#5117 = CARTESIAN_POINT ( 'NONE',  ( -6.985283469547195700, -3.538974624816643821, -13.65353439024022109 ) ) ;
#5118 = DIRECTION ( 'NONE',  ( 0.000000000000000000, 0.000000000000000000, 1.000000000000000000 ) ) ;
#5119 = CARTESIAN_POINT ( 'NONE',  ( 12.25000000000000000, 0.05950388660736598972, -8.776159399017434026 ) ) ;
#5120 = CARTESIAN_POINT ( 'NONE',  ( -5.159903377497014887, 6.301769622869114684, -7.982607692756933382 ) ) ;
#5121 = CARTESIAN_POINT ( 'NONE',  ( -4.274534918971754089E-15, 6.474076149427982344E-15, -24.76024934587180226 ) ) ;
#5122 = EDGE_LOOP ( 'NONE', ( #3773, #571, #1828, #1339, #1597 ) ) ;
#5123 = CARTESIAN_POINT ( 'NONE',  ( -4.752292224311521096, -8.248977508532785663, -13.65353439024021576 ) ) ;
#5124 = CARTESIAN_POINT ( 'NONE',  ( -8.429569411924008548, 9.647011462136198645, -8.814338527120410660 ) ) ;
#5125 = CARTESIAN_POINT ( 'NONE',  ( 0.6319216588091872699, 8.045250336733644758, -5.939187970546325523 ) ) ;
#5126 = CARTESIAN_POINT ( 'NONE',  ( 5.238995150589481398, 7.879354347562473215, -13.65353439024015358 ) ) ;
#5127 = LINE ( 'NONE', #2598, #2276 ) ;
#5128 = CARTESIAN_POINT ( 'NONE',  ( 0.000000000000000000, 0.000000000000000000, 15.23975065412817465 ) ) ;
#5129 = CARTESIAN_POINT ( 'NONE',  ( -14.05883757168013126, 0.000000000000000000, -6.025986191255835678 ) ) ;
#5130 = ORIENTED_EDGE ( 'NONE', *, *, #2486, .T. ) ;
#5131 = CARTESIAN_POINT ( 'NONE',  ( 3.747541448891196669, -6.490932192949878221, -16.56226468677081343 ) ) ;
#5132 = CARTESIAN_POINT ( 'NONE',  ( 11.87429787148255578, -5.439786974697159216, 6.896125499002407011 ) ) ;
#5133 = CARTESIAN_POINT ( 'NONE',  ( -9.097977632755453570, -3.165374113992596605, -12.71489014548937035 ) ) ;
#5134 = CARTESIAN_POINT ( 'NONE',  ( 4.908197500552229364, -8.837155188815176032, -12.75651945767298834 ) ) ;
#5135 = VERTEX_POINT ( 'NONE', #3231 ) ;
#5136 = CARTESIAN_POINT ( 'NONE',  ( -9.845905304685599546, 0.8661606010417339796, -12.65034129013786668 ) ) ;
#5137 = CARTESIAN_POINT ( 'NONE',  ( -4.760829353910744466, 15.03913384866026348, 0.3811111474512781094 ) ) ;
#5138 = CARTESIAN_POINT ( 'NONE',  ( -11.95000584467817717, -0.5531866371947808947, -9.738503520094248245 ) ) ;
#5139 = EDGE_CURVE ( 'NONE', #3752, #1683, #1120, .T. ) ;
#5140 = CARTESIAN_POINT ( 'NONE',  ( -6.520726147118396376, 4.332772238813500820, -13.65353439024021576 ) ) ;
#5141 = CARTESIAN_POINT ( 'NONE',  ( 9.699999999999995737, -10.12004941237209543, -4.697428662852477288 ) ) ;
#5142 = CARTESIAN_POINT ( 'NONE',  ( -12.24999999999999112, 2.203603319241143499, -7.631134790422012593 ) ) ;
#5143 = CARTESIAN_POINT ( 'NONE',  ( -4.249696202790912203, -7.299433181416566718, -13.65353439024021398 ) ) ;
#5144 = CARTESIAN_POINT ( 'NONE',  ( -11.84895710174648364, 3.990321701361169371, -7.761286501635982660 ) ) ;
#5145 = ADVANCED_FACE ( 'NONE', ( #4976 ), #1882, .T. ) ;
#5146 = CARTESIAN_POINT ( 'NONE',  ( -6.249999999999996447, -5.439786974697151223, 6.853555111758805829 ) ) ;
#5147 = DIRECTION ( 'NONE',  ( -1.000000000000000000, 0.000000000000000000, 0.000000000000000000 ) ) ;
#5148 = LINE ( 'NONE', #1251, #2074 ) ;
#5149 = CARTESIAN_POINT ( 'NONE',  ( 3.580543813029956279, 10.27803273026834319, -12.01109144709619514 ) ) ;
#5150 = ORIENTED_EDGE ( 'NONE', *, *, #1294, .F. ) ;
#5151 = DIRECTION ( 'NONE',  ( 0.000000000000000000, 0.000000000000000000, 1.000000000000000000 ) ) ;
#5152 = CARTESIAN_POINT ( 'NONE',  ( 9.331655929190921578E-16, -6.548161810916601900E-30, 15.23975065412816932 ) ) ;
#5153 = FACE_OUTER_BOUND ( 'NONE', #538, .T. ) ;
#5154 = CARTESIAN_POINT ( 'NONE',  ( 5.657262506546205216, 5.678537458427172169, -13.65353439024021576 ) ) ;
#5155 = CARTESIAN_POINT ( 'NONE',  ( -10.55014679855356619, -0.2548535772644461850, -12.07202388358504486 ) ) ;
#5156 = CARTESIAN_POINT ( 'NONE',  ( 7.495082897782427089, -1.429992247379578307, -16.56226468677081343 ) ) ;
#5157 = CARTESIAN_POINT ( 'NONE',  ( -10.20315954920653212, -11.42196749010450851, -3.557211016089472988 ) ) ;
#5158 = ORIENTED_EDGE ( 'NONE', *, *, #1033, .T. ) ;
#5159 = CARTESIAN_POINT ( 'NONE',  ( -7.029418785840124251, -12.17531048475409250, -6.025986191255835678 ) ) ;
#5160 = CARTESIAN_POINT ( 'NONE',  ( 11.86327747995274251, -5.439786974697159216, 6.917222209112898312 ) ) ;
#5161 = PLANE ( 'NONE',  #5626 ) ;
#5162 = CARTESIAN_POINT ( 'NONE',  ( 3.766722439761689412, -8.595950129173210996, -13.65353439023896698 ) ) ;
#5163 = ORIENTED_EDGE ( 'NONE', *, *, #2530, .F. ) ;
#5164 = CARTESIAN_POINT ( 'NONE',  ( 10.58069182389816909, -0.01225613414447416713, -12.04526398203938875 ) ) ;
#5165 = VERTEX_POINT ( 'NONE', #4030 ) ;
#5166 = CARTESIAN_POINT ( 'NONE',  ( -7.029418785839951056, 12.17531048475418487, -6.025986191255825908 ) ) ;
#5167 = CARTESIAN_POINT ( 'NONE',  ( -12.24999999999989164, -0.2415778305403803450, -9.306815751901272193 ) ) ;
#5168 = CARTESIAN_POINT ( 'NONE',  ( 6.097534191848005491, -5.519057539494261810, -13.63371978756639535 ) ) ;
#5169 = CARTESIAN_POINT ( 'NONE',  ( 8.925446771053765715, -1.894127441243125931, -13.31481341276963093 ) ) ;
#5170 = CARTESIAN_POINT ( 'NONE',  ( -12.24999999999995737, 4.214360473143693220, -5.971253206834522764 ) ) ;
#5171 = EDGE_CURVE ( 'NONE', #1476, #172, #384, .T. ) ;
#5172 = CARTESIAN_POINT ( 'NONE',  ( -12.24999999999999645, 0.000000000000000000, 9.093579015662767162 ) ) ;
#5173 = CARTESIAN_POINT ( 'NONE',  ( -11.97115296434011356, 8.190384643818178775E-14, -9.794801864921526047 ) ) ;
#5174 = CARTESIAN_POINT ( 'NONE',  ( -5.488132731074718329, 6.136200075863894376, -13.65353439024108262 ) ) ;
#5175 = CARTESIAN_POINT ( 'NONE',  ( 9.700000000000001066, -4.841229186757587399, -8.749999997787799799 ) ) ;
#5176 = CARTESIAN_POINT ( 'NONE',  ( 3.396014391814858424, 6.755702869398250598, -9.433729697341780351 ) ) ;
#5177 = CARTESIAN_POINT ( 'NONE',  ( 4.198754764187285993, 7.327065544080614501, -13.65353439024022109 ) ) ;
#5178 = ORIENTED_EDGE ( 'NONE', *, *, #5281, .F. ) ;
#5179 = CARTESIAN_POINT ( 'NONE',  ( -5.050182531030674049, -8.762063382704001313, -12.75869688146429759 ) ) ;
#5180 = CARTESIAN_POINT ( 'NONE',  ( 0.000000000000000000, 0.000000000000000000, 15.23975065412817287 ) ) ;
#5181 = CARTESIAN_POINT ( 'NONE',  ( -6.919851603858300670, 2.282253557392414756, -5.751736905646683162 ) ) ;
#5182 = CARTESIAN_POINT ( 'NONE',  ( 8.849066166961243596, 3.655454115034776574, -12.71366326494180932 ) ) ;
#5183 = CARTESIAN_POINT ( 'NONE',  ( -10.73049605140860763, -0.2173833524725201083, -11.79335870048362800 ) ) ;
#5184 = CARTESIAN_POINT ( 'NONE',  ( 9.487218753600929588, -10.75629901175314274, -6.025986191255835678 ) ) ;
#5185 = DIRECTION ( 'NONE',  ( 3.522170589872640548E-14, 1.000000000000000000, -5.951248406172003341E-14 ) ) ;
#5186 = ORIENTED_EDGE ( 'NONE', *, *, #1870, .F. ) ;
#5187 = EDGE_CURVE ( 'NONE', #3311, #1163, #4462, .T. ) ;
#5188 = CARTESIAN_POINT ( 'NONE',  ( -11.79844576793174049, 8.128422390400730787E-14, 9.645951290324624949 ) ) ;
#5189 = CARTESIAN_POINT ( 'NONE',  ( 11.52018493200679394, -7.341937310367597114, -4.773556066379993190 ) ) ;
#5190 = FACE_OUTER_BOUND ( 'NONE', #1196, .T. ) ;
#5191 = CARTESIAN_POINT ( 'NONE',  ( -0.7212700100197352304, -7.810669300188600062, -13.65353439024021220 ) ) ;
#5192 = ORIENTED_EDGE ( 'NONE', *, *, #2117, .T. ) ;
#5193 = AXIS2_PLACEMENT_3D ( 'NONE', #48, #4920, #3581 ) ;
#5194 = VECTOR ( 'NONE', #14, 1000.000000000000000 ) ;
#5195 = CARTESIAN_POINT ( 'NONE',  ( 12.25000000000000533, 2.183231908967675050, -7.654321833820288745 ) ) ;
#5196 = CARTESIAN_POINT ( 'NONE',  ( -1.963414522414093977, 3.400733709139863059, 14.90075911844934353 ) ) ;
#5197 = CARTESIAN_POINT ( 'NONE',  ( -12.25000000000000355, 0.000000000000000000, -9.323646952292328649 ) ) ;
#5198 = CARTESIAN_POINT ( 'NONE',  ( -12.24999999999999822, -2.669598330337274561, -7.275695482540511350 ) ) ;
#5199 = CARTESIAN_POINT ( 'NONE',  ( 9.700000000000002842, -6.711839991721168630, 9.106440855307015525 ) ) ;
#5200 = LINE ( 'NONE', #1247, #647 ) ;
#5201 = CARTESIAN_POINT ( 'NONE',  ( 3.199999999999999734, 5.038890355471067117, 14.02048661405589769 ) ) ;
#5202 = CARTESIAN_POINT ( 'NONE',  ( -12.18928751421707801, 7.204973282717984873, 2.878334685503803225 ) ) ;
#5203 = B_SPLINE_CURVE_WITH_KNOTS ( 'NONE', 3,
 ( #102, #1383, #77, #1411 ),
 .UNSPECIFIED., .F., .F.,
 ( 4, 4 ),
 ( 0.0002506420728912468342, 0.0003227046745379664365 ),
 .UNSPECIFIED. ) ;
#5204 = CARTESIAN_POINT ( 'NONE',  ( 4.205248644913082146, 6.573341451028933413, -9.724251123844455336 ) ) ;
#5205 = VECTOR ( 'NONE', #862, 1000.000000000000000 ) ;
#5206 = CARTESIAN_POINT ( 'NONE',  ( 4.222797632713099603, 7.314959587343402347, -13.65353439024022109 ) ) ;
#5207 = ORIENTED_EDGE ( 'NONE', *, *, #1256, .F. ) ;
#5208 = CARTESIAN_POINT ( 'NONE',  ( 0.000000000000000000, -15.04274960149093410, 0.000000000000000000 ) ) ;
#5209 = CARTESIAN_POINT ( 'NONE',  ( 0.000000000000000000, 0.000000000000000000, 15.23975065412817465 ) ) ;
#5210 = CARTESIAN_POINT ( 'NONE',  ( -4.668365400807313215, 8.294225178915775487, -13.65353439024026372 ) ) ;
#5211 = CARTESIAN_POINT ( 'NONE',  ( 10.22293458419952827, 0.9685912125117429605, -12.35145898230180173 ) ) ;
#5212 = CARTESIAN_POINT ( 'NONE',  ( -10.50126701728804157, -0.4142813193669397376, -12.11463163608163640 ) ) ;
#5213 = ADVANCED_FACE ( 'NONE', ( #2416 ), #740, .T. ) ;
#5214 = DIRECTION ( 'NONE',  ( 0.000000000000000000, 0.000000000000000000, 1.000000000000000000 ) ) ;
#5215 = CARTESIAN_POINT ( 'NONE',  ( -1.963414522414115071, -3.400733709139851069, 14.90075911844934353 ) ) ;
#5216 = ORIENTED_EDGE ( 'NONE', *, *, #449, .F. ) ;
#5217 = CARTESIAN_POINT ( 'NONE',  ( 5.380261184385633833, -9.318885729346671809, 11.03005007641328028 ) ) ;
#5218 = CARTESIAN_POINT ( 'NONE',  ( 12.25000000000000178, -0.009910392532439103730, -8.776158525467936400 ) ) ;
#5219 = DIRECTION ( 'NONE',  ( -0.000000000000000000, 1.000000000000000000, -0.000000000000000000 ) ) ;
#5220 = EDGE_CURVE ( 'NONE', #4726, #4886, #2146, .T. ) ;
#5221 = ORIENTED_EDGE ( 'NONE', *, *, #4531, .F. ) ;
#5222 = CARTESIAN_POINT ( 'NONE',  ( 11.97023412239321694, 0.08582033422042918691, -9.793811287398087373 ) ) ;
#5223 = VECTOR ( 'NONE', #5094, 1000.000000000000227 ) ;
#5224 = CARTESIAN_POINT ( 'NONE',  ( -12.25000000000000000, -0.07831054469802377349, -8.768681719117674689 ) ) ;
#5225 = CARTESIAN_POINT ( 'NONE',  ( 3.199999999999999734, 5.439786974697152111, 13.58355318891101682 ) ) ;
#5226 = CARTESIAN_POINT ( 'NONE',  ( -5.221206054230072446, 6.252862278273741303, -13.65353439024021576 ) ) ;
#5227 = CARTESIAN_POINT ( 'NONE',  ( -11.79844576793174760, 0.000000000000000000, 9.645951290324607186 ) ) ;
#5228 = CARTESIAN_POINT ( 'NONE',  ( 11.87003213217600894, 5.700036720631670661, 6.638680696000572645 ) ) ;
#5229 = CARTESIAN_POINT ( 'NONE',  ( 5.042323929153796236, 8.766534337849078540, -12.75866359298241548 ) ) ;
#5230 = VERTEX_POINT ( 'NONE', #4377 ) ;
#5231 = CARTESIAN_POINT ( 'NONE',  ( 8.338794723624422645, 5.439786974697157440, 11.26691133036972836 ) ) ;
#5232 = CARTESIAN_POINT ( 'NONE',  ( -7.399510874385271997, 12.81632878559397426, 4.294159011543763782 ) ) ;
#5233 = CARTESIAN_POINT ( 'NONE',  ( -4.763067676070170897, 8.903363455223633594, -12.75262904608545078 ) ) ;
#5234 = CARTESIAN_POINT ( 'NONE',  ( 9.231312193429106472, 2.264110098105115654, -13.10977970618395005 ) ) ;
#5235 = CARTESIAN_POINT ( 'NONE',  ( 11.85488080906038277, 3.605009294155361310, -8.063621954140565151 ) ) ;
#5236 = CYLINDRICAL_SURFACE ( 'NONE', #1093, 0.8999999999999998002 ) ;
#5237 = CARTESIAN_POINT ( 'NONE',  ( -4.985951062336716255, -5.775936069260088956, -16.56226468677081343 ) ) ;
#5238 = VERTEX_POINT ( 'NONE', #4808 ) ;
#5239 = CARTESIAN_POINT ( 'NONE',  ( -4.665827964595441067E-16, 8.081451094055031018E-16, 15.23975065412816754 ) ) ;
#5240 = EDGE_CURVE ( 'NONE', #5352, #1378, #3466, .T. ) ;
#5241 = CARTESIAN_POINT ( 'NONE',  ( -12.25000000000000711, 0.3165710729992158301, -8.707022163534244186 ) ) ;
#5242 = CYLINDRICAL_SURFACE ( 'NONE', #2078, 17.35143634042886163 ) ;
#5243 = CARTESIAN_POINT ( 'NONE',  ( -6.031620856195952562, 5.882411869194488219, -8.614707166707326280 ) ) ;
#5244 = ORIENTED_EDGE ( 'NONE', *, *, #5556, .T. ) ;
#5245 = FACE_OUTER_BOUND ( 'NONE', #1149, .T. ) ;
#5246 = EDGE_CURVE ( 'NONE', #1683, #2121, #5507, .T. ) ;
#5247 = CARTESIAN_POINT ( 'NONE',  ( 4.015528756386705034, -7.397733365766699265, -13.65353439024021043 ) ) ;
#5248 = CARTESIAN_POINT ( 'NONE',  ( -5.282969416675219243, -6.230606468129804121, -7.822282858830688745 ) ) ;
#5249 = ADVANCED_FACE ( 'NONE', ( #2626 ), #5236, .F. ) ;
#5250 = CARTESIAN_POINT ( 'NONE',  ( -11.82708549552873478, -3.921299517607435892, 8.214847045180935226 ) ) ;
#5251 = VECTOR ( 'NONE', #2429, 1000.000000000000000 ) ;
#5252 = DIRECTION ( 'NONE',  ( 1.000000000000000000, -0.000000000000000000, -1.095185450775958527E-16 ) ) ;
#5253 = SURFACE_SIDE_STYLE ('',( #3508 ) ) ;
#5254 = CARTESIAN_POINT ( 'NONE',  ( 9.700000000000001066, 5.008216688070136868, -8.749999997787799799 ) ) ;
#5255 = CARTESIAN_POINT ( 'NONE',  ( 4.759994579435250728, 8.244552455522830670, -13.65353439024021931 ) ) ;
#5256 = AXIS2_PLACEMENT_3D ( 'NONE', #3472, #5219, #47 ) ;
#5257 = CARTESIAN_POINT ( 'NONE',  ( -5.048737159902563221, -8.762880502972576480, -12.75868288059997369 ) ) ;
#5258 = CARTESIAN_POINT ( 'NONE',  ( 10.35100004894232839, 1.205818561703540848, -12.04136185521671187 ) ) ;
#5259 = CARTESIAN_POINT ( 'NONE',  ( -4.605524329078187762, 8.965782842532806995, -12.74812952741724281 ) ) ;
#5260 = CARTESIAN_POINT ( 'NONE',  ( 10.51496509477780528, 0.8929370980868690522, -11.92654406386298227 ) ) ;
#5261 = CARTESIAN_POINT ( 'NONE',  ( 3.469446951953614189E-15, 6.938893903907228378E-15, -24.76024934587180226 ) ) ;
#5262 = EDGE_LOOP ( 'NONE', ( #2439, #2215, #1911, #1968 ) ) ;
#5263 = ORIENTED_EDGE ( 'NONE', *, *, #1940, .T. ) ;
#5264 = CARTESIAN_POINT ( 'NONE',  ( -10.58060997035480355, 0.01891801508127495535, -12.04533533284237024 ) ) ;
#5265 = LINE ( 'NONE', #1427, #4307 ) ;
#5266 = LINE ( 'NONE', #3076, #3974 ) ;
#5267 = DIRECTION ( 'NONE',  ( -1.000000000000000000, 0.000000000000000000, 1.095185450775958527E-16 ) ) ;
#5268 = ORIENTED_EDGE ( 'NONE', *, *, #3028, .F. ) ;
#5269 = VERTEX_POINT ( 'NONE', #3071 ) ;
#5270 = CARTESIAN_POINT ( 'NONE',  ( -12.24999999999999822, 4.123730789521874662, -6.056601538276641605 ) ) ;
#5271 = CARTESIAN_POINT ( 'NONE',  ( 11.95472046614465000, 0.4597102167094964664, -9.755573223699347096 ) ) ;
#5272 = AXIS2_PLACEMENT_3D ( 'NONE', #93, #2757, #1822 ) ;
#5273 = DIRECTION ( 'NONE',  ( -1.000000000000000000, 0.000000000000000000, 1.095185450775958527E-16 ) ) ;
#5274 = FACE_OUTER_BOUND ( 'NONE', #3383, .T. ) ;
#5275 = AXIS2_PLACEMENT_3D ( 'NONE', #5541, #4163, #706 ) ;
#5276 = CARTESIAN_POINT ( 'NONE',  ( -11.90158069952364173, -6.808409451156606451, 5.158322853535570296 ) ) ;
#5277 = CARTESIAN_POINT ( 'NONE',  ( 3.199999999999996625, 1.712578079301890766, 14.79185081206384922 ) ) ;
#5278 = AXIS2_PLACEMENT_3D ( 'NONE', #2714, #547, #2690 ) ;
#5279 = DIRECTION ( 'NONE',  ( -0.000000000000000000, -1.000000000000000000, -0.000000000000000000 ) ) ;
#5280 = DIRECTION ( 'NONE',  ( 0.000000000000000000, 0.000000000000000000, -1.000000000000000000 ) ) ;
#5281 = EDGE_CURVE ( 'NONE', #4078, #5379, #3261, .T. ) ;
#5282 = CARTESIAN_POINT ( 'NONE',  ( 5.025069398713807978, 8.776240596012486961, -12.75855600150338987 ) ) ;
#5283 = CARTESIAN_POINT ( 'NONE',  ( 9.794335804514402000, 5.943134587543823955, -8.044447779112417152 ) ) ;
#5284 = CARTESIAN_POINT ( 'NONE',  ( 10.66716540198924967, 0.5193969092917525288, -11.82588130892813183 ) ) ;
#5285 = CARTESIAN_POINT ( 'NONE',  ( 5.098784771134313942, -8.733397821531440286, -12.75845128844292020 ) ) ;
#5286 = CARTESIAN_POINT ( 'NONE',  ( -4.251724702068230499, 7.295813099582676209, -13.65353439024021220 ) ) ;
#5287 = CARTESIAN_POINT ( 'NONE',  ( -5.042927426008909642, 8.766194496634112099, -12.75866550503693908 ) ) ;
#5288 = CARTESIAN_POINT ( 'NONE',  ( 11.97115319650128207, -0.1858448379975507492, -9.794801472649563578 ) ) ;
#5289 = CARTESIAN_POINT ( 'NONE',  ( -3.895893224032718649, -7.435032075077601554, -13.65353439024021220 ) ) ;
#5290 = ORIENTED_EDGE ( 'NONE', *, *, #4086, .T. ) ;
#5291 = ORIENTED_EDGE ( 'NONE', *, *, #2394, .T. ) ;
#5292 = CARTESIAN_POINT ( 'NONE',  ( -10.58039350579232263, 0.03160790332143045139, -12.04552450616846748 ) ) ;
#5293 = CARTESIAN_POINT ( 'NONE',  ( -4.420249689259610371, -4.420249689259559744, -13.65353439024021576 ) ) ;
#5294 = CARTESIAN_POINT ( 'NONE',  ( -4.259664842672739482, 9.080847606088227053, -12.73922257418107229 ) ) ;
#5295 = CARTESIAN_POINT ( 'NONE',  ( -6.249999999999999112, 5.227723404215865344, -13.13352867918689881 ) ) ;
#5296 = VERTEX_POINT ( 'NONE', #890 ) ;
#5297 = ORIENTED_EDGE ( 'NONE', *, *, #3732, .F. ) ;
#5298 = CARTESIAN_POINT ( 'NONE',  ( -11.91045736201017924, 6.973720430124740410, -4.309355556423077438 ) ) ;
#5299 = CARTESIAN_POINT ( 'NONE',  ( -6.249999999999996447, 5.641800107672407805, -10.46372256416205992 ) ) ;
#5300 =( BOUNDED_SURFACE ( )  B_SPLINE_SURFACE ( 3, 2, ( 
 ( #2986, #2566, #2139 ),
 ( #3895, #3943, #3572 ),
 ( #5287, #2651, #1764 ),
 ( #2192, #435, #11 ),
 ( #966, #916, #2724 ),
 ( #887, #4347, #3922 ),
 ( #3967, #3145, #4778 ),
 ( #3068, #4805, #4374 ),
 ( #4883, #1421, #63 ),
 ( #944, #2245, #38 ),
 ( #3546, #2700, #993 ),
 ( #486, #2623, #89 ),
 ( #462, #5315, #1395 ),
 ( #2270, #5210, #2166 ),
 ( #1738, #3463, #2218 ),
 ( #3490, #1318, #510 ),
 ( #2677, #4400, #3045 ),
 ( #5233, #1342, #4858 ),
 ( #1789, #3120, #3516 ),
 ( #5259, #1368, #4424 ),
 ( #1818, #3093, #4833 ),
 ( #535, #3995, #116 ),
 ( #1846, #2778, #217 ),
 ( #617, #1925, #191 ),
 ( #1073, #4130, #1978 ),
 ( #589, #4995, #2323 ),
 ( #1553, #1952, #3709 ),
 ( #3657, #3223, #168 ),
 ( #1048, #4562, #3599 ),
 ( #4480, #5419, #3195 ),
 ( #3247, #3628, #676 ),
 ( #4939, #4911, #1022 ),
 ( #1102, #5394, #5368 ),
 ( #1901, #1445, #1473 ),
 ( #5341, #3681, #4074 ),
 ( #1523, #2753, #1498 ),
 ( #4451, #4506, #2297 ),
 ( #245, #3169, #2349 ),
 ( #4967, #4048, #2377 ),
 ( #2407, #2805, #4534 ),
 ( #5444, #648, #1130 ),
 ( #3278, #5027, #4102 ),
 ( #561, #2834, #4021 ),
 ( #141, #1873, #3065 ),
 ( #4316, #4394, #1760 ),
 ( #3114, #1314, #5177 ),
 ( #2213, #83, #33 ),
 ( #4369, #60, #1841 ),
 ( #1813, #2240, #3539 ),
 ( #1785, #3486, #938 ),
 ( #1338, #2647, #912 ),
 ( #3510, #883, #505 ),
 ( #2672, #4853, #458 ),
 ( #431, #2162, #3962 ),
 ( #5282, #960, #4419 ),
 ( #3041, #2695, #4746 ),
 ( #112, #530, #855 ),
 ( #4774, #3089, #5206 ),
 ( #5229, #6, #1734 ),
 ( #2265, #482, #4342 ),
 ( #2618, #3891, #2187 ),
 ( #3458, #4801, #3940 ),
 ( #3989, #2592, #3918 ),
 ( #1283, #5255, #1364 ) ),
 .UNSPECIFIED., .F., .F., .T. ) 
 B_SPLINE_SURFACE_WITH_KNOTS ( ( 4, 2, 2, 2, 2, 2, 2, 2, 2, 2, 2, 2, 2, 2, 2, 2, 2, 2, 2, 2, 2, 2, 2, 2, 2, 2, 2, 2, 2, 2, 2, 4 ),
 ( 3, 3 ),
 ( 5.204170427930421283E-18, 5.250787463589221031E-07, 1.050157492712640036E-06, 2.100314985420075901E-06, 4.200629970834947632E-06, 8.401259941664691093E-06, 1.680251988332417802E-05, 3.360503976664315186E-05, 6.721007953328109955E-05, 0.0001344201590665569949, 0.0002688403181331087857, 0.0005376806362662123672, 0.001075361272532419530, 0.002150722545064833856, 0.004301445090129662509, 0.005376806362662077052, 0.006452167635194490727, 0.007527528907726905270, 0.008065209543993112976, 0.008334049862126217262, 0.008468470021192768538, 0.008535680100726044175, 0.008569285140492682862, 0.008586087660376001338, 0.008594488920317659708, 0.008598689550288489761, 0.008600789865273905654, 0.008601840022766612734, 0.008602365101512965406, 0.008602627640886142610, 0.008602758910572730344, 0.008602890180259319813 ),
 ( 0.000000000000000000, 1.000000000000000000 ),
 .UNSPECIFIED. ) 
 GEOMETRIC_REPRESENTATION_ITEM ( )  RATIONAL_B_SPLINE_SURFACE ( (
 ( 1.000000000000000000, 0.8810729325328485739, 1.000000000000000000),
 ( 1.000000000000000000, 0.8810716549904998862, 1.000000000000000000),
 ( 1.000000000000000000, 0.8810695363262160962, 1.000000000000000000),
 ( 1.000000000000000000, 0.8810653879137412270, 1.000000000000000000),
 ( 1.000000000000000000, 0.8810632966511198205, 1.000000000000000000),
 ( 1.000000000000000000, 0.8810571602928100043, 1.000000000000000000),
 ( 1.000000000000000000, 0.8810528518075094739, 1.000000000000000000),
 ( 1.000000000000000000, 0.8810402699780025548, 1.000000000000000000),
 ( 1.000000000000000000, 0.8810318986004463948, 1.000000000000000000),
 ( 1.000000000000000000, 0.8810070633060299583, 1.000000000000000000),
 ( 1.000000000000000000, 0.8809908053696583474, 1.000000000000000000),
 ( 1.000000000000000000, 0.8809428496596131142, 1.000000000000000000),
 ( 1.000000000000000000, 0.8809119493294967906, 1.000000000000000000),
 ( 1.000000000000000000, 0.8808216344661190522, 1.000000000000000000),
 ( 1.000000000000000000, 0.8807645840687060579, 1.000000000000000000),
 ( 1.000000000000000000, 0.8806000337664570132, 1.000000000000000000),
 ( 1.000000000000000000, 0.8804990165393041801, 1.000000000000000000),
 ( 1.000000000000000000, 0.8802123137747021042, 1.000000000000000000),
 ( 1.000000000000000000, 0.8800428541304946561, 1.000000000000000000),
 ( 1.000000000000000000, 0.8795731297357590739, 1.000000000000000000),
 ( 1.000000000000000000, 0.8793115449850562593, 1.000000000000000000),
 ( 1.000000000000000000, 0.8786074776577069700, 1.000000000000000000),
 ( 1.000000000000000000, 0.8782460211922468174, 1.000000000000000000),
 ( 1.000000000000000000, 0.8773116523364452579, 1.000000000000000000),
 ( 1.000000000000000000, 0.8768920891602975942, 1.000000000000000000),
 ( 1.000000000000000000, 0.8758603019361319575, 1.000000000000000000),
 ( 1.000000000000000000, 0.8754870418495198647, 1.000000000000000000),
 ( 1.000000000000000000, 0.8746511177354151512, 1.000000000000000000),
 ( 1.000000000000000000, 0.8745014985694439247, 1.000000000000000000),
 ( 1.000000000000000000, 0.8745091032900494943, 1.000000000000000000),
 ( 1.000000000000000000, 0.8745603285760337187, 1.000000000000000000),
 ( 1.000000000000000000, 0.8747846638171947742, 1.000000000000000000),
 ( 1.000000000000000000, 0.8749549853806184441, 1.000000000000000000),
 ( 1.000000000000000000, 0.8755203236010773438, 1.000000000000000000),
 ( 1.000000000000000000, 0.8758986178519130306, 1.000000000000000000),
 ( 1.000000000000000000, 0.8769388083344982210, 1.000000000000000000),
 ( 1.000000000000000000, 0.8773609599378839885, 1.000000000000000000),
 ( 1.000000000000000000, 0.8782880925963456598, 1.000000000000000000),
 ( 1.000000000000000000, 0.8786454837958695974, 1.000000000000000000),
 ( 1.000000000000000000, 0.8793386773763122166, 1.000000000000000000),
 ( 1.000000000000000000, 0.8795957844970252459, 1.000000000000000000),
 ( 1.000000000000000000, 0.8800559184489737952, 1.000000000000000000),
 ( 1.000000000000000000, 0.8802216789791350582, 1.000000000000000000),
 ( 1.000000000000000000, 0.8805027084467393905, 1.000000000000000000),
 ( 1.000000000000000000, 0.8806017754126249653, 1.000000000000000000),
 ( 1.000000000000000000, 0.8807636173216043529, 1.000000000000000000),
 ( 1.000000000000000000, 0.8808197663449812698, 1.000000000000000000),
 ( 1.000000000000000000, 0.8809091648370517280, 1.000000000000000000),
 ( 1.000000000000000000, 0.8809398198025628623, 1.000000000000000000),
 ( 1.000000000000000000, 0.8809877587862589010, 1.000000000000000000),
 ( 1.000000000000000000, 0.8810040545455359862, 1.000000000000000000),
 ( 1.000000000000000000, 0.8810292221517888045, 1.000000000000000000),
 ( 1.000000000000000000, 0.8810377190442623130, 1.000000000000000000),
 ( 1.000000000000000000, 0.8810507317353171164, 1.000000000000000000),
 ( 1.000000000000000000, 0.8810551055145665611, 1.000000000000000000),
 ( 1.000000000000000000, 0.8810617491675847290, 1.000000000000000000),
 ( 1.000000000000000000, 0.8810639817342077462, 1.000000000000000000),
 ( 1.000000000000000000, 0.8810673408751823477, 1.000000000000000000),
 ( 1.000000000000000000, 0.8810684688949900201, 1.000000000000000000),
 ( 1.000000000000000000, 0.8810701596915351264, 1.000000000000000000),
 ( 1.000000000000000000, 0.8810707223621832007, 1.000000000000000000),
 ( 1.000000000000000000, 0.8810718528515821824, 1.000000000000000000),
 ( 1.000000000000000000, 0.8810724296457246307, 1.000000000000000000),
 ( 1.000000000000000000, 0.8810729325328470196, 1.000000000000000000) ) ) 
 REPRESENTATION_ITEM ( '' )  SURFACE ( )  );
#5301 = CARTESIAN_POINT ( 'NONE',  ( 1.417419954465941379, -7.791628104334571425, -13.65353439024021931 ) ) ;
#5302 = CARTESIAN_POINT ( 'NONE',  ( -5.172068012569342343, 6.275344703121051637, -10.29238901819588392 ) ) ;
#5303 = AXIS2_PLACEMENT_3D ( 'NONE', #5325, #1431, #3155 ) ;
#5304 = EDGE_CURVE ( 'NONE', #16, #3803, #4745, .T. ) ;
#5305 = CARTESIAN_POINT ( 'NONE',  ( -12.24999999999999112, -2.389139310610868261, 7.700035105078177899 ) ) ;
#5306 = DIRECTION ( 'NONE',  ( 0.000000000000000000, 0.000000000000000000, 1.000000000000000000 ) ) ;
#5307 = ADVANCED_BREP_SHAPE_REPRESENTATION ( '头部连接件迭代', ( #1529, #635 ), #2196 ) ;
#5308 = DIRECTION ( 'NONE',  ( 1.000000000000000000, 0.000000000000000000, -1.095185450775958527E-16 ) ) ;
#5309 = CARTESIAN_POINT ( 'NONE',  ( 9.748300865146518390, -1.645105821426023462, -12.73298106730752721 ) ) ;
#5310 = CARTESIAN_POINT ( 'NONE',  ( 11.86311921788939117, 5.439786974686687593, 6.917910327364887202 ) ) ;
#5311 = CARTESIAN_POINT ( 'NONE',  ( -6.335548272093892486, 4.996124101430186037, -13.64421020617563052 ) ) ;
#5312 = CARTESIAN_POINT ( 'NONE',  ( 5.094797312977756398, -8.735817865986014397, -12.75849413028929114 ) ) ;
#5313 = EDGE_CURVE ( 'NONE', #3812, #1457, #3947, .T. ) ;
#5314 = CARTESIAN_POINT ( 'NONE',  ( -4.847151965498333048, 8.191057977367211862, -13.65353439024021753 ) ) ;
#5315 = CARTESIAN_POINT ( 'NONE',  ( -4.690837793375601805, 8.282600937588505019, -13.65353439024019089 ) ) ;
#5316 = CARTESIAN_POINT ( 'NONE',  ( 6.335548272093890709, 4.996124101430186037, -13.54918255640135882 ) ) ;
#5317 = ORIENTED_EDGE ( 'NONE', *, *, #1730, .F. ) ;
#5318 = ORIENTED_EDGE ( 'NONE', *, *, #4795, .F. ) ;
#5319 = CARTESIAN_POINT ( 'NONE',  ( -10.26892753423932803, 0.2393715153261363193, -12.30844939543420757 ) ) ;
#5320 = CARTESIAN_POINT ( 'NONE',  ( -12.24999999999999289, 0.9642001943389633123, -8.420322792899300524 ) ) ;
#5321 = CARTESIAN_POINT ( 'NONE',  ( -10.28678778769019964, -0.2026602030684026001, -12.29351578857261273 ) ) ;
#5322 = CARTESIAN_POINT ( 'NONE',  ( -5.500000000000002665, -13.94792532897793969, -0.8069541521848745402 ) ) ;
#5323 = CARTESIAN_POINT ( 'NONE',  ( -12.24999999999999289, -0.2533011693662465813, -8.727615043812699369 ) ) ;
#5324 = B_SPLINE_CURVE_WITH_KNOTS ( 'NONE', 3,
 ( #4415, #2260, #5302, #1412, #3936, #3135, #4874, #4439, #983, #549 ),
 .UNSPECIFIED., .F., .F.,
 ( 4, 2, 2, 2, 4 ),
 ( 1.440969542111313559E-17, 0.0004391319777562229312, 0.0008782639555124314426, 0.001756527911024848357, 0.003513055822049688474 ),
 .UNSPECIFIED. ) ;
#5325 = CARTESIAN_POINT ( 'NONE',  ( -15.40468664080962569, 17.31243405050479112, -13.65353439024021398 ) ) ;
#5326 = ORIENTED_EDGE ( 'NONE', *, *, #867, .F. ) ;
#5327 = CARTESIAN_POINT ( 'NONE',  ( -12.24999999999995737, 4.482306646094653679, -5.710352356512988337 ) ) ;
#5328 = CARTESIAN_POINT ( 'NONE',  ( 11.88160063181862647, -5.511228842666089811, 6.811787730805047403 ) ) ;
#5329 = CARTESIAN_POINT ( 'NONE',  ( 3.887565826375660727, -7.437759664365871437, -13.65353439024021220 ) ) ;
#5330 = B_SPLINE_CURVE_WITH_KNOTS ( 'NONE', 3,
 ( #3645, #573, #181, #1914, #230, #4897, #5299, #4549, #2363, #4521, #3613, #4493 ),
 .UNSPECIFIED., .F., .F.,
 ( 4, 2, 2, 2, 2, 4 ),
 ( 0.0002864558065485781090, 0.001096937676685069392, 0.001907419546821560730, 0.003528383287094543838, 0.005149347027367527814, 0.006770310767640511790 ),
 .UNSPECIFIED. ) ;
#5331 = CARTESIAN_POINT ( 'NONE',  ( -8.249999999999998224, 2.999999999999952482, -4.296152422706658314 ) ) ;
#5332 = CARTESIAN_POINT ( 'NONE',  ( -11.93143454576671303, -7.746527816335448513, 3.117696054465220801 ) ) ;
#5333 = LINE ( 'NONE', #3619, #4445 ) ;
#5334 = CARTESIAN_POINT ( 'NONE',  ( -5.143341490027897756, -8.908528781405383512, -12.49712237659162462 ) ) ;
#5335 = CARTESIAN_POINT ( 'NONE',  ( 10.55063778780167993, -0.2532808078328885881, -12.07159517915475533 ) ) ;
#5336 = EDGE_CURVE ( 'NONE', #3147, #249, #438, .T. ) ;
#5337 = CARTESIAN_POINT ( 'NONE',  ( 8.316648718123484940, 6.828542252415106262, -7.306884723717947061 ) ) ;
#5338 = CARTESIAN_POINT ( 'NONE',  ( -6.463378840537931325, 4.555155535558166768, -13.65353439024021576 ) ) ;
#5339 = CARTESIAN_POINT ( 'NONE',  ( 4.796277239101920387, -8.223079911031025091, -13.65353439024021576 ) ) ;
#5340 = CARTESIAN_POINT ( 'NONE',  ( -5.181482653183431708, 8.680938302589687794, -12.75694725891879955 ) ) ;
#5341 = CARTESIAN_POINT ( 'NONE',  ( 3.084204814596892774, 9.322938927177238710, -12.72232601850905453 ) ) ;
#5342 = CARTESIAN_POINT ( 'NONE',  ( 11.85994592078843013, 3.309095293878402622, -8.284947728244544507 ) ) ;
#5343 = AXIS2_PLACEMENT_3D ( 'NONE', #4118, #4177, #692 ) ;
#5344 = VERTEX_POINT ( 'NONE', #2197 ) ;
#5345 = VERTEX_POINT ( 'NONE', #3898 ) ;
#5346 = CARTESIAN_POINT ( 'NONE',  ( -10.55907811309909583, 0.2177407172272805558, -12.06420735323293769 ) ) ;
#5347 = CARTESIAN_POINT ( 'NONE',  ( 11.89900590993568485, -1.715325181333109628, -9.300676161567690059 ) ) ;
#5348 = CARTESIAN_POINT ( 'NONE',  ( 4.818008838635149615, 8.209677989616229965, -13.65353439024022109 ) ) ;
#5349 = CARTESIAN_POINT ( 'NONE',  ( -8.976958997546192975, 5.918222346497100439, -8.122959572161416730 ) ) ;
#5350 = CARTESIAN_POINT ( 'NONE',  ( -11.94804496286504580, 8.156388096370323026, -0.8538833416144667732 ) ) ;
#5351 = EDGE_CURVE ( 'NONE', #2205, #5269, #1292, .T. ) ;
#5352 = VERTEX_POINT ( 'NONE', #465 ) ;
#5353 = ORIENTED_EDGE ( 'NONE', *, *, #5240, .T. ) ;
#5354 = CARTESIAN_POINT ( 'NONE',  ( -12.25000000000001243, 3.653075989092185338, 6.899626222582810442 ) ) ;
#5355 = CARTESIAN_POINT ( 'NONE',  ( 11.86323617324193691, -5.438210829323090856, 6.918851266258065458 ) ) ;
#5356 = FACE_OUTER_BOUND ( 'NONE', #4838, .T. ) ;
#5357 = CARTESIAN_POINT ( 'NONE',  ( 11.87857681664429244, 5.614418471429809543, 6.712193369188899084 ) ) ;
#5358 = CARTESIAN_POINT ( 'NONE',  ( -12.24999999999999822, -6.927476021783436799, 2.050086208168161672 ) ) ;
#5359 = CARTESIAN_POINT ( 'NONE',  ( -12.24999999999999822, 9.491012693391987787E-16, -7.749999999999998224 ) ) ;
#5360 = DIRECTION ( 'NONE',  ( -0.4106649515938990969, -0.9117863222994632144, -9.136191558929374668E-17 ) ) ;
#5361 = CARTESIAN_POINT ( 'NONE',  ( -12.13006726105124145, -6.568797312154650569, -4.128824321258425023 ) ) ;
#5362 = CARTESIAN_POINT ( 'NONE',  ( 10.34588297139546853, -0.03216240447452079626, -12.24379698961261020 ) ) ;
#5363 = VECTOR ( 'NONE', #2833, 1000.000000000000000 ) ;
#5364 = CARTESIAN_POINT ( 'NONE',  ( 7.041865894526794456, 3.620135371913093536, -9.456646886609421543 ) ) ;
#5365 = CARTESIAN_POINT ( 'NONE',  ( 10.74363161773562858, 0.000000000000000000, -11.79026603071380919 ) ) ;
#5366 = CARTESIAN_POINT ( 'NONE',  ( 4.764508370298813134, -8.241940146902956954, -13.65353439024021220 ) ) ;
#5367 = CARTESIAN_POINT ( 'NONE',  ( -4.723728189447789383, 6.850960200720605187, -13.65353439024021220 ) ) ;
#5368 = CARTESIAN_POINT ( 'NONE',  ( 1.789980620713072623, 7.756886259537646211, -13.65353439024021220 ) ) ;
#5369 = CARTESIAN_POINT ( 'NONE',  ( 7.594427239101724680, 2.234136706974556130, 13.40799355303542839 ) ) ;
#5370 = EDGE_LOOP ( 'NONE', ( #1024, #769, #317, #4196, #927, #468, #5513 ) ) ;
#5371 = ORIENTED_EDGE ( 'NONE', *, *, #4612, .F. ) ;
#5372 = CARTESIAN_POINT ( 'NONE',  ( 7.070393896041109016, 9.287295642215402315E-15, -8.749999997787798023 ) ) ;
#5373 = CARTESIAN_POINT ( 'NONE',  ( 12.24999999999993250, -0.09710331470170696644, -8.765536791789788396 ) ) ;
#5374 = EDGE_CURVE ( 'NONE', #1587, #97, #5029, .T. ) ;
#5375 = CARTESIAN_POINT ( 'NONE',  ( 4.223171334864615822, 7.314747321054032803, -13.65353439024021576 ) ) ;
#5376 = DIRECTION ( 'NONE',  ( 0.000000000000000000, 1.000000000000000000, 9.997578540140217765E-17 ) ) ;
#5377 = CARTESIAN_POINT ( 'NONE',  ( -11.83354102645315642, 4.230840794906243651, 7.998813287850113696 ) ) ;
#5378 = EDGE_LOOP ( 'NONE', ( #1475, #2352, #1173, #3550 ) ) ;
#5379 = VERTEX_POINT ( 'NONE', #2067 ) ;
#5380 = CARTESIAN_POINT ( 'NONE',  ( -12.25000000000000000, 7.713202541668032097, 0.5647070593706454700 ) ) ;
#5381 = DIRECTION ( 'NONE',  ( -1.000000000000000000, -0.000000000000000000, -0.000000000000000000 ) ) ;
#5382 = EDGE_CURVE ( 'NONE', #3548, #1696, #2922, .T. ) ;
#5383 = CARTESIAN_POINT ( 'NONE',  ( -7.029418785839951056, 12.17531048475418487, -6.025986191255825908 ) ) ;
#5384 = CARTESIAN_POINT ( 'NONE',  ( 4.222561573683806024, -7.315092688795406417, -13.65353439024021576 ) ) ;
#5385 = CARTESIAN_POINT ( 'NONE',  ( 11.63426149810675092, 5.409962654058572795, -6.886381124962255740 ) ) ;
#5386 = CARTESIAN_POINT ( 'NONE',  ( -12.24999999999957012, -7.610368055373701424, -1.018059798684095574 ) ) ;
#5387 = CARTESIAN_POINT ( 'NONE',  ( 10.73049605140860763, 0.2173833524725112820, -11.79335870048362267 ) ) ;
#5388 = CARTESIAN_POINT ( 'NONE',  ( -6.626457233238210343, 3.899845862571536426, -5.075347940576706129 ) ) ;
#5389 = CARTESIAN_POINT ( 'NONE',  ( 10.74337689970611720, -0.03387679413397515216, -11.79022571628958538 ) ) ;
#5390 = LINE ( 'NONE', #1417, #842 ) ;
#5391 = CARTESIAN_POINT ( 'NONE',  ( 4.996124101430191367, -6.335548272093895150, -7.736977968946797013 ) ) ;
#5392 = CARTESIAN_POINT ( 'NONE',  ( -4.889985838120377792, 8.162392473957861938, -13.65353439024021398 ) ) ;
#5393 = B_SPLINE_CURVE_WITH_KNOTS ( 'NONE', 3,
 ( #1805, #982, #3108, #1779, #5247, #5329, #4438, #2208, #1887, #955, #3560, #5301, #2285, #3185, #3935, #1859, #4035, #3587, #55, #1435, #1008, #2025, #664, #3670, #1538, #2849 ),
 .UNSPECIFIED., .F., .F.,
 ( 4, 2, 2, 2, 2, 2, 2, 2, 2, 2, 2, 2, 4 ),
 ( 0.000000000000000000, 0.0001344201590665629581, 0.0002688403181331259161, 0.0005376806362662518322, 0.001075361272532502580, 0.002150722545065002992, 0.004301445090130005117, 0.006452167635195006808, 0.007527528907727508087, 0.008065209543993756558, 0.008334049862126881661, 0.008468470021193445080, 0.008602890180260006764 ),
 .UNSPECIFIED. ) ;
#5394 = CARTESIAN_POINT ( 'NONE',  ( 1.871746511200591989, 8.860888858506399401, -13.65353439023989957 ) ) ;
#5395 = CARTESIAN_POINT ( 'NONE',  ( 10.35229522444272732, -1.204970864000199926, -12.04043733575175779 ) ) ;
#5396 = ORIENTED_EDGE ( 'NONE', *, *, #3026, .T. ) ;
#5397 = ORIENTED_EDGE ( 'NONE', *, *, #961, .F. ) ;
#5398 = CARTESIAN_POINT ( 'NONE',  ( 5.239636634808905846, -7.878365890874067468, -13.65353439024027438 ) ) ;
#5399 = CARTESIAN_POINT ( 'NONE',  ( 11.88994057237414737, -2.016312454420321032, -9.131943713099614612 ) ) ;
#5400 = CARTESIAN_POINT ( 'NONE',  ( 4.223402848993623948, 7.314612600284837285, -13.65353439024021043 ) ) ;
#5401 = CARTESIAN_POINT ( 'NONE',  ( -5.166467422820606004, -8.690882290887405048, -12.75731624499003658 ) ) ;
#5402 = DIRECTION ( 'NONE',  ( 0.000000000000000000, 1.000000000000000000, 9.997578540140220230E-17 ) ) ;
#5403 = EDGE_LOOP ( 'NONE', ( #2051, #491, #3729, #4596 ) ) ;
#5404 = EDGE_LOOP ( 'NONE', ( #3265, #5621, #3782, #5090, #1268, #3375, #472 ) ) ;
#5405 = EDGE_CURVE ( 'NONE', #2807, #3802, #3473, .T. ) ;
#5406 = CARTESIAN_POINT ( 'NONE',  ( -11.91479054690593742, 7.233901253176743928, 4.411809076102761296 ) ) ;
#5407 = DIRECTION ( 'NONE',  ( 0.000000000000000000, -5.600421780593734495E-14, 1.000000000000000000 ) ) ;
#5408 = CARTESIAN_POINT ( 'NONE',  ( 0.000000000000000000, 0.000000000000000000, 15.23975065412817465 ) ) ;
#5409 = CARTESIAN_POINT ( 'NONE',  ( 5.014374654067712989, -8.782156477973913411, -12.75845966366433615 ) ) ;
#5410 = EDGE_CURVE ( 'NONE', #5000, #1057, #1980, .T. ) ;
#5411 = CARTESIAN_POINT ( 'NONE',  ( 11.62465130423085924, 8.575505279160333671, 1.775389338541444095 ) ) ;
#5412 = CARTESIAN_POINT ( 'NONE',  ( -11.94782692305832050, -8.163321587246857192, -0.5236055099989731509 ) ) ;
#5413 = CARTESIAN_POINT ( 'NONE',  ( -6.809081694306132526, 2.999999999999522604, -4.296152422701811524 ) ) ;
#5414 = CARTESIAN_POINT ( 'NONE',  ( 10.31934181138946727, -0.1239768784775187871, -12.26618088510325855 ) ) ;
#5415 = EDGE_CURVE ( 'NONE', #629, #5068, #2820, .T. ) ;
#5416 = CARTESIAN_POINT ( 'NONE',  ( 4.996124101430195807, -6.335548272093883604, -13.65353439024021576 ) ) ;
#5417 = CARTESIAN_POINT ( 'NONE',  ( 4.917018706187762156, -13.33712639643499642, -5.999999995171812373 ) ) ;
#5418 = DIRECTION ( 'NONE',  ( 1.000000000000000000, -0.000000000000000000, -1.095185450775958527E-16 ) ) ;
#5419 = CARTESIAN_POINT ( 'NONE',  ( 0.3800254921915023898, 8.927309848680044624, -13.65353439024083215 ) ) ;
#5420 = CARTESIAN_POINT ( 'NONE',  ( 10.76052236877132096, 0.000000000000000000, 11.03005007641327317 ) ) ;
#5421 = VERTEX_POINT ( 'NONE', #3799 ) ;
#5422 = VERTEX_POINT ( 'NONE', #794 ) ;
#5423 = CARTESIAN_POINT ( 'NONE',  ( 8.819192958928214310, -2.347841692624569987, -13.65353439024021043 ) ) ;
#5424 = CARTESIAN_POINT ( 'NONE',  ( 11.86718790413145896, -2.880584999291016413, -8.604503259843887975 ) ) ;
#5425 = CARTESIAN_POINT ( 'NONE',  ( 4.226833563100294455, 7.312527071142447710, -13.65353439024022109 ) ) ;
#5426 = CARTESIAN_POINT ( 'NONE',  ( -4.888981177809665901, -8.163125637658630751, -13.65353439024028148 ) ) ;
#5427 = CARTESIAN_POINT ( 'NONE',  ( -11.79844576793174760, 8.128422390400734574E-14, 9.645951290324607186 ) ) ;
#5428 = CARTESIAN_POINT ( 'NONE',  ( 1.040834085586080155E-14, -1.802777518484593756E-14, -24.76024934587180937 ) ) ;
#5429 = VERTEX_POINT ( 'NONE', #5539 ) ;
#5430 = CARTESIAN_POINT ( 'NONE',  ( -12.24999999999763745, 3.399534565955234289, 7.909875631364916337 ) ) ;
#5431 = CARTESIAN_POINT ( 'NONE',  ( -9.614842991168858433, 2.267576020291187877, -12.55242380941780844 ) ) ;
#5432 = FACE_OUTER_BOUND ( 'NONE', #3469, .T. ) ;
#5433 = CARTESIAN_POINT ( 'NONE',  ( 11.88713481619436863, 5.527662215610778418, 6.783806990801818593 ) ) ;
#5434 = ORIENTED_EDGE ( 'NONE', *, *, #207, .T. ) ;
#5435 = CARTESIAN_POINT ( 'NONE',  ( -3.408383174462449983, 6.753804354635829732, -9.436854336008371646 ) ) ;
#5436 = CARTESIAN_POINT ( 'NONE',  ( -11.84281951833534663, -4.810158359755561719, -7.067623642543472862 ) ) ;
#5437 = CARTESIAN_POINT ( 'NONE',  ( -4.766766509753431080, 8.240625849292381844, -13.65353439024022109 ) ) ;
#5438 = CARTESIAN_POINT ( 'NONE',  ( -7.999964460863779436, -5.178048232923377014, -12.71244214052375199 ) ) ;
#5439 = CARTESIAN_POINT ( 'NONE',  ( -12.13654882795668755, -7.684938530516488342, -1.065801089367401477 ) ) ;
#5440 = DIRECTION ( 'NONE',  ( 1.000000000000000000, 0.000000000000000000, 0.000000000000000000 ) ) ;
#5441 = CARTESIAN_POINT ( 'NONE',  ( -11.96926608951929083, 0.1241265231683369719, -9.792404546786453778 ) ) ;
#5442 = CARTESIAN_POINT ( 'NONE',  ( 11.87007333428120681, 5.701566572505469388, 6.636976612417345933 ) ) ;
#5443 = CARTESIAN_POINT ( 'NONE',  ( -10.74335442119270390, -0.03521763794944959142, -11.79022114699729329 ) ) ;
#5444 = CARTESIAN_POINT ( 'NONE',  ( 4.611767325709814180, 8.963278598736955871, -12.74828895718922794 ) ) ;
#5445 = EDGE_CURVE ( 'NONE', #126, #2962, #550, .T. ) ;
#5446 = CARTESIAN_POINT ( 'NONE',  ( 14.79902174877078203, 0.000000000000000000, 4.294159011543763782 ) ) ;
#5447 = CARTESIAN_POINT ( 'NONE',  ( -4.015528756386665066, 7.397733365766725910, -13.65353439024020865 ) ) ;
#5448 = AXIS2_PLACEMENT_3D ( 'NONE', #159, #4902, #1893 ) ;
#5449 = ORIENTED_EDGE ( 'NONE', *, *, #4612, .T. ) ;
#5450 = ORIENTED_EDGE ( 'NONE', *, *, #3596, .F. ) ;
#5451 = CARTESIAN_POINT ( 'NONE',  ( -4.698412303148828961, -8.278626976070698973, -13.65353439024020687 ) ) ;
#5452 = CARTESIAN_POINT ( 'NONE',  ( 5.844420234260819136, -7.240522218045806646, -13.65353439023950521 ) ) ;
#5453 =( BOUNDED_SURFACE ( )  B_SPLINE_SURFACE ( 3, 2, ( 
 ( #96, #4891, #4383 ),
 ( #3555, #4488, #2662 ),
 ( #1001, #5243, #2733 ),
 ( #3607, #1351, #149 ),
 ( #3077, #4813, #3129 ),
 ( #5349, #4459, #1453 ),
 ( #975, #2708, #568 ),
 ( #1881, #4571, #2842 ),
 ( #1959, #1111, #5037 ),
 ( #3749, #254, #3254 ) ),
 .UNSPECIFIED., .F., .F., .T. ) 
 B_SPLINE_SURFACE_WITH_KNOTS ( ( 4, 2, 2, 2, 4 ),
 ( 3, 3 ),
 ( 0.02398801281597424950, 0.02568534353878490495, 0.02738267426159555692, 0.02908000498440620890, 0.03077733570721686435 ),
 ( 0.1153372857463749734, 1.000000000000000000 ),
 .UNSPECIFIED. ) 
 GEOMETRIC_REPRESENTATION_ITEM ( )  RATIONAL_B_SPLINE_SURFACE ( (
 ( 0.9846357651757442486, 0.9333943281011425341, 1.000000000000000000),
 ( 0.9831504166279225743, 0.9269551764503578539, 1.000000000000000000),
 ( 0.9812152717595219453, 0.9185661075734632419, 1.000000000000000000),
 ( 0.9766808907083128766, 0.8989090598899409645, 1.000000000000000000),
 ( 0.9740545710214512098, 0.8875236710719793809, 1.000000000000000000),
 ( 0.9684847609641600297, 0.8633779231412577193, 1.000000000000000000),
 ( 0.9655234608079288350, 0.8505403566203018073, 1.000000000000000000),
 ( 0.9594266548449341681, 0.8241100226500648329, 1.000000000000000000),
 ( 0.9563803689064180880, 0.8109040332824337671, 1.000000000000000000),
 ( 0.9534665476789858651, 0.7982722932142674033, 1.000000000000000000) ) ) 
 REPRESENTATION_ITEM ( '' )  SURFACE ( )  );
#5454 = LINE ( 'NONE', #5035, #1406 ) ;
#5455 = CARTESIAN_POINT ( 'NONE',  ( 5.179780680855992081, 8.682090541227376335, -12.75699844980205988 ) ) ;
#5456 = CARTESIAN_POINT ( 'NONE',  ( -4.223633269110000477, -7.314476193669520399, -13.65353439024022109 ) ) ;
#5457 = CARTESIAN_POINT ( 'NONE',  ( -8.249999999999998224, 0.000000000000000000, 9.035279968901654336E-16 ) ) ;
#5458 = VECTOR ( 'NONE', #3865, 1000.000000000000000 ) ;
#5459 = CARTESIAN_POINT ( 'NONE',  ( 0.6739644181558772651, -1.167340614739582172, -23.48981541844718990 ) ) ;
#5460 = ORIENTED_EDGE ( 'NONE', *, *, #5598, .F. ) ;
#5461 = CARTESIAN_POINT ( 'NONE',  ( -12.25000000000171063, 7.605386521964796920, -1.048229730247952851 ) ) ;
#5462 = CARTESIAN_POINT ( 'NONE',  ( -9.868010243984885577, 1.941332655530121798, -12.38037829849059612 ) ) ;
#5463 = CARTESIAN_POINT ( 'NONE',  ( -6.228205062089452682, 7.697378309507766581, -12.72751202429901873 ) ) ;
#5464 = B_SPLINE_CURVE_WITH_KNOTS ( 'NONE', 3,
 ( #4337, #3399, #4681, #1703, #1675, #2975, #791 ),
 .UNSPECIFIED., .F., .F.,
 ( 4, 1, 1, 1, 4 ),
 ( 0.7484490994867863956, 0.7803840584676031700, 0.8535893723117353726, 0.9267946861558677973, 1.000000000000000000 ),
 .UNSPECIFIED. ) ;
#5465 = AXIS2_PLACEMENT_3D ( 'NONE', #489, #919, #5214 ) ;
#5466 = CARTESIAN_POINT ( 'NONE',  ( 4.222408701343479898, -7.315178183483902252, -13.65353439024022109 ) ) ;
#5467 = ORIENTED_EDGE ( 'NONE', *, *, #1225, .F. ) ;
#5468 = DIRECTION ( 'NONE',  ( 0.000000000000000000, -1.000000000000000000, 0.000000000000000000 ) ) ;
#5469 = CARTESIAN_POINT ( 'NONE',  ( -12.25000000000000355, -5.170841758612485961, -4.953322464027692718 ) ) ;
#5470 = CARTESIAN_POINT ( 'NONE',  ( -10.74999999999999822, -6.000000000000000000, 1.177324359584155102E-15 ) ) ;
#5471 = CARTESIAN_POINT ( 'NONE',  ( -5.072212026829260090, 6.444924029923082109, -13.65353439024021398 ) ) ;
#5472 = DIRECTION ( 'NONE',  ( 1.000000000000000000, -0.000000000000000000, -1.095185450775958527E-16 ) ) ;
#5473 = CARTESIAN_POINT ( 'NONE',  ( -12.25000000000000000, 0.1412265109501269766, -9.318108877843974014 ) ) ;
#5474 = CARTESIAN_POINT ( 'NONE',  ( -10.62511468079667232, 0.6387652715611500387, -11.85252560948745959 ) ) ;
#5475 = CARTESIAN_POINT ( 'NONE',  ( -5.500000000000000888, -12.67328486411305377, -6.000000000000000000 ) ) ;
#5476 = CARTESIAN_POINT ( 'NONE',  ( 0.000000000000000000, 0.000000000000000000, 15.23975065412817465 ) ) ;
#5477 = CARTESIAN_POINT ( 'NONE',  ( -11.79589473306212710, -0.9179053254385606264, 9.556391653772246642 ) ) ;
#5478 = CARTESIAN_POINT ( 'NONE',  ( 4.223171334864728621, 7.314747321053991058, -13.65353439024021931 ) ) ;
#5479 = CARTESIAN_POINT ( 'NONE',  ( -4.223171334864563420, 7.314747321054063889, -13.65353439024021576 ) ) ;
#5480 = ORIENTED_EDGE ( 'NONE', *, *, #3771, .F. ) ;
#5481 = ORIENTED_EDGE ( 'NONE', *, *, #3648, .T. ) ;
#5482 = CARTESIAN_POINT ( 'NONE',  ( -4.183895098932810086, -7.333924725584869186, -13.65353439024022109 ) ) ;
#5483 = CARTESIAN_POINT ( 'NONE',  ( 9.111921075173532003, -3.135269078844550972, -12.71496859228811971 ) ) ;
#5484 = EDGE_CURVE ( 'NONE', #1227, #2807, #2453, .T. ) ;
#5485 = AXIS2_PLACEMENT_3D ( 'NONE', #125, #1855, #4894 ) ;
#5486 = CARTESIAN_POINT ( 'NONE',  ( -6.939964924291320614, 2.123990599492751485, -5.433812548664683995 ) ) ;
#5487 = CARTESIAN_POINT ( 'NONE',  ( 5.963218938559436744, 5.226042185319935029, -13.65353439024022641 ) ) ;
#5488 = CARTESIAN_POINT ( 'NONE',  ( -5.084112020814957056, -8.742220611044514200, -12.75858760677108172 ) ) ;
#5489 = CARTESIAN_POINT ( 'NONE',  ( 5.732032763318125390, -5.459898562767346419, 13.40799355303542839 ) ) ;
#5490 = CARTESIAN_POINT ( 'NONE',  ( 7.925990533359604129, -7.849108204432638125, 11.03005007641327317 ) ) ;
#5491 = ORIENTED_EDGE ( 'NONE', *, *, #2150, .F. ) ;
#5492 = CARTESIAN_POINT ( 'NONE',  ( 1.970356796653694786, -3.412758080842871689, -20.83958864581943260 ) ) ;
#5493 = CARTESIAN_POINT ( 'NONE',  ( -5.056631844581832347, 8.758343269986649915, -12.75869244000833014 ) ) ;
#5494 = B_SPLINE_CURVE_WITH_KNOTS ( 'NONE', 3,
 ( #1815, #2697, #86, #2674, #114, #3964, #1787, #138, #990, #2320, #4018, #4397, #2294, #1868 ),
 .UNSPECIFIED., .F., .F.,
 ( 4, 2, 2, 2, 2, 2, 4 ),
 ( 0.003038036286643472014, 0.004374037941564063586, 0.005710039596484651689, 0.008382042906325836568, 0.009718044561246429874, 0.01105404621616702145, 0.01372604952600820633 ),
 .UNSPECIFIED. ) ;
#5495 = CARTESIAN_POINT ( 'NONE',  ( 4.210775960002497875, -7.321262176337914873, -13.65353439024022286 ) ) ;
#5496 = ORIENTED_EDGE ( 'NONE', *, *, #4931, .T. ) ;
#5497 = CARTESIAN_POINT ( 'NONE',  ( 0.4441691426574567170, 7.066076633710633992, -8.912919768133402698 ) ) ;
#5498 = CARTESIAN_POINT ( 'NONE',  ( -11.93887217536355827, -7.848775664443306432, -2.202076257752351385 ) ) ;
#5499 = CARTESIAN_POINT ( 'NONE',  ( -4.768093761080384851, 8.239848512222540222, -13.65353439024021931 ) ) ;
#5500 = CARTESIAN_POINT ( 'NONE',  ( -4.436064060297155720, -7.143288833843784325, -13.65353439024021043 ) ) ;
#5501 = PRODUCT_DEFINITION_SHAPE ( 'NONE', 'NONE',  #4504 ) ;
#5502 = CARTESIAN_POINT ( 'NONE',  ( 10.28744561271540192, -0.2020696441562830625, -12.29296507433932106 ) ) ;
#5503 = CARTESIAN_POINT ( 'NONE',  ( 9.967202855135388617, 0.7120877844498351150, -12.55482911582174488 ) ) ;
#5504 = CARTESIAN_POINT ( 'NONE',  ( -3.376315259784852252, -6.759487339630584124, -7.371446073163788526 ) ) ;
#5505 = LINE ( 'NONE', #5053, #5363 ) ;
#5506 = CARTESIAN_POINT ( 'NONE',  ( -11.79844576793174760, 8.128422390400734574E-14, 9.645951290324607186 ) ) ;
#5507 = B_SPLINE_CURVE_WITH_KNOTS ( 'NONE', 3,
 ( #4323, #41, #3494, #2599 ),
 .UNSPECIFIED., .F., .F.,
 ( 4, 4 ),
 ( 0.000000000000000000, 0.001257077267651746143 ),
 .UNSPECIFIED. ) ;
#5508 = CARTESIAN_POINT ( 'NONE',  ( -11.83323462357715172, -4.222704985741006389, 8.005568340964702045 ) ) ;
#5509 = CARTESIAN_POINT ( 'NONE',  ( 2.855315326273120125, 7.646942019110662514, -13.65353439024022464 ) ) ;
#5510 = ADVANCED_FACE ( 'NONE', ( #2527 ), #2468, .F. ) ;
#5511 = CARTESIAN_POINT ( 'NONE',  ( 6.251754465819217899, 5.274813612574182464, -13.63653123913891285 ) ) ;
#5512 = ORIENTED_EDGE ( 'NONE', *, *, #4564, .F. ) ;
#5513 = ORIENTED_EDGE ( 'NONE', *, *, #10, .F. ) ;
#5514 = CARTESIAN_POINT ( 'NONE',  ( -5.033512733192159416, -8.771510683768756422, -12.75861900584133224 ) ) ;
#5515 = CARTESIAN_POINT ( 'NONE',  ( 4.957004711112824147, -8.114550811720830481, -13.65353439024021576 ) ) ;
#5516 = CARTESIAN_POINT ( 'NONE',  ( -6.829759662559300892, 2.882203651870491878, -6.096152422706658136 ) ) ;
#5517 = CARTESIAN_POINT ( 'NONE',  ( -5.000000000000000888, -5.000201960299634152, -11.74999999778779980 ) ) ;
#5518 = CARTESIAN_POINT ( 'NONE',  ( -6.107489694535978231, -5.531996555708833085, -13.63201017880193966 ) ) ;
#5519 = CARTESIAN_POINT ( 'NONE',  ( 7.399510874385361703, -12.81632878559392275, 4.294159011543763782 ) ) ;
#5520 = CARTESIAN_POINT ( 'NONE',  ( 7.702343320404776428, -13.34084996827991176, 0.3811111474512711705 ) ) ;
#5521 = EDGE_LOOP ( 'NONE', ( #4455, #3198, #3475, #5186, #4788, #5107, #4775, #5030 ) ) ;
#5522 = CARTESIAN_POINT ( 'NONE',  ( -11.79603731425796909, 0.8642100860253861816, 9.563792245140469106 ) ) ;
#5523 = CARTESIAN_POINT ( 'NONE',  ( 11.52240886684474930, -8.025096520225918795, -3.505813184876108046 ) ) ;
#5524 = CIRCLE ( 'NONE', #810, 5.000000000000000888 ) ;
#5525 = CARTESIAN_POINT ( 'NONE',  ( 4.259664842672833629, -9.080847606088187973, -12.73922257418107762 ) ) ;
#5526 = EDGE_CURVE ( 'NONE', #979, #3311, #4211, .T. ) ;
#5527 = CARTESIAN_POINT ( 'NONE',  ( 4.655813831805722280, -8.300490307123995493, -13.65353439024017668 ) ) ;
#5528 = ORIENTED_EDGE ( 'NONE', *, *, #2045, .T. ) ;
#5529 = CIRCLE ( 'NONE', #2630, 17.35143634042885097 ) ;
#5530 = CARTESIAN_POINT ( 'NONE',  ( -3.710643143697487378, 13.11829458256578107, 7.923703456781644228 ) ) ;
#5531 = CARTESIAN_POINT ( 'NONE',  ( -12.25000000000000178, 0.000000000000000000, -8.776159399017434026 ) ) ;
#5532 = DIRECTION ( 'NONE',  ( 0.3154055084248120200, 0.000000000000000000, 0.9489569880955015524 ) ) ;
#5533 = CARTESIAN_POINT ( 'NONE',  ( -8.583650401185183298, -2.875834799672407627, -13.65353439024634774 ) ) ;
#5534 = CARTESIAN_POINT ( 'NONE',  ( 12.25000000000022915, -0.5019056468507449020, -8.741705793325699858 ) ) ;
#5535 = CARTESIAN_POINT ( 'NONE',  ( -12.24999999999999112, 0.2473326383002373841, -8.729514502512614627 ) ) ;
#5536 = CARTESIAN_POINT ( 'NONE',  ( -6.249999999999996447, -6.000000000000000000, -0.8999999999999993561 ) ) ;
#5537 = CARTESIAN_POINT ( 'NONE',  ( 9.374957125143664527, 5.093903428033290659, -8.749999997787799799 ) ) ;
#5538 = CARTESIAN_POINT ( 'NONE',  ( -11.84173800754127370, -4.588490124458808772, 7.717766014616216808 ) ) ;
#5539 = CARTESIAN_POINT ( 'NONE',  ( 4.996124101430191367, -6.335548272093895150, -7.736977968946797013 ) ) ;
#5540 = CARTESIAN_POINT ( 'NONE',  ( -4.198607561425445667, 6.559954039832085471, -9.735522494778454217 ) ) ;
#5541 = CARTESIAN_POINT ( 'NONE',  ( -6.249999999999996447, -6.000000000000000000, 6.844909067349736789E-16 ) ) ;
#5542 = ORIENTED_EDGE ( 'NONE', *, *, #4271, .T. ) ;
#5543 = ORIENTED_EDGE ( 'NONE', *, *, #4373, .T. ) ;
#5544 = CARTESIAN_POINT ( 'NONE',  ( -4.739264959786673614, -8.256366291413524294, -13.65353439024018734 ) ) ;
#5545 = CARTESIAN_POINT ( 'NONE',  ( -7.594427239101709581, 2.231787168327758586, 13.40799355303541596 ) ) ;
#5546 = CIRCLE ( 'NONE', #921, 0.8999999999999999112 ) ;
#5547 = CARTESIAN_POINT ( 'NONE',  ( -6.848768072735836654, 2.766591870508311235, -4.319039291863155938 ) ) ;
#5548 = CARTESIAN_POINT ( 'NONE',  ( 8.326977019696188975, 3.385699987146971512, -13.65353439024305082 ) ) ;
#5549 = CARTESIAN_POINT ( 'NONE',  ( -10.34835139409005045, -0.01628208237561954916, -12.24171066757733328 ) ) ;
#5550 = CIRCLE ( 'NONE', #3542, 2.000000000000000000 ) ;
#5551 = CARTESIAN_POINT ( 'NONE',  ( 1.308978015128887007, -0.4199271850317026211, 15.23975065412816932 ) ) ;
#5552 = CARTESIAN_POINT ( 'NONE',  ( 1.308978015128887007, -1.084202172485504434E-16, 15.23975065412816754 ) ) ;
#5553 = ORIENTED_EDGE ( 'NONE', *, *, #5590, .T. ) ;
#5554 = CARTESIAN_POINT ( 'NONE',  ( -0.4554806453289370061, -1.293482279794782697, -23.48981541844718990 ) ) ;
#5555 = AXIS2_PLACEMENT_3D ( 'NONE', #5007, #2357, #5376 ) ;
#5556 = EDGE_CURVE ( 'NONE', #2121, #4814, #3427, .T. ) ;
#5557 = DIRECTION ( 'NONE',  ( 0.9999999998600223039, 1.673187315634222194E-05, 0.000000000000000000 ) ) ;
#5558 = CARTESIAN_POINT ( 'NONE',  ( 4.050551246515069259, -9.134479166323707489, -12.73511346497339147 ) ) ;
#5559 = AXIS2_PLACEMENT_3D ( 'NONE', #2259, #574, #4873 ) ;
#5560 = CARTESIAN_POINT ( 'NONE',  ( 4.198176095140841113, -7.327377010670313773, -13.65353439024020510 ) ) ;
#5561 = ORIENTED_EDGE ( 'NONE', *, *, #1175, .T. ) ;
#5562 = CARTESIAN_POINT ( 'NONE',  ( 6.335548272093880051, -4.996124101430178932, -8.662490632786193245 ) ) ;
#5563 = EDGE_CURVE ( 'NONE', #4814, #1829, #4447, .T. ) ;
#5564 = CARTESIAN_POINT ( 'NONE',  ( 0.000000000000000000, 0.000000000000000000, 15.23975065412817287 ) ) ;
#5565 = CARTESIAN_POINT ( 'NONE',  ( -12.24999999999993960, -0.4123346904868424589, -9.274942650816768719 ) ) ;
#5566 = CARTESIAN_POINT ( 'NONE',  ( -5.098784771134273086, 8.733397821531470484, -12.75845128844291132 ) ) ;
#5567 = DIRECTION ( 'NONE',  ( -1.000000000000000000, -0.000000000000000000, 1.095185450775958527E-16 ) ) ;
#5568 = CARTESIAN_POINT ( 'NONE',  ( 12.24343386605816697, -0.8274032356987955916, -8.716896821017671826 ) ) ;
#5569 = CARTESIAN_POINT ( 'NONE',  ( -12.24999999999742606, 3.807940352537740214, -7.227296084133426390 ) ) ;
#5570 = CARTESIAN_POINT ( 'NONE',  ( 12.25000000000000178, 0.000000000000000000, -1.341602177200549535E-15 ) ) ;
#5571 = CARTESIAN_POINT ( 'NONE',  ( -11.93241747415624410, 0.9015265320253972314, -9.648584800966059305 ) ) ;
#5572 = CARTESIAN_POINT ( 'NONE',  ( -6.293627359686423617, 5.135548709345144403, -13.64034436571793130 ) ) ;
#5573 = CARTESIAN_POINT ( 'NONE',  ( 4.420249689259585502, 4.420249689259589942, -24.76024934587180937 ) ) ;
#5574 = CARTESIAN_POINT ( 'NONE',  ( 1.941802473882957125, 6.969610763094346240, -7.363773113040654295 ) ) ;
#5575 = CARTESIAN_POINT ( 'NONE',  ( 0.6739644181558936964, 1.167340614739572624, -23.48981541844718990 ) ) ;
#5576 = ORIENTED_EDGE ( 'NONE', *, *, #3057, .F. ) ;
#5577 = CARTESIAN_POINT ( 'NONE',  ( -4.730998578515979602, -8.260969065065946637, -13.65353439024023174 ) ) ;
#5578 = CARTESIAN_POINT ( 'NONE',  ( -5.732032763318087198, 5.459898562767385499, 13.40799355303542839 ) ) ;
#5579 = CARTESIAN_POINT ( 'NONE',  ( 7.070393896041109016, 9.287345689728979461E-15, -9.749999997787799799 ) ) ;
#5580 = CARTESIAN_POINT ( 'NONE',  ( 7.999964460862672766, 5.178048232922880523, -12.71244214052567756 ) ) ;
#5581 = CARTESIAN_POINT ( 'NONE',  ( -10.71186248400628926, -0.3322340523240907562, -11.80158777090156974 ) ) ;
#5582 = CARTESIAN_POINT ( 'NONE',  ( 6.758088829159692779, 3.939389095707766852, -13.65353439024021398 ) ) ;
#5583 = CARTESIAN_POINT ( 'NONE',  ( -12.56934170277158991, -2.476715522622460419, -8.814338527120410660 ) ) ;
#5584 = ORIENTED_EDGE ( 'NONE', *, *, #5351, .F. ) ;
#5585 = CIRCLE ( 'NONE', #2306, 1.999999999999980904 ) ;
#5586 = CARTESIAN_POINT ( 'NONE',  ( 4.137879580937405599, -12.12481974133464924, -8.814338527120403555 ) ) ;
#5587 = CARTESIAN_POINT ( 'NONE',  ( 11.54759203239996523, -8.592810665353610489, -1.801678683719282414 ) ) ;
#5588 = CARTESIAN_POINT ( 'NONE',  ( 1.714428969430128014, -9.478031983463782950, -12.71382852403880648 ) ) ;
#5589 = CARTESIAN_POINT ( 'NONE',  ( 1.508070505831484498, -9.486475252067045005, -12.71359145758578535 ) ) ;
#5590 = EDGE_CURVE ( 'NONE', #679, #220, #4, .T. ) ;
#5591 = ORIENTED_EDGE ( 'NONE', *, *, #3026, .F. ) ;
#5592 = CARTESIAN_POINT ( 'NONE',  ( 5.615741928185325804, -6.032530111811437834, -7.976292745807670670 ) ) ;
#5593 = CARTESIAN_POINT ( 'NONE',  ( 4.371823545766292618, 14.56436487979420846, 4.294159011543763782 ) ) ;
#5594 = CARTESIAN_POINT ( 'NONE',  ( -12.24999999999956657, -1.227572559189445967, -8.973510126847253687 ) ) ;
#5595 = B_SPLINE_CURVE_WITH_KNOTS ( 'NONE', 3,
 ( #3415, #1265, #750, #4239, #2481, #2174, #5618, #2147, #1237, #4301, #4206, #4758, #1629, #3784, #3874, #5587, #4728, #5523, #3814, #2964, #5189, #2118, #868, #2603, #3845, #3354, #1208, #1693, #840, #2994 ),
 .UNSPECIFIED., .F., .F.,
 ( 4, 2, 2, 2, 2, 2, 2, 2, 2, 2, 2, 2, 2, 2, 4 ),
 ( 0.003649827438117674537, 0.005798250546913224363, 0.006872462101310998842, 0.007946673655708773321, 0.009020885210106549534, 0.01009509676450432401, 0.01116930831890210023, 0.01224351987329987471, 0.01439194298209542366, 0.01546615453649319641, 0.01654036609089097262, 0.01761457764528874884, 0.01868878919968652505, 0.01976300075408429779, 0.02083721230848207401 ),
 .UNSPECIFIED. ) ;
#5596 = CARTESIAN_POINT ( 'NONE',  ( 7.070393896041116122, -5.432281094608359541E-16, -13.65353439024021576 ) ) ;
#5597 = CARTESIAN_POINT ( 'NONE',  ( 9.700000000000002842, -10.95312927070335896, -2.532124267150003494 ) ) ;
#5598 = EDGE_CURVE ( 'NONE', #694, #688, #1171, .T. ) ;
#5599 = CARTESIAN_POINT ( 'NONE',  ( -12.25000000000000355, 6.251307370141541142, -3.308667857823853087 ) ) ;
#5600 = DIRECTION ( 'NONE',  ( -1.000000000000000000, 0.000000000000000000, 1.095185450775958527E-16 ) ) ;
#5601 = APPLICATION_CONTEXT ( 'automotive_design' ) ;
#5602 = CARTESIAN_POINT ( 'NONE',  ( -8.249999999999998224, 3.000000000000024425, 6.096152422706620833 ) ) ;
#5603 = CARTESIAN_POINT ( 'NONE',  ( -11.88326528652246949, -6.183871319045842085, 6.074890832936482354 ) ) ;
#5604 = CARTESIAN_POINT ( 'NONE',  ( -12.12401466406459960, 6.953866637467599254, -3.498308688828837276 ) ) ;
#5605 = CARTESIAN_POINT ( 'NONE',  ( 3.825255018676147589, 6.675479988423980160, -7.651764329363065720 ) ) ;
#5606 = EDGE_CURVE ( 'NONE', #679, #5422, #4998, .T. ) ;
#5607 = CARTESIAN_POINT ( 'NONE',  ( -0.6739644181558628322, 1.167340614739574844, -23.48981541844717924 ) ) ;
#5608 = VERTEX_POINT ( 'NONE', #402 ) ;
#5609 = SPHERICAL_SURFACE ( 'NONE', #4180, 2.000000000000000000 ) ;
#5610 = CARTESIAN_POINT ( 'NONE',  ( -10.65011995450909232, 11.63895033506893029, 0.3811111474512711705 ) ) ;
#5611 = CARTESIAN_POINT ( 'NONE',  ( 7.811825646387157818, -1.894127441243119048, -11.65353439024021931 ) ) ;
#5612 = CARTESIAN_POINT ( 'NONE',  ( 5.852193446842797186, 8.109438037533994503, -12.73599735307312386 ) ) ;
#5613 = CARTESIAN_POINT ( 'NONE',  ( -9.355546009936825058, -2.587838219831079645, -12.71841089425808846 ) ) ;
#5614 = CARTESIAN_POINT ( 'NONE',  ( 0.8924481909828266835, -1.041198949684378539, -23.48981541844718990 ) ) ;
#5615 = CARTESIAN_POINT ( 'NONE',  ( -7.399510874385340387, -12.81632878559389077, 4.294159011543782434 ) ) ;
#5616 = EDGE_LOOP ( 'NONE', ( #4687, #3699, #3684, #3978 ) ) ;
#5617 = CARTESIAN_POINT ( 'NONE',  ( 5.345654675927612232, -9.258945498424807852, -12.01109144709618270 ) ) ;
#5618 = CARTESIAN_POINT ( 'NONE',  ( 11.67384612130883781, -8.030042353599585070, 3.494224438776528441 ) ) ;
#5619 = CARTESIAN_POINT ( 'NONE',  ( -7.877598995978037699, -5.382152923190597349, -12.71258637281521686 ) ) ;
#5620 = CARTESIAN_POINT ( 'NONE',  ( 4.620437259199029256, -8.317813007915724199, -13.65353439024025484 ) ) ;
#5621 = ORIENTED_EDGE ( 'NONE', *, *, #5374, .T. ) ;
#5622 = EDGE_LOOP ( 'NONE', ( #1051, #630, #3432, #4815 ) ) ;
#5623 = DIRECTION ( 'NONE',  ( 1.000000000000000000, -0.000000000000000000, -1.095185450775958527E-16 ) ) ;
#5624 = CARTESIAN_POINT ( 'NONE',  ( -5.380261184385566331, 9.318885729346710889, 11.03005007641328028 ) ) ;
#5625 = CARTESIAN_POINT ( 'NONE',  ( -12.24999999999998934, -1.154637590929412205, -8.311325348009935610 ) ) ;
#5626 = AXIS2_PLACEMENT_3D ( 'NONE', #5071, #5104, #841 ) ;
#5627 = CARTESIAN_POINT ( 'NONE',  ( -8.249999999999998224, 0.000000000000000000, 9.035279968901654336E-16 ) ) ;
#5628 = CARTESIAN_POINT ( 'NONE',  ( 10.26461345918377788, -0.2479554541110253196, -12.31204955849784000 ) ) ;
ENDSEC;
END-ISO-10303-21;
