ISO-10303-21;
HEADER;
FILE_DESCRIPTION (( 'STEP AP214' ),
    '1' );
FILE_NAME ('腰部连接件迭代.STEP',
    '2026-05-21T15:37:32',
    ( '' ),
    ( '' ),
    'SwSTEP 2.0',
    'SolidWorks 2022',
    '' );
FILE_SCHEMA (( 'AUTOMOTIVE_DESIGN' ));
ENDSEC;

DATA;
#1 = CARTESIAN_POINT ( 'NONE',  ( 12.49999999999999645, -6.896557003336583058, -8.274655959235662550 ) ) ;
#2 = CARTESIAN_POINT ( 'NONE',  ( 0.5065394128716810274, 12.66120417524804509, -16.75076624544599468 ) ) ;
#3 = ORIENTED_EDGE ( 'NONE', *, *, #2977, .F. ) ;
#4 = AXIS2_PLACEMENT_3D ( 'NONE', #2236, #1152, #2475 ) ;
#5 = CARTESIAN_POINT ( 'NONE',  ( 15.01235663520776065, -2.723023283437751907, -0.4350644208254796919 ) ) ;
#6 = CARTESIAN_POINT ( 'NONE',  ( -12.25200586665572011, 6.455420182529063133, -10.61255882925311589 ) ) ;
#7 = CARTESIAN_POINT ( 'NONE',  ( -11.30890404815225914, -7.920845914634572438, -12.93298715432735690 ) ) ;
#8 = VERTEX_POINT ( 'NONE', #2292 ) ;
#9 = CIRCLE ( 'NONE', #2141, 15.23975065412817820 ) ;
#10 = ORIENTED_EDGE ( 'NONE', *, *, #2902, .F. ) ;
#11 = DIRECTION ( 'NONE',  ( 1.000000000000000000, 0.000000000000000000, -1.028723352537439825E-16 ) ) ;
#12 = CARTESIAN_POINT ( 'NONE',  ( -12.74999999999999822, -2.204034631566459179, 7.567850158122312543 ) ) ;
#13 = CIRCLE ( 'NONE', #505, 8.013727401729653366 ) ;
#14 = SPHERICAL_SURFACE ( 'NONE', #2324, 15.23975065412817820 ) ;
#15 = CIRCLE ( 'NONE', #1295, 9.395821831086836440 ) ;
#16 = AXIS2_PLACEMENT_3D ( 'NONE', #3263, #1435, #92 ) ;
#17 = FACE_OUTER_BOUND ( 'NONE', #977, .T. ) ;
#18 = CARTESIAN_POINT ( 'NONE',  ( -12.56337490814635416, 6.670404184578860196, -11.12380180942168373 ) ) ;
#19 = CARTESIAN_POINT ( 'NONE',  ( -1.953692687343792041E-15, 0.000000000000000000, 0.5871295828635756386 ) ) ;
#20 = CARTESIAN_POINT ( 'NONE',  ( -14.86574946038383871, -3.228884579301020352, -3.457521624668908000 ) ) ;
#21 = CARTESIAN_POINT ( 'NONE',  ( -2.166209221653670802, 12.40409821495177667, -16.95137946842702803 ) ) ;
#22 = EDGE_LOOP ( 'NONE', ( #2117, #3169, #3060, #153 ) ) ;
#23 = CYLINDRICAL_SURFACE ( 'NONE', #1801, 1.750000000000483835 ) ;
#24 = CARTESIAN_POINT ( 'NONE',  ( 12.50000000000000000, -6.616321703321256464, -9.045026257562769345 ) ) ;
#25 = DIRECTION ( 'NONE',  ( 0.9853855004547007468, -0.1703391190937623423, 0.000000000000000000 ) ) ;
#26 = VERTEX_POINT ( 'NONE', #136 ) ;
#27 = CARTESIAN_POINT ( 'NONE',  ( -12.96448132572515455, 7.625169729137301289, -5.917572802864567549 ) ) ;
#28 = VERTEX_POINT ( 'NONE', #644 ) ;
#29 = CARTESIAN_POINT ( 'NONE',  ( -9.681954401149541312, 5.645294586530848591, -20.44270550632314709 ) ) ;
#30 = CARTESIAN_POINT ( 'NONE',  ( 12.75000000000000000, -7.861082666726198376, 0.5774980344841296187 ) ) ;
#31 = SPHERICAL_SURFACE ( 'NONE', #1256, 15.23975065412817820 ) ;
#32 = ADVANCED_FACE ( 'NONE', ( #1763 ), #2051, .T. ) ;
#33 = ADVANCED_FACE ( 'NONE', ( #392 ), #296, .T. ) ;
#34 = EDGE_CURVE ( 'NONE', #1650, #1894, #1691, .T. ) ;
#35 = ORIENTED_EDGE ( 'NONE', *, *, #2767, .F. ) ;
#36 = CARTESIAN_POINT ( 'NONE',  ( -12.96378877312795019, -7.763801859759237090, -5.137357249437844331 ) ) ;
#37 = CARTESIAN_POINT ( 'NONE',  ( 2.866237143770832940, -12.05065891808211198, -16.50496397497924406 ) ) ;
#38 = CARTESIAN_POINT ( 'NONE',  ( 15.00364092112667791, 2.748243155545171401, -0.2266358860844586987 ) ) ;
#39 = CARTESIAN_POINT ( 'NONE',  ( -11.00000000000001421, 1.347111479062089588E-15, -30.40457638090298076 ) ) ;
#40 = CARTESIAN_POINT ( 'NONE',  ( -2.866237143770934637, 12.05065891808211731, -16.50496397497922629 ) ) ;
#41 = ORIENTED_EDGE ( 'NONE', *, *, #1786, .T. ) ;
#42 = CARTESIAN_POINT ( 'NONE',  ( 14.99238236352917220, -2.751863049197898814, 0.1796396009227736734 ) ) ;
#43 = DIRECTION ( 'NONE',  ( 0.000000000000000000, 0.000000000000000000, -1.000000000000000000 ) ) ;
#44 = ORIENTED_EDGE ( 'NONE', *, *, #950, .F. ) ;
#45 = VERTEX_POINT ( 'NONE', #736 ) ;
#46 = CARTESIAN_POINT ( 'NONE',  ( -8.254823189887430246, 7.354779904922067679, -35.96993204759647966 ) ) ;
#47 = CARTESIAN_POINT ( 'NONE',  ( -14.08579337161706668, -4.261181541384273963, 3.966222792685448528 ) ) ;
#48 = EDGE_LOOP ( 'NONE', ( #2135, #2020, #160, #2238 ) ) ;
#49 = CARTESIAN_POINT ( 'NONE',  ( 1.256045231169425236, 5.252486940017388584, -16.70432668224952266 ) ) ;
#50 = CARTESIAN_POINT ( 'NONE',  ( -2.136065233981934153, -12.41473497779718116, -16.96151236353066238 ) ) ;
#51 = CARTESIAN_POINT ( 'NONE',  ( -13.60797100813868710, 6.890283508683742397, -0.2126439163970888779 ) ) ;
#52 = CARTESIAN_POINT ( 'NONE',  ( -12.50000000000000000, -6.616321703321407455, -9.045026257562765792 ) ) ;
#53 = EDGE_LOOP ( 'NONE', ( #1835, #2185, #284 ) ) ;
#54 = PLANE ( 'NONE',  #781 ) ;
#55 = CARTESIAN_POINT ( 'NONE',  ( 12.20833773534193156, -6.998179944580541267, -11.81640182922943616 ) ) ;
#56 = AXIS2_PLACEMENT_3D ( 'NONE', #3264, #594, #1705 ) ;
#57 = FACE_OUTER_BOUND ( 'NONE', #1220, .T. ) ;
#58 = ORIENTED_EDGE ( 'NONE', *, *, #2113, .F. ) ;
#59 = AXIS2_PLACEMENT_3D ( 'NONE', #514, #2649, #1319 ) ;
#60 = AXIS2_PLACEMENT_3D ( 'NONE', #1473, #2548, #2302 ) ;
#61 = ORIENTED_EDGE ( 'NONE', *, *, #2359, .T. ) ;
#62 = CYLINDRICAL_SURFACE ( 'NONE', #59, 5.395821831086830223 ) ;
#63 = DIRECTION ( 'NONE',  ( 1.000000000000000000, 0.000000000000000000, 0.000000000000000000 ) ) ;
#64 = AXIS2_PLACEMENT_3D ( 'NONE', #474, #1538, #214 ) ;
#65 = CARTESIAN_POINT ( 'NONE',  ( -15.40468664080962569, 6.000000000000000000, -0.9000000000000004663 ) ) ;
#66 = AXIS2_PLACEMENT_3D ( 'NONE', #3213, #3195, #280 ) ;
#67 = EDGE_CURVE ( 'NONE', #1369, #1464, #1507, .T. ) ;
#68 = ORIENTED_EDGE ( 'NONE', *, *, #1598, .T. ) ;
#69 = CARTESIAN_POINT ( 'NONE',  ( -12.96276187847751338, -7.969079496402104112, -3.515391909298745787 ) ) ;
#70 = CARTESIAN_POINT ( 'NONE',  ( -2.112351959837574178, -12.53831423282764668, -16.62508628362174434 ) ) ;
#71 = CARTESIAN_POINT ( 'NONE',  ( 12.96264529834738788, -2.240793659158399009, 7.694067236924049702 ) ) ;
#72 = AXIS2_PLACEMENT_3D ( 'NONE', #3368, #716, #1441 ) ;
#73 = ADVANCED_FACE ( 'NONE', ( #2608, #2848 ), #3429, .F. ) ;
#74 = B_SPLINE_CURVE_WITH_KNOTS ( 'NONE', 3,
 ( #1083, #2124, #1064, #797, #1566, #2108, #2672, #1586, #2946, #2439, #3206, #1881, #2181, #819 ),
 .UNSPECIFIED., .F., .F.,
 ( 4, 2, 2, 2, 2, 2, 4 ),
 ( 0.000000000000000000, 0.001270436832232951828, 0.002540873664465903656, 0.003176092080582376426, 0.003811310496698850064, 0.004446528912815322400, 0.005081747328931796037 ),
 .UNSPECIFIED. ) ;
#75 = CIRCLE ( 'NONE', #3359, 15.22843652030393891 ) ;
#76 = CARTESIAN_POINT ( 'NONE',  ( -5.519705523676666559, 0.8719562267532506850, -15.81450168754093966 ) ) ;
#77 = CARTESIAN_POINT ( 'NONE',  ( 4.764993072368731042, 9.914375473032988495, -27.50000000000001066 ) ) ;
#78 = ORIENTED_EDGE ( 'NONE', *, *, #212, .F. ) ;
#79 = AXIS2_PLACEMENT_3D ( 'NONE', #704, #436, #2024 ) ;
#80 = CARTESIAN_POINT ( 'NONE',  ( -5.387514005267366457, 0.2993093314302207597, -15.85992411214656350 ) ) ;
#81 = CARTESIAN_POINT ( 'NONE',  ( 11.48704071753576095, -7.190617852286907308, -12.06693126567226848 ) ) ;
#82 = CARTESIAN_POINT ( 'NONE',  ( 10.85106382978724149, -8.038243187928570066, -13.08642096838867985 ) ) ;
#83 = ORIENTED_EDGE ( 'NONE', *, *, #1933, .T. ) ;
#84 = CIRCLE ( 'NONE', #2489, 11.00000000000000888 ) ;
#85 = VERTEX_POINT ( 'NONE', #473 ) ;
#86 = LINE ( 'NONE', #2789, #1621 ) ;
#87 = CARTESIAN_POINT ( 'NONE',  ( -5.213063096436580501, -11.71571043067913287, -16.29908847803738681 ) ) ;
#88 = DIRECTION ( 'NONE',  ( 1.000000000000000000, 0.000000000000000000, 0.000000000000000000 ) ) ;
#89 = ORIENTED_EDGE ( 'NONE', *, *, #925, .F. ) ;
#90 = CARTESIAN_POINT ( 'NONE',  ( -12.50000000000283684, -8.519000139081310152, -5.263939925563570377 ) ) ;
#91 = CARTESIAN_POINT ( 'NONE',  ( -0.5065394128718859745, -12.66120417524621189, -16.75076624544599468 ) ) ;
#92 = DIRECTION ( 'NONE',  ( 0.000000000000000000, 0.000000000000000000, -1.000000000000000000 ) ) ;
#93 = DIRECTION ( 'NONE',  ( 0.000000000000000000, -0.2796194014129549932, 0.9601109260671190082 ) ) ;
#94 = CARTESIAN_POINT ( 'NONE',  ( 10.04740716239554210, 8.684733628500135083, -13.42803689270446021 ) ) ;
#95 = ORIENTED_EDGE ( 'NONE', *, *, #1118, .F. ) ;
#96 = CARTESIAN_POINT ( 'NONE',  ( 10.69148936170213560, 8.038243187928561184, -12.89397360120649694 ) ) ;
#97 = FACE_OUTER_BOUND ( 'NONE', #2550, .T. ) ;
#98 = CARTESIAN_POINT ( 'NONE',  ( 11.16823793627021644, -7.534062404535960766, -12.45935557504365043 ) ) ;
#99 = EDGE_CURVE ( 'NONE', #2304, #478, #1404, .T. ) ;
#100 = CARTESIAN_POINT ( 'NONE',  ( 5.395821831086830223, 0.000000000000000000, -15.85709956981940572 ) ) ;
#101 = VERTEX_POINT ( 'NONE', #440 ) ;
#102 = ORIENTED_EDGE ( 'NONE', *, *, #3295, .T. ) ;
#103 = CARTESIAN_POINT ( 'NONE',  ( 12.75000000000000178, 2.204034631566443636, 7.567850158122306325 ) ) ;
#104 = CARTESIAN_POINT ( 'NONE',  ( -14.63496657740135554, -1.932627558261567291, 3.792179747101517062 ) ) ;
#105 = B_SPLINE_CURVE_WITH_KNOTS ( 'NONE', 3,
 ( #688, #984, #1790, #2026, #423, #407, #1773, #1227, #2560, #3404, #192, #1245, #1518, #1261 ),
 .UNSPECIFIED., .F., .F.,
 ( 4, 2, 2, 2, 2, 2, 4 ),
 ( 0.000000000000000000, 0.0006141113378740311376, 0.001228222675748062275, 0.001842334013622093413, 0.002456445351496124550, 0.003684668027244191162, 0.004912890702992257774 ),
 .UNSPECIFIED. ) ;
#106 = CARTESIAN_POINT ( 'NONE',  ( -5.235006927631268958, 7.354779904922067679, -20.63180714789723780 ) ) ;
#107 = CARTESIAN_POINT ( 'NONE',  ( 2.166209221653770278, -12.40409821495173581, -16.95137946842709553 ) ) ;
#108 = CARTESIAN_POINT ( 'NONE',  ( -2.679624894855602513, 4.791551896639049346, -17.09331693783175510 ) ) ;
#109 = CYLINDRICAL_SURFACE ( 'NONE', #56, 0.8999999999999998002 ) ;
#110 = DIRECTION ( 'NONE',  ( -1.000000000000000000, -0.000000000000000000, 3.086170057612319597E-16 ) ) ;
#111 = ORIENTED_EDGE ( 'NONE', *, *, #2931, .T. ) ;
#112 = CARTESIAN_POINT ( 'NONE',  ( -12.50000000000000178, 8.522890456369619727, -5.237368335650876006 ) ) ;
#113 = DIRECTION ( 'NONE',  ( -6.938893903907238633E-15, -0.2796194014129623207, 0.9601109260671167878 ) ) ;
#114 = CARTESIAN_POINT ( 'NONE',  ( -12.96885084570460300, -6.729889358241060826, -9.086338423935790942 ) ) ;
#115 = CARTESIAN_POINT ( 'NONE',  ( -12.50000000000003553, -6.616321703321514036, -9.045026257562803096 ) ) ;
#116 = VERTEX_POINT ( 'NONE', #2596 ) ;
#117 = CARTESIAN_POINT ( 'NONE',  ( 12.50000000000000000, 6.896405500826061186, -8.275072439231966115 ) ) ;
#118 = CARTESIAN_POINT ( 'NONE',  ( 12.96885084570459590, -6.729889358240919606, -9.086338423936192399 ) ) ;
#119 = CARTESIAN_POINT ( 'NONE',  ( -15.40468664080962569, -3.000000000000024425, 5.196152422706615148 ) ) ;
#120 = VERTEX_POINT ( 'NONE', #1299 ) ;
#121 = ORIENTED_EDGE ( 'NONE', *, *, #1271, .T. ) ;
#122 = DIRECTION ( 'NONE',  ( 1.000000000000000000, 0.000000000000000000, 0.000000000000000000 ) ) ;
#123 = AXIS2_PLACEMENT_3D ( 'NONE', #1477, #3291, #377 ) ;
#124 = AXIS2_PLACEMENT_3D ( 'NONE', #119, #2790, #3094 ) ;
#125 = DIRECTION ( 'NONE',  ( 0.000000000000000000, 0.000000000000000000, 1.000000000000000000 ) ) ;
#126 = CARTESIAN_POINT ( 'NONE',  ( 12.96749207015895422, -7.013971673497350068, -8.312590737070776115 ) ) ;
#127 = CARTESIAN_POINT ( 'NONE',  ( -5.597639239675661571, 0.9837988661306259486, -15.78730424358086992 ) ) ;
#128 = CARTESIAN_POINT ( 'NONE',  ( 0.5456337734407881168, -12.30593753995716710, -16.74921874587396431 ) ) ;
#129 = ORIENTED_EDGE ( 'NONE', *, *, #1785, .T. ) ;
#131 = AXIS2_PLACEMENT_3D ( 'NONE', #527, #1329, #2990 ) ;
#130 = FACE_OUTER_BOUND ( 'NONE', #2566, .T. ) ;
#132 = CIRCLE ( 'NONE', #405, 8.013727401729649813 ) ;
#133 = FACE_OUTER_BOUND ( 'NONE', #1447, .T. ) ;
#134 = CARTESIAN_POINT ( 'NONE',  ( -12.95778922458535121, -6.598992213463414025, -9.494236557364375884 ) ) ;
#135 = ORIENTED_EDGE ( 'NONE', *, *, #347, .F. ) ;
#136 = CARTESIAN_POINT ( 'NONE',  ( -3.703681331867603177, 7.354779904922067679, -16.33539851341176785 ) ) ;
#137 = CARTESIAN_POINT ( 'NONE',  ( -6.385974327702107267, 1.354779904922068789, -15.48489043829273193 ) ) ;
#138 = AXIS2_PLACEMENT_3D ( 'NONE', #828, #145, #2239 ) ;
#139 = DIRECTION ( 'NONE',  ( 1.000000000000000000, 0.000000000000000000, -1.028723352537439825E-16 ) ) ;
#140 = ORIENTED_EDGE ( 'NONE', *, *, #2875, .F. ) ;
#141 = CARTESIAN_POINT ( 'NONE',  ( -12.96276362625776990, -7.968731242760223488, -3.519072893086566456 ) ) ;
#142 = ADVANCED_FACE ( 'NONE', ( #1035 ), #2338, .F. ) ;
#143 = EDGE_CURVE ( 'NONE', #898, #3140, #1127, .T. ) ;
#144 = DIRECTION ( 'NONE',  ( -3.086170057612319597E-16, 0.000000000000000000, -1.000000000000000000 ) ) ;
#145 = DIRECTION ( 'NONE',  ( 1.000000000000000000, 0.000000000000000000, -1.028723352537439825E-16 ) ) ;
#146 = CARTESIAN_POINT ( 'NONE',  ( -14.43567341400348525, -3.877163986048449917, -6.727461802413876590 ) ) ;
#147 = CARTESIAN_POINT ( 'NONE',  ( 5.360332513999852111, -0.7117208305962933190, -15.86929953198657550 ) ) ;
#148 = ORIENTED_EDGE ( 'NONE', *, *, #3394, .T. ) ;
#149 = ORIENTED_EDGE ( 'NONE', *, *, #928, .F. ) ;
#150 = CARTESIAN_POINT ( 'NONE',  ( 12.77080391550279259, -6.534500781379351864, -10.53583004256480393 ) ) ;
#151 = FACE_OUTER_BOUND ( 'NONE', #1253, .T. ) ;
#152 = ORIENTED_EDGE ( 'NONE', *, *, #492, .T. ) ;
#153 = ORIENTED_EDGE ( 'NONE', *, *, #3132, .T. ) ;
#154 = FACE_OUTER_BOUND ( 'NONE', #2665, .T. ) ;
#155 = CARTESIAN_POINT ( 'NONE',  ( -2.958765175197655140, 12.28126231327025941, -16.83438397788773244 ) ) ;
#156 = CARTESIAN_POINT ( 'NONE',  ( 8.176838918171887016, -10.03399853242897066, -14.62552680508725622 ) ) ;
#157 = CARTESIAN_POINT ( 'NONE',  ( -14.94233261141826219, -1.488030247629504643, -6.084646094792553583 ) ) ;
#158 = CARTESIAN_POINT ( 'NONE',  ( 11.04552720299154700, -8.182297624385771684, -13.14912914822989265 ) ) ;
#159 = CARTESIAN_POINT ( 'NONE',  ( -9.600203592361998162, 9.668665310054491258, -13.76371264496752822 ) ) ;
#160 = ORIENTED_EDGE ( 'NONE', *, *, #1844, .F. ) ;
#161 = CARTESIAN_POINT ( 'NONE',  ( 12.96276187847751160, 7.969079496402109442, -3.515391909298753781 ) ) ;
#162 = CARTESIAN_POINT ( 'NONE',  ( -13.15489754250074128, -1.737977960457189529E-15, 7.694067236924055031 ) ) ;
#163 = FACE_OUTER_BOUND ( 'NONE', #335, .T. ) ;
#164 = EDGE_LOOP ( 'NONE', ( #2664, #2147, #690, #570 ) ) ;
#165 = EDGE_LOOP ( 'NONE', ( #2598, #2509, #2282 ) ) ;
#166 = CARTESIAN_POINT ( 'NONE',  ( -12.96234058003345879, -8.052920208022914750, -0.2328172820452701630 ) ) ;
#167 = CIRCLE ( 'NONE', #3014, 1.100000000000065814 ) ;
#168 = CARTESIAN_POINT ( 'NONE',  ( 3.701646264761607963, 12.13657731463078981, -16.69685881081919376 ) ) ;
#169 = DIRECTION ( 'NONE',  ( 1.000000000000000000, 0.000000000000000000, -3.086170057612319597E-16 ) ) ;
#170 = CARTESIAN_POINT ( 'NONE',  ( 6.473682876492377503, -10.93852035164028003, -15.45617787996738457 ) ) ;
#171 = CARTESIAN_POINT ( 'NONE',  ( 12.50000000000000000, 7.861082666726198376, 0.5774980344841296187 ) ) ;
#172 = AXIS2_PLACEMENT_3D ( 'NONE', #3082, #938, #695 ) ;
#173 = CARTESIAN_POINT ( 'NONE',  ( -14.53163431251438453, -4.378836458762252803, -4.112583196432998633 ) ) ;
#174 = CIRCLE ( 'NONE', #629, 11.00000000000000888 ) ;
#175 = CARTESIAN_POINT ( 'NONE',  ( -10.04679271915221861, 8.685350368849228175, -13.42854637981855603 ) ) ;
#176 = ORIENTED_EDGE ( 'NONE', *, *, #2973, .T. ) ;
#177 = EDGE_CURVE ( 'NONE', #2227, #786, #2396, .T. ) ;
#178 = AXIS2_PLACEMENT_3D ( 'NONE', #2913, #1323, #1640 ) ;
#179 = CARTESIAN_POINT ( 'NONE',  ( -13.72249163006485517, 6.594558104493418504, 0.6888494309339017185 ) ) ;
#180 = CARTESIAN_POINT ( 'NONE',  ( 10.93626468602720436, -7.784061865088329313, -12.69100957654122297 ) ) ;
#181 = FACE_OUTER_BOUND ( 'NONE', #2357, .T. ) ;
#182 = ORIENTED_EDGE ( 'NONE', *, *, #34, .T. ) ;
#183 = SPHERICAL_SURFACE ( 'NONE', #1521, 0.2500000000000000000 ) ;
#184 = CONICAL_SURFACE ( 'NONE', #1712, 9.395821831086836440, 0.7853981633974473908 ) ;
#185 = CARTESIAN_POINT ( 'NONE',  ( -4.100000000000051159, -8.494672012343370082E-14, -30.40457638090298076 ) ) ;
#186 = CARTESIAN_POINT ( 'NONE',  ( -0.5617148660998096954, 12.54160593326979445, -17.08264849625669868 ) ) ;
#187 = AXIS2_PLACEMENT_3D ( 'NONE', #1012, #3350, #961 ) ;
#188 = CARTESIAN_POINT ( 'NONE',  ( -5.394437642151062029, 0.1496864976728787267, -15.85757067967820433 ) ) ;
#189 = CARTESIAN_POINT ( 'NONE',  ( 12.75000000000000178, 0.000000000000000000, -3.934866823455707511E-15 ) ) ;
#190 = CARTESIAN_POINT ( 'NONE',  ( -14.98721395378576915, -1.343170529952369296, -5.771302197059092087 ) ) ;
#191 = VECTOR ( 'NONE', #1826, 1000.000000000000000 ) ;
#192 = CARTESIAN_POINT ( 'NONE',  ( 11.58477977534653824, 7.085309489504188818, -11.94774057261284739 ) ) ;
#193 = CARTESIAN_POINT ( 'NONE',  ( -3.561883805112006307, -4.056950837948104294, -16.36749150052580148 ) ) ;
#194 = ORIENTED_EDGE ( 'NONE', *, *, #1533, .F. ) ;
#195 = CARTESIAN_POINT ( 'NONE',  ( 12.50000000000000000, 7.861082666726203705, 0.5774980344841277313 ) ) ;
#196 = EDGE_CURVE ( 'NONE', #379, #887, #1567, .T. ) ;
#197 = CARTESIAN_POINT ( 'NONE',  ( 12.25200586665571301, -6.455420182529057804, -10.61255882925313898 ) ) ;
#198 = CARTESIAN_POINT ( 'NONE',  ( 12.42328211183512288, 7.479513660793648100, -9.931509738143173394 ) ) ;
#199 = ORIENTED_EDGE ( 'NONE', *, *, #1084, .F. ) ;
#200 = EDGE_CURVE ( 'NONE', #1396, #1735, #2383, .T. ) ;
#201 = DIRECTION ( 'NONE',  ( -1.000000000000000000, 0.000000000000000000, 1.028723352537439825E-16 ) ) ;
#202 = CARTESIAN_POINT ( 'NONE',  ( 10.37916041738110984, -8.843793644253876707, -13.69598757478881268 ) ) ;
#203 = EDGE_CURVE ( 'NONE', #2177, #460, #2800, .T. ) ;
#204 = CARTESIAN_POINT ( 'NONE',  ( 9.228722132139342449, 9.709559643300506693, -14.45976716150152441 ) ) ;
#205 = EDGE_CURVE ( 'NONE', #1263, #1650, #1223, .T. ) ;
#206 = DIRECTION ( 'NONE',  ( 0.000000000000000000, 0.000000000000000000, 1.000000000000000000 ) ) ;
#207 = CARTESIAN_POINT ( 'NONE',  ( 3.000000000000084821, 8.471403723159572676E-14, -27.50000000000001066 ) ) ;
#208 = CARTESIAN_POINT ( 'NONE',  ( -8.743442344418932421, 6.797607962361608358, -20.75208466078444758 ) ) ;
#209 = CARTESIAN_POINT ( 'NONE',  ( -14.35488370981777173, -4.747316648309708675, -4.945889613751325520 ) ) ;
#210 = CARTESIAN_POINT ( 'NONE',  ( -2.400980848884619601, -4.845267397781287677, -16.58032699532081011 ) ) ;
#211 = ORIENTED_EDGE ( 'NONE', *, *, #2677, .T. ) ;
#212 = EDGE_CURVE ( 'NONE', #786, #887, #1866, .T. ) ;
#213 = DIRECTION ( 'NONE',  ( 0.000000000000000000, 0.000000000000000000, -1.000000000000000000 ) ) ;
#214 = DIRECTION ( 'NONE',  ( -3.086170057612319597E-16, 0.000000000000000000, -1.000000000000000000 ) ) ;
#215 = CARTESIAN_POINT ( 'NONE',  ( 12.50000000000003020, 7.527804354203752268, -9.376593577025516879 ) ) ;
#216 = ORIENTED_EDGE ( 'NONE', *, *, #1917, .T. ) ;
#217 = CARTESIAN_POINT ( 'NONE',  ( -12.31280282364245870, 7.473166342524597106, -10.42003888065247175 ) ) ;
#218 = CARTESIAN_POINT ( 'NONE',  ( 2.583332296438560771, 12.10579333547410563, -16.55754031235403900 ) ) ;
#219 = EDGE_CURVE ( 'NONE', #2648, #1947, #3182, .T. ) ;
#220 = DIRECTION ( 'NONE',  ( 1.000000000000000000, 0.000000000000000000, -3.086170057612319597E-16 ) ) ;
#221 = CARTESIAN_POINT ( 'NONE',  ( 10.69148936170213560, -15.26367969708133288, -12.89397360120649694 ) ) ;
#222 = FACE_OUTER_BOUND ( 'NONE', #443, .T. ) ;
#223 = CARTESIAN_POINT ( 'NONE',  ( -12.40611977637600916, -6.403651815664290758, -10.03052305657822174 ) ) ;
#224 = CIRCLE ( 'NONE', #2200, 1.750000000000483835 ) ;
#225 = DIRECTION ( 'NONE',  ( -1.836638480190444758E-16, -0.000000000000000000, -1.000000000000000000 ) ) ;
#226 = ORIENTED_EDGE ( 'NONE', *, *, #3398, .F. ) ;
#227 = AXIS2_PLACEMENT_3D ( 'NONE', #1554, #3157, #2625 ) ;
#228 = DIRECTION ( 'NONE',  ( -0.000000000000000000, 1.000000000000000000, -0.000000000000000000 ) ) ;
#229 = CARTESIAN_POINT ( 'NONE',  ( -11.30755167971273600, -7.922188398953267985, -12.93409698253091733 ) ) ;
#230 = CARTESIAN_POINT ( 'NONE',  ( 12.11772468938506364, 6.554775777794011660, -10.97245940141698384 ) ) ;
#231 = ORIENTED_EDGE ( 'NONE', *, *, #1222, .F. ) ;
#232 = CIRCLE ( 'NONE', #1806, 0.2499999999999996392 ) ;
#233 = CIRCLE ( 'NONE', #16, 0.2500000000000002220 ) ;
#234 = ORIENTED_EDGE ( 'NONE', *, *, #3136, .F. ) ;
#235 = CARTESIAN_POINT ( 'NONE',  ( -12.11895634435672697, 6.553749186861422160, -10.96949025228286878 ) ) ;
#236 = ADVANCED_FACE ( 'NONE', ( #1943 ), #1902, .F. ) ;
#237 = DIRECTION ( 'NONE',  ( 0.000000000000000000, -1.000000000000000000, 3.469446951953623024E-14 ) ) ;
#238 = DIRECTION ( 'NONE',  ( -0.000000000000000000, -0.000000000000000000, 1.000000000000000000 ) ) ;
#239 = EDGE_CURVE ( 'NONE', #1022, #3003, #3126, .T. ) ;
#240 = VECTOR ( 'NONE', #2890, 1000.000000000000000 ) ;
#241 = LINE ( 'NONE', #221, #1303 ) ;
#242 = EDGE_CURVE ( 'NONE', #3346, #1742, #174, .T. ) ;
#243 = CARTESIAN_POINT ( 'NONE',  ( -3.703681331867603177, 7.354779904922067679, -35.96993204759647966 ) ) ;
#244 = CARTESIAN_POINT ( 'NONE',  ( 12.50000000000144240, -8.022045450088839402, -7.745368379384664159 ) ) ;
#245 = CARTESIAN_POINT ( 'NONE',  ( -2.608664746666199630, 12.09535930234031298, -16.54765322013770046 ) ) ;
#246 = ORIENTED_EDGE ( 'NONE', *, *, #1966, .T. ) ;
#247 = CARTESIAN_POINT ( 'NONE',  ( 15.17460067943784274, -1.547292708554783625, -2.282519694708122771 ) ) ;
#248 = DIRECTION ( 'NONE',  ( 1.000000000000000000, 0.000000000000000000, 0.000000000000000000 ) ) ;
#249 = CARTESIAN_POINT ( 'NONE',  ( 12.50000000000000000, 0.000000000000000000, -3.857712572015399644E-15 ) ) ;
#250 = DIRECTION ( 'NONE',  ( 0.000000000000000000, 0.000000000000000000, -1.000000000000000000 ) ) ;
#251 = VERTEX_POINT ( 'NONE', #2951 ) ;
#252 = DIRECTION ( 'NONE',  ( 0.000000000000000000, -0.2796194014129549932, 0.9601109260671190082 ) ) ;
#253 = CARTESIAN_POINT ( 'NONE',  ( -11.22354139099475745, 8.268941792942433366, -12.42159049563077211 ) ) ;
#254 = DIRECTION ( 'NONE',  ( 0.000000000000000000, -3.469446951953611033E-14, -1.000000000000000000 ) ) ;
#255 = EDGE_CURVE ( 'NONE', #1104, #251, #1465, .T. ) ;
#256 = CARTESIAN_POINT ( 'NONE',  ( -5.235006927631268958, 7.504546218148958836, -20.75382127514146191 ) ) ;
#257 = CARTESIAN_POINT ( 'NONE',  ( 6.684589087016814979, -11.14643396233456940, -15.76681030966132724 ) ) ;
#258 = CARTESIAN_POINT ( 'NONE',  ( 14.99236129660961936, 2.751573952064214623, 0.1817829837578018304 ) ) ;
#259 = EDGE_CURVE ( 'NONE', #2538, #905, #2090, .T. ) ;
#260 = DIRECTION ( 'NONE',  ( -0.000000000000000000, -0.000000000000000000, 1.000000000000000000 ) ) ;
#261 = CARTESIAN_POINT ( 'NONE',  ( 2.136065233982189060, 12.41473497779736945, -16.96151236353006553 ) ) ;
#262 = ORIENTED_EDGE ( 'NONE', *, *, #2612, .F. ) ;
#263 = CARTESIAN_POINT ( 'NONE',  ( 14.98957971392116306, -2.730751681080534787, 0.3850652875734795755 ) ) ;
#264 = CARTESIAN_POINT ( 'NONE',  ( -11.58689551394514616, 7.083032974808771698, -11.94490470750069910 ) ) ;
#265 = CARTESIAN_POINT ( 'NONE',  ( -10.93843156601256084, -7.781811714828053894, -12.68921283218389107 ) ) ;
#266 = ORIENTED_EDGE ( 'NONE', *, *, #143, .T. ) ;
#267 = ORIENTED_EDGE ( 'NONE', *, *, #1789, .T. ) ;
#268 = CARTESIAN_POINT ( 'NONE',  ( -14.61497296274891688, -2.999999999999772182, -6.946152422707341678 ) ) ;
#269 = CARTESIAN_POINT ( 'NONE',  ( -5.918467974218267712E-15, 0.000000000000000000, -21.00000000000001066 ) ) ;
#270 = DIRECTION ( 'NONE',  ( -1.000000000000000000, 0.000000000000000000, 1.836638480190444758E-16 ) ) ;
#271 = CARTESIAN_POINT ( 'NONE',  ( -5.235006927631268958, 7.354779904922067679, -20.63180714789723780 ) ) ;
#272 = CARTESIAN_POINT ( 'NONE',  ( 11.00000000000000178, 0.000000000000000000, -30.40457638090298786 ) ) ;
#273 = DIRECTION ( 'NONE',  ( -1.000000000000000000, -0.000000000000000000, 1.028723352537439825E-16 ) ) ;
#274 = CARTESIAN_POINT ( 'NONE',  ( -11.16318228061310336, -7.539523923254403570, -12.46442266436893753 ) ) ;
#275 = CARTESIAN_POINT ( 'NONE',  ( -4.242875339077020413, 12.16028821139165572, -16.23955163197081930 ) ) ;
#276 = EDGE_LOOP ( 'NONE', ( #3056, #121 ) ) ;
#277 = CIRCLE ( 'NONE', #2469, 0.2500000000000000000 ) ;
#278 = DIRECTION ( 'NONE',  ( -1.000000000000000000, 0.000000000000000000, 1.028723352537439825E-16 ) ) ;
#279 = DIRECTION ( 'NONE',  ( -1.000000000000000000, 0.000000000000000000, 1.028723352537439825E-16 ) ) ;
#280 = DIRECTION ( 'NONE',  ( 1.000000000000000000, 0.000000000000000000, 0.000000000000000000 ) ) ;
#281 = ORIENTED_EDGE ( 'NONE', *, *, #987, .F. ) ;
#282 = DIRECTION ( 'NONE',  ( 0.000000000000000000, 0.000000000000000000, -1.000000000000000000 ) ) ;
#283 = AXIS2_PLACEMENT_3D ( 'NONE', #2565, #2003, #2821 ) ;
#284 = ORIENTED_EDGE ( 'NONE', *, *, #3224, .T. ) ;
#285 = DIRECTION ( 'NONE',  ( -0.000000000000000000, 0.000000000000000000, 1.000000000000000000 ) ) ;
#286 = DIRECTION ( 'NONE',  ( 0.000000000000000000, 0.9973124733369809203, -0.07326547977372366294 ) ) ;
#287 = VECTOR ( 'NONE', #1590, 1000.000000000000000 ) ;
#288 = EDGE_CURVE ( 'NONE', #403, #478, #13, .T. ) ;
#289 = DIRECTION ( 'NONE',  ( 1.000000000000000000, 0.000000000000000000, -1.836638480190444758E-16 ) ) ;
#290 = AXIS2_PLACEMENT_3D ( 'NONE', #1321, #760, #3133 ) ;
#291 = ORIENTED_EDGE ( 'NONE', *, *, #1703, .T. ) ;
#292 = AXIS2_PLACEMENT_3D ( 'NONE', #3424, #747, #2320 ) ;
#293 = CARTESIAN_POINT ( 'NONE',  ( -12.96885084570459945, -6.729889358241052832, -9.086338423935785613 ) ) ;
#294 = CARTESIAN_POINT ( 'NONE',  ( 7.146204324652068784, -10.93168225349916156, -15.56774716229237754 ) ) ;
#295 = CARTESIAN_POINT ( 'NONE',  ( 15.12656912063815895, 2.014797681534891360, -1.882699857078974803 ) ) ;
#296 =( BOUNDED_SURFACE ( )  B_SPLINE_SURFACE ( 3, 2, ( 
 ( #426, #376, #1217 ),
 ( #117, #1181, #2308 ),
 ( #2279, #2805, #411 ),
 ( #3326, #921, #1490 ),
 ( #622, #1476, #2563 ),
 ( #2551, #1428, #161 ),
 ( #1692, #3360, #969 ),
 ( #2752, #358, #2504 ),
 ( #1161, #1984, #2065 ),
 ( #195, #506, #2864 ) ),
 .UNSPECIFIED., .F., .F., .T. ) 
 B_SPLINE_SURFACE_WITH_KNOTS ( ( 4, 2, 2, 2, 4 ),
 ( 3, 3 ),
 ( 0.000000000000000000, 0.002431772604689067061, 0.004863545209378134122, 0.007295317814067201617, 0.009727090418756268245 ),
 ( 0.000000000000000000, 1.000000000000000000 ),
 .UNSPECIFIED. ) 
 GEOMETRIC_REPRESENTATION_ITEM ( )  RATIONAL_B_SPLINE_SURFACE ( (
 ( 1.000000000000000000, 0.2495962912200525297, 1.000000000000000000),
 ( 1.000000000000000000, 0.2550383738794629318, 1.000000000000000000),
 ( 1.000000000000000000, 0.2594225460836246389, 1.000000000000000000),
 ( 1.000000000000000000, 0.2664630394282104242, 1.000000000000000000),
 ( 1.000000000000000000, 0.2691208707383176413, 1.000000000000000000),
 ( 1.000000000000000000, 0.2729099342701716835, 1.000000000000000000),
 ( 1.000000000000000000, 0.2740387265081402068, 1.000000000000000000),
 ( 1.000000000000000000, 0.2748022417772557624, 1.000000000000000000),
 ( 1.000000000000000000, 0.2744426485726185194, 1.000000000000000000),
 ( 1.000000000000000000, 0.2733302092803322481, 1.000000000000000000) ) ) 
 REPRESENTATION_ITEM ( '' )  SURFACE ( )  );
#297 = TOROIDAL_SURFACE ( 'NONE', #3188, -32.20767203787246302, 47.47135173495379235 ) ;
#298 = CARTESIAN_POINT ( 'NONE',  ( -12.25105878518755809, -6.456000428212370856, -10.61544549633397949 ) ) ;
#299 = CARTESIAN_POINT ( 'NONE',  ( -1.877213758249655529, 12.55939512112490242, -16.64664102336844920 ) ) ;
#300 = ORIENTED_EDGE ( 'NONE', *, *, #2838, .F. ) ;
#301 = CARTESIAN_POINT ( 'NONE',  ( 15.00384872846998441, -2.747880499052949066, -0.2327517791231087652 ) ) ;
#302 = CARTESIAN_POINT ( 'NONE',  ( -12.03545756614913742, 6.627795264398766761, -11.15780066783148250 ) ) ;
#303 = CARTESIAN_POINT ( 'NONE',  ( -14.00000000000000000, 5.765625000000019540, 1.734234228521340793 ) ) ;
#304 = ORIENTED_EDGE ( 'NONE', *, *, #965, .T. ) ;
#305 = ADVANCED_FACE ( 'NONE', ( #543 ), #54, .F. ) ;
#306 = ORIENTED_EDGE ( 'NONE', *, *, #1793, .F. ) ;
#307 = LINE ( 'NONE', #2666, #3309 ) ;
#308 = CARTESIAN_POINT ( 'NONE',  ( -5.925804410653300991, 1.354779904922068123, -35.96993204759647966 ) ) ;
#309 = EDGE_CURVE ( 'NONE', #1313, #3023, #1922, .T. ) ;
#310 = VERTEX_POINT ( 'NONE', #1381 ) ;
#311 = CARTESIAN_POINT ( 'NONE',  ( -12.50000000000000000, -7.494315484907634328, -5.915300471202530552 ) ) ;
#312 = CARTESIAN_POINT ( 'NONE',  ( 12.75000000000000178, 7.861082666726198376, 0.5774980344841295077 ) ) ;
#313 = CARTESIAN_POINT ( 'NONE',  ( -11.04552720299155766, -8.182297624385782342, -13.14912914822988377 ) ) ;
#314 = EDGE_CURVE ( 'NONE', #2765, #3144, #2852, .T. ) ;
#315 = CARTESIAN_POINT ( 'NONE',  ( 4.100000000000150635, 8.471403723159572676E-14, -27.50000000000001066 ) ) ;
#316 = CARTESIAN_POINT ( 'NONE',  ( -7.077616919668276552, 11.11872560423996070, -15.18975131037261939 ) ) ;
#317 = ORIENTED_EDGE ( 'NONE', *, *, #2947, .T. ) ;
#318 = CARTESIAN_POINT ( 'NONE',  ( 12.75000000000000178, 0.000000000000000000, 7.817850158122308102 ) ) ;
#319 = CARTESIAN_POINT ( 'NONE',  ( -12.90900494593115688, -6.528235031251515608, -9.911208102319392310 ) ) ;
#320 = CARTESIAN_POINT ( 'NONE',  ( -14.13039234207446881, 5.460264462361366533, 1.671928512827657753 ) ) ;
#321 = ORIENTED_EDGE ( 'NONE', *, *, #3019, .T. ) ;
#322 = VERTEX_POINT ( 'NONE', #1347 ) ;
#323 = CARTESIAN_POINT ( 'NONE',  ( -3.703681331867603177, 5.796261221746092929, -35.96993204759647966 ) ) ;
#324 = CARTESIAN_POINT ( 'NONE',  ( 2.692848598460652276, -12.32684974808199918, -16.87778043059101307 ) ) ;
#325 = ORIENTED_EDGE ( 'NONE', *, *, #3379, .T. ) ;
#326 = CARTESIAN_POINT ( 'NONE',  ( -12.50000000000000000, -7.124520348638495371, -7.494373569865288687 ) ) ;
#327 = CARTESIAN_POINT ( 'NONE',  ( -7.134139749871335923, -10.96535848592000839, -15.59783842145289334 ) ) ;
#328 = ADVANCED_FACE ( 'NONE', ( #2728 ), #23, .F. ) ;
#329 = CARTESIAN_POINT ( 'NONE',  ( -14.00000000000000000, -2.999999999999952482, -4.296152422706661866 ) ) ;
#330 = CARTESIAN_POINT ( 'NONE',  ( -3.166976050330915449, 4.906098641404109451, -16.44803887254627028 ) ) ;
#331 = ORIENTED_EDGE ( 'NONE', *, *, #2205, .T. ) ;
#332 = DIRECTION ( 'NONE',  ( -1.000000000000000000, 0.000000000000000000, 1.836638480190444758E-16 ) ) ;
#333 = CARTESIAN_POINT ( 'NONE',  ( 12.48295509104420198, -6.738878586672043980, -11.30411576968751497 ) ) ;
#334 = CARTESIAN_POINT ( 'NONE',  ( 0.000000000000000000, 0.000000000000000000, -27.50000000000001066 ) ) ;
#335 = EDGE_LOOP ( 'NONE', ( #2064, #2172, #1333, #561 ) ) ;
#336 = AXIS2_PLACEMENT_3D ( 'NONE', #3066, #678, #2552 ) ;
#337 = ORIENTED_EDGE ( 'NONE', *, *, #239, .F. ) ;
#338 = CARTESIAN_POINT ( 'NONE',  ( 1.389940481272277602E-15, 0.000000000000000000, 7.567850158122309878 ) ) ;
#339 = CARTESIAN_POINT ( 'NONE',  ( 7.138935647370135307, -10.93521782987812152, -15.57101156779500073 ) ) ;
#340 = CARTESIAN_POINT ( 'NONE',  ( 1.694280744631914535E-13, -3.000000000000000000, -30.40457638090298076 ) ) ;
#341 = CIRCLE ( 'NONE', #172, 8.013727401729648037 ) ;
#342 = ORIENTED_EDGE ( 'NONE', *, *, #793, .F. ) ;
#343 = CARTESIAN_POINT ( 'NONE',  ( -12.50000000000000000, -7.899186575333887461, -2.685911008153930357 ) ) ;
#344 = CARTESIAN_POINT ( 'NONE',  ( -0.5128538749619652171, -12.54320518682154528, -17.08417684765401745 ) ) ;
#345 = DIRECTION ( 'NONE',  ( 1.000000000000000000, 0.000000000000000000, 0.000000000000000000 ) ) ;
#346 = AXIS2_PLACEMENT_3D ( 'NONE', #1634, #549, #1613 ) ;
#347 = EDGE_CURVE ( 'NONE', #1104, #1038, #581, .T. ) ;
#348 = ADVANCED_FACE ( 'NONE', ( #1399 ), #1122, .F. ) ;
#349 = CARTESIAN_POINT ( 'NONE',  ( -2.600894102079266190, 4.798067367248737725, -16.54704578079099520 ) ) ;
#350 = VERTEX_POINT ( 'NONE', #2479 ) ;
#351 = CARTESIAN_POINT ( 'NONE',  ( 12.75000000000000178, 0.000000000000000000, 7.567850158122307214 ) ) ;
#352 = AXIS2_PLACEMENT_3D ( 'NONE', #312, #3239, #446 ) ;
#353 = CARTESIAN_POINT ( 'NONE',  ( 4.764993072368731042, 9.914375473032990271, -21.00000000000001066 ) ) ;
#354 = CARTESIAN_POINT ( 'NONE',  ( -12.77008797748744939, -6.534766417072237488, -10.53843535007246679 ) ) ;
#355 = CARTESIAN_POINT ( 'NONE',  ( -12.50000000000003375, -6.543226999699930602, -9.236395991280431872 ) ) ;
#356 = ORIENTED_EDGE ( 'NONE', *, *, #539, .T. ) ;
#357 = TOROIDAL_SURFACE ( 'NONE', #413, 7.882266468024040407, 0.2500000000000000000 ) ;
#358 = CARTESIAN_POINT ( 'NONE',  ( 12.50000000000070521, 8.815471760520638966, -1.048576121302419839 ) ) ;
#359 = CARTESIAN_POINT ( 'NONE',  ( 12.21204692336257303, -6.989159173598054942, -11.83189432721533052 ) ) ;
#360 = CARTESIAN_POINT ( 'NONE',  ( 2.161894383050394719, -12.40465241659809159, -16.95190794874296714 ) ) ;
#361 = DIRECTION ( 'NONE',  ( 4.150187610746193601E-14, 0.3418514983205270252, -0.9397539854110813495 ) ) ;
#362 = CIRCLE ( 'NONE', #638, 1.099999999999999867 ) ;
#363 = VERTEX_POINT ( 'NONE', #80 ) ;
#364 = CARTESIAN_POINT ( 'NONE',  ( -12.49999999999930544, -8.379937629246599684, -6.099538742479827746 ) ) ;
#365 = CARTESIAN_POINT ( 'NONE',  ( -9.328771522798986027, -9.271610398187894120, -13.94198313199309602 ) ) ;
#366 = DIRECTION ( 'NONE',  ( 1.000000000000000000, 0.000000000000000000, 0.000000000000000000 ) ) ;
#367 = CARTESIAN_POINT ( 'NONE',  ( -5.385974327702100162, 0.4905255148539585108, -15.86044704733555477 ) ) ;
#368 = CARTESIAN_POINT ( 'NONE',  ( -3.703681331867603177, 5.796261221746093817, -16.33539851341176785 ) ) ;
#370 = ADVANCED_FACE ( 'NONE', ( #2129 ), #1139, .T. ) ;
#369 = ORIENTED_EDGE ( 'NONE', *, *, #3171, .T. ) ;
#371 = CARTESIAN_POINT ( 'NONE',  ( -15.04027663298695039, -2.227881634713512859, -3.621535145622095886 ) ) ;
#372 = EDGE_CURVE ( 'NONE', #28, #765, #2331, .T. ) ;
#373 = CARTESIAN_POINT ( 'NONE',  ( 7.500000000000004441, -15.26367969708133288, -9.045026257562767569 ) ) ;
#374 = CARTESIAN_POINT ( 'NONE',  ( -11.99889921223291189, -7.611212056184284869, -11.28228061841037722 ) ) ;
#375 = ORIENTED_EDGE ( 'NONE', *, *, #1772, .T. ) ;
#376 = CARTESIAN_POINT ( 'NONE',  ( 12.50000000000000000, 7.527804354203647463, -9.376593577025495563 ) ) ;
#377 = DIRECTION ( 'NONE',  ( 0.000000000000000000, -1.000000000000000000, 5.204170427930425701E-14 ) ) ;
#378 = CARTESIAN_POINT ( 'NONE',  ( -14.00000000000000000, 0.000000000000000000, 1.440212693552415878E-15 ) ) ;
#379 = VERTEX_POINT ( 'NONE', #1513 ) ;
#380 = CARTESIAN_POINT ( 'NONE',  ( -4.100000000000051159, -8.494672012343370082E-14, -30.40457638090298076 ) ) ;
#381 = LINE ( 'NONE', #1451, #406 ) ;
#382 = CARTESIAN_POINT ( 'NONE',  ( 12.50000000000000000, 0.000000000000000000, -3.857712572015399644E-15 ) ) ;
#383 = CARTESIAN_POINT ( 'NONE',  ( -3.563440835213328661, 5.280058043363983877, -17.97418865196458171 ) ) ;
#384 = APPLICATION_PROTOCOL_DEFINITION ( 'draft international standard', 'automotive_design', 1998, #2390 ) ;
#385 = CARTESIAN_POINT ( 'NONE',  ( -0.4965643444821957186, -12.30752927473233349, -16.75074531666111355 ) ) ;
#386 = ORIENTED_EDGE ( 'NONE', *, *, #1269, .F. ) ;
#387 = CARTESIAN_POINT ( 'NONE',  ( -12.49999999999999822, 7.861082666726205481, 0.5774980344841339486 ) ) ;
#388 = EDGE_CURVE ( 'NONE', #2868, #120, #569, .T. ) ;
#389 = CARTESIAN_POINT ( 'NONE',  ( 12.87198528651861018, -6.514925461074605906, -10.11888775921255146 ) ) ;
#390 = CARTESIAN_POINT ( 'NONE',  ( -12.48686373868725852, -7.501886151619348020, -9.535266582582956119 ) ) ;
#391 = ORIENTED_EDGE ( 'NONE', *, *, #1715, .F. ) ;
#392 = FACE_OUTER_BOUND ( 'NONE', #1455, .T. ) ;
#393 = ADVANCED_FACE ( 'NONE', ( #729 ), #2768, .T. ) ;
#394 = LINE ( 'NONE', #2733, #2027 ) ;
#395 = DIRECTION ( 'NONE',  ( 1.224646799147353207E-16, -1.000000000000000000, -2.249233435956087740E-32 ) ) ;
#396 = ORIENTED_EDGE ( 'NONE', *, *, #1672, .T. ) ;
#397 = CARTESIAN_POINT ( 'NONE',  ( -12.96635842260507232, -7.244970330848998330, -7.529067678144517828 ) ) ;
#398 = VECTOR ( 'NONE', #1111, 1000.000000000000000 ) ;
#399 = SURFACE_STYLE_USAGE ( .BOTH. , #2557 ) ;
#400 = VECTOR ( 'NONE', #2371, 1000.000000000000000 ) ;
#401 = ADVANCED_FACE ( 'NONE', ( #2517 ), #1728, .T. ) ;
#402 = CARTESIAN_POINT ( 'NONE',  ( 2.613986052186438425, -12.09448833786350974, -16.54682118088589959 ) ) ;
#403 = VERTEX_POINT ( 'NONE', #1784 ) ;
#405 = AXIS2_PLACEMENT_3D ( 'NONE', #1497, #169, #2223 ) ;
#404 = CARTESIAN_POINT ( 'NONE',  ( -8.254823189887430246, 7.354779904922067679, -20.78107682728133909 ) ) ;
#406 = VECTOR ( 'NONE', #2556, 1000.000000000000000 ) ;
#407 = CARTESIAN_POINT ( 'NONE',  ( 12.31007322184942687, 6.423569394650314734, -10.42503017113131492 ) ) ;
#408 = CARTESIAN_POINT ( 'NONE',  ( 1.911596500282062516, -5.048914491451125919, -16.64136405284898856 ) ) ;
#409 = ORIENTED_EDGE ( 'NONE', *, *, #965, .F. ) ;
#410 = EDGE_CURVE ( 'NONE', #3091, #854, #232, .T. ) ;
#411 = CARTESIAN_POINT ( 'NONE',  ( 12.96635616749883546, 7.245430549690668798, -7.527476247166431378 ) ) ;
#412 = DIRECTION ( 'NONE',  ( -1.000000000000000000, 0.000000000000000000, 3.154042683594192162E-16 ) ) ;
#413 = AXIS2_PLACEMENT_3D ( 'NONE', #1224, #2299, #717 ) ;
#414 = FACE_OUTER_BOUND ( 'NONE', #580, .T. ) ;
#415 = ORIENTED_EDGE ( 'NONE', *, *, #562, .F. ) ;
#416 = DIRECTION ( 'NONE',  ( 1.000000000000000000, 0.000000000000000000, 0.000000000000000000 ) ) ;
#417 = CARTESIAN_POINT ( 'NONE',  ( 1.051027811261695533, 12.51829187111360753, -17.06035109991863408 ) ) ;
#418 = EDGE_CURVE ( 'NONE', #101, #1735, #2602, .T. ) ;
#419 =( NAMED_UNIT ( * ) SI_UNIT ( $, .STERADIAN. ) SOLID_ANGLE_UNIT ( ) );
#420 = CARTESIAN_POINT ( 'NONE',  ( 4.142128405936659874, -11.79652688802070237, -16.26268586074234079 ) ) ;
#421 = CARTESIAN_POINT ( 'NONE',  ( 12.96276362625776812, 7.968731242760219935, -3.519072893086573117 ) ) ;
#422 = EDGE_CURVE ( 'NONE', #2423, #2262, #2783, .T. ) ;
#423 = CARTESIAN_POINT ( 'NONE',  ( 12.40611977637600027, 6.403651815664287206, -10.03052305657822529 ) ) ;
#424 = CARTESIAN_POINT ( 'NONE',  ( -10.33279825077797298, 9.093705197384174710, -13.21297108243465246 ) ) ;
#425 = ORIENTED_EDGE ( 'NONE', *, *, #1373, .F. ) ;
#426 = CARTESIAN_POINT ( 'NONE',  ( 12.50000000000000000, 6.616321703321405678, -9.045026257562769345 ) ) ;
#427 = CARTESIAN_POINT ( 'NONE',  ( -12.93909844839060774, 0.000000000000000000, 7.817850158122311655 ) ) ;
#428 = DIRECTION ( 'NONE',  ( 1.000000000000000000, -0.000000000000000000, -0.000000000000000000 ) ) ;
#429 = ORIENTED_EDGE ( 'NONE', *, *, #1808, .T. ) ;
#430 = ORIENTED_EDGE ( 'NONE', *, *, #2342, .F. ) ;
#431 = CARTESIAN_POINT ( 'NONE',  ( -1.099999999999999867, 3.000000000000000000, -27.50000000000001066 ) ) ;
#432 = CARTESIAN_POINT ( 'NONE',  ( 8.004323104058586935, 10.50930309058380097, -15.17656830459205430 ) ) ;
#433 = CARTESIAN_POINT ( 'NONE',  ( -5.395821831086830223, 0.04990080284568330221, -15.85709956981940039 ) ) ;
#434 = ADVANCED_FACE ( 'NONE', ( #97 ), #3286, .T. ) ;
#435 = CARTESIAN_POINT ( 'NONE',  ( -8.179682912567873387, 7.354779904922067679, -30.40457638090298431 ) ) ;
#436 = DIRECTION ( 'NONE',  ( 1.000000000000000000, 0.000000000000000000, -1.028723352537439825E-16 ) ) ;
#437 = CARTESIAN_POINT ( 'NONE',  ( -14.38974289593552314, -4.697992128676413692, -4.715104860440536783 ) ) ;
#438 = DIRECTION ( 'NONE',  ( 0.000000000000000000, -0.9397539854111141011, 0.3418514983204372082 ) ) ;
#439 = ORIENTED_EDGE ( 'NONE', *, *, #512, .T. ) ;
#440 = CARTESIAN_POINT ( 'NONE',  ( -9.681954401149541312, 1.354779904922068345, -27.50000000000001066 ) ) ;
#441 = PLANE ( 'NONE',  #2531 ) ;
#442 = CARTESIAN_POINT ( 'NONE',  ( 10.69148936170213915, 8.038243187928573619, -12.89397360120649161 ) ) ;
#443 = EDGE_LOOP ( 'NONE', ( #44, #1708, #3233, #2103 ) ) ;
#444 = AXIS2_PLACEMENT_3D ( 'NONE', #2843, #947, #1532 ) ;
#445 = CARTESIAN_POINT ( 'NONE',  ( 12.75000000000000178, -2.204034631566461400, 7.567850158122307214 ) ) ;
#446 = DIRECTION ( 'NONE',  ( 0.000000000000000000, 0.9973124733369806982, 0.07326547977372581399 ) ) ;
#447 = DIRECTION ( 'NONE',  ( 1.000000000000000000, 0.000000000000000000, 0.000000000000000000 ) ) ;
#448 = FACE_OUTER_BOUND ( 'NONE', #3015, .T. ) ;
#449 = CARTESIAN_POINT ( 'NONE',  ( -15.02505505721558166, -1.262960762831222050, -5.437588834494436085 ) ) ;
#450 = ADVANCED_FACE ( 'NONE', ( #3027 ), #916, .F. ) ;
#451 = B_SPLINE_CURVE_WITH_KNOTS ( 'NONE', 3,
 ( #2471, #2198, #2985, #1658, #1722, #2777, #126, #593 ),
 .UNSPECIFIED., .F., .F.,
 ( 4, 2, 2, 4 ),
 ( 1.626303258728256651E-18, 0.004885406199147815549, 0.007328109298721722023, 0.009770812398295629364 ),
 .UNSPECIFIED. ) ;
#452 = DIRECTION ( 'NONE',  ( -1.334402673828313339E-16, 0.000000000000000000, -1.000000000000000000 ) ) ;
#453 = FACE_OUTER_BOUND ( 'NONE', #2923, .T. ) ;
#454 = EDGE_LOOP ( 'NONE', ( #409, #3009, #1870, #2796, #2243 ) ) ;
#455 = CIRCLE ( 'NONE', #1861, 5.395821831086830223 ) ;
#456 = AXIS2_PLACEMENT_3D ( 'NONE', #2379, #1042, #1954 ) ;
#457 = CARTESIAN_POINT ( 'NONE',  ( 0.000000000000000000, -15.26367969708133288, 0.000000000000000000 ) ) ;
#458 = CARTESIAN_POINT ( 'NONE',  ( -7.645748661323927397E-15, 0.000000000000000000, -30.40457638090298431 ) ) ;
#459 = CARTESIAN_POINT ( 'NONE',  ( 12.25437630893857666, 6.453998895456570573, -10.60524603182141590 ) ) ;
#460 = VERTEX_POINT ( 'NONE', #3112 ) ;
#461 = EDGE_CURVE ( 'NONE', #2520, #363, #1341, .T. ) ;
#462 = MECHANICAL_DESIGN_GEOMETRIC_PRESENTATION_REPRESENTATION (  '', ( #2271 ), #3314 ) ;
#463 = ORIENTED_EDGE ( 'NONE', *, *, #242, .F. ) ;
#464 = CARTESIAN_POINT ( 'NONE',  ( -12.25527587188374845, 6.453455632485955107, -10.60248276107339649 ) ) ;
#465 = CARTESIAN_POINT ( 'NONE',  ( -12.50000000000000178, 7.940342464058528726, -2.677380958330725758 ) ) ;
#466 = FACE_OUTER_BOUND ( 'NONE', #867, .T. ) ;
#467 = CARTESIAN_POINT ( 'NONE',  ( 1.694280744631914535E-13, -3.000000000000000000, -27.50000000000001066 ) ) ;
#468 = ADVANCED_FACE ( 'NONE', ( #466 ), #1528, .F. ) ;
#469 = EDGE_CURVE ( 'NONE', #2536, #2411, #132, .T. ) ;
#470 = CARTESIAN_POINT ( 'NONE',  ( -14.32327689997727838, -4.751178302087880390, -5.291997558465473261 ) ) ;
#471 = CARTESIAN_POINT ( 'NONE',  ( -2.999999999999915623, -8.508143127133993220E-14, -30.40457638090298076 ) ) ;
#472 = VERTEX_POINT ( 'NONE', #639 ) ;
#473 = CARTESIAN_POINT ( 'NONE',  ( 12.96885084570459945, 6.729889358241059050, -9.086338423935799824 ) ) ;
#474 = CARTESIAN_POINT ( 'NONE',  ( 12.50000000000000178, -15.26367969708133288, 7.817850158122300996 ) ) ;
#475 = CARTESIAN_POINT ( 'NONE',  ( 12.39915974993440351, 7.477310737431035470, -10.04991199360975784 ) ) ;
#476 = ORIENTED_EDGE ( 'NONE', *, *, #752, .T. ) ;
#477 = PRODUCT_RELATED_PRODUCT_CATEGORY ( 'part', '', ( #522 ) ) ;
#478 = VERTEX_POINT ( 'NONE', #3267 ) ;
#479 = CARTESIAN_POINT ( 'NONE',  ( -12.48913230033473809, 6.487860868570774819, -9.429107975515679030 ) ) ;
#480 = CARTESIAN_POINT ( 'NONE',  ( 3.591899499527574147, 11.90741207571872629, -16.36838431044265718 ) ) ;
#481 = FACE_OUTER_BOUND ( 'NONE', #900, .T. ) ;
#482 = CARTESIAN_POINT ( 'NONE',  ( 10.96346025474036345, -8.502322057732728311, -12.66845941919059193 ) ) ;
#483 = CARTESIAN_POINT ( 'NONE',  ( 12.50000000000000000, 6.616321703321405678, -9.045026257562769345 ) ) ;
#484 = B_SPLINE_CURVE_WITH_KNOTS ( 'NONE', 3,
 ( #1368, #3446, #1071, #2151, #3231, #2169, #2899, #320, #845, #303 ),
 .UNSPECIFIED., .F., .F.,
 ( 4, 2, 2, 2, 4 ),
 ( 2.110794856727414852E-07, 0.0004999284325195819598, 0.0009996457855534909235, 0.001499363138587399887, 0.001999080491621308634 ),
 .UNSPECIFIED. ) ;
#485 = CARTESIAN_POINT ( 'NONE',  ( 12.49999999999859135, -8.384459759305467941, -6.076423512388353210 ) ) ;
#486 = DIRECTION ( 'NONE',  ( -0.000000000000000000, 0.3418514983204345437, 0.9397539854111151003 ) ) ;
#487 = VERTEX_POINT ( 'NONE', #353 ) ;
#488 = DIRECTION ( 'NONE',  ( -1.000000000000000000, 0.000000000000000000, 1.028723352537439825E-16 ) ) ;
#489 = PLANE ( 'NONE',  #64 ) ;
#490 = CARTESIAN_POINT ( 'NONE',  ( -14.00000000000000000, -2.999999999999952482, -6.096152422706660801 ) ) ;
#491 = EDGE_LOOP ( 'NONE', ( #2112, #3260, #1380, #1017 ) ) ;
#492 = EDGE_CURVE ( 'NONE', #1405, #472, #1710, .T. ) ;
#493 = ORIENTED_EDGE ( 'NONE', *, *, #3333, .T. ) ;
#494 = CARTESIAN_POINT ( 'NONE',  ( -12.50000000000000355, 7.527804354203654569, -9.376593577025499116 ) ) ;
#495 = CARTESIAN_POINT ( 'NONE',  ( -2.872026579985557770, 12.04961097997352582, -16.50396371390479189 ) ) ;
#496 = CARTESIAN_POINT ( 'NONE',  ( 0.000000000000000000, 0.000000000000000000, -21.00000000000001066 ) ) ;
#497 = CARTESIAN_POINT ( 'NONE',  ( -12.70889567416981336, 6.566913637936687032, -10.73578657700814531 ) ) ;
#498 = CARTESIAN_POINT ( 'NONE',  ( 12.96264529834739143, 7.992190295667323419, 0.5871295828635731961 ) ) ;
#499 = VECTOR ( 'NONE', #1324, 1000.000000000000000 ) ;
#500 = CARTESIAN_POINT ( 'NONE',  ( 12.96264529834738610, -7.992190295667332300, 0.5871295828635731961 ) ) ;
#501 = CIRCLE ( 'NONE', #2901, 1.100000000000135758 ) ;
#502 = CARTESIAN_POINT ( 'NONE',  ( 0.5128538749617643777, 12.54320518682175134, -17.08417684765343836 ) ) ;
#503 = VERTEX_POINT ( 'NONE', #2747 ) ;
#504 = AXIS2_PLACEMENT_3D ( 'NONE', #689, #706, #3104 ) ;
#505 = AXIS2_PLACEMENT_3D ( 'NONE', #1647, #278, #2149 ) ;
#506 = CARTESIAN_POINT ( 'NONE',  ( 12.50000000000000000, 8.738533316448869215, 0.6419581155002598294 ) ) ;
#507 = DIRECTION ( 'NONE',  ( 0.000000000000000000, 0.000000000000000000, 1.000000000000000000 ) ) ;
#508 = CARTESIAN_POINT ( 'NONE',  ( 12.00446648767334068, 7.203623073058903259, -12.14105603059726768 ) ) ;
#509 = CARTESIAN_POINT ( 'NONE',  ( -13.86047720290521035, -2.383971837788029013, 5.872353249953212284 ) ) ;
#510 = ORIENTED_EDGE ( 'NONE', *, *, #2359, .F. ) ;
#511 = CIRCLE ( 'NONE', #3242, 11.00000000000000888 ) ;
#512 = EDGE_CURVE ( 'NONE', #898, #2765, #1423, .T. ) ;
#513 = VERTEX_POINT ( 'NONE', #1618 ) ;
#514 = CARTESIAN_POINT ( 'NONE',  ( 0.000000000000000000, 0.000000000000000000, -27.50000000000001066 ) ) ;
#515 = CARTESIAN_POINT ( 'NONE',  ( -11.55386640975717327, 7.668250224200933829, -12.69036421273914783 ) ) ;
#516 = ADVANCED_FACE ( 'NONE', ( #1274 ), #1544, .F. ) ;
#517 = CARTESIAN_POINT ( 'NONE',  ( 5.534246957059212768, 11.32451007990242609, -15.81692930327786506 ) ) ;
#518 = CIRCLE ( 'NONE', #915, 1.000000000000000000 ) ;
#519 = B_SPLINE_CURVE_WITH_KNOTS ( 'NONE', 3,
 ( #1171, #615, #2237, #1956, #1661, #1681, #2742, #635, #1419, #2780, #1707, #3045, #2010, #652, #385, #128, #3059, #670, #1770, #402, #2571, #420, #2346, #170, #1787, #2545, #156, #1529, #1242, #2319 ),
 .UNSPECIFIED., .F., .F.,
 ( 4, 2, 2, 2, 2, 2, 2, 2, 2, 2, 2, 2, 2, 2, 4 ),
 ( 0.000000000000000000, 0.001578497703760031040, 0.003156995407520062080, 0.006313990815040129365, 0.007892488518800160405, 0.009470986222560191445, 0.01104948392632022248, 0.01262798163008025353, 0.01420647933384028457, 0.01499572818572030009, 0.01578497703760031734, 0.01894197244512037942, 0.02052047014888041046, 0.02209896785264044150, 0.02525596326016049664 ),
 .UNSPECIFIED. ) ;
#520 = CARTESIAN_POINT ( 'NONE',  ( 1.100000000000351141, -3.000000000000000000, -30.40457638090298076 ) ) ;
#521 = CARTESIAN_POINT ( 'NONE',  ( 7.951394907872695761, -10.67830632418428749, -14.75217092173661371 ) ) ;
#522 = PRODUCT ( '腰部连接件迭代', '腰部连接件迭代', '', ( #1803 ) ) ;
#523 = DIRECTION ( 'NONE',  ( -1.000000000000000000, 0.000000000000000000, 1.851093278488479861E-16 ) ) ;
#524 = CARTESIAN_POINT ( 'NONE',  ( 12.96203510465507946, -8.113801070428264595, -1.054802211467813722 ) ) ;
#525 = CARTESIAN_POINT ( 'NONE',  ( -6.618746890509177305, 11.32489043644977755, -15.39611852953472493 ) ) ;
#526 = ORIENTED_EDGE ( 'NONE', *, *, #3080, .F. ) ;
#527 = CARTESIAN_POINT ( 'NONE',  ( 15.40468664080963634, 0.000000000000000000, -4.754148265776720010E-15 ) ) ;
#528 = CARTESIAN_POINT ( 'NONE',  ( 12.50000000000000000, -7.861082666726200152, 0.5774980344841295077 ) ) ;
#529 = CARTESIAN_POINT ( 'NONE',  ( -11.04552720299155766, -8.182297624385782342, -13.14912914822988377 ) ) ;
#530 = VERTEX_POINT ( 'NONE', #1583 ) ;
#531 = CARTESIAN_POINT ( 'NONE',  ( -6.385974327702107267, 0.3547799049220680678, -27.50000000000001066 ) ) ;
#532 = CARTESIAN_POINT ( 'NONE',  ( -14.00000000000000000, -1.380921601987891600, 5.860294832955374567 ) ) ;
#533 = CARTESIAN_POINT ( 'NONE',  ( -12.30459392392668150, 6.903482125874051967, -11.65231069280808818 ) ) ;
#534 = UNCERTAINTY_MEASURE_WITH_UNIT (LENGTH_MEASURE( 1.000000000000000082E-05 ), #1210, 'distance_accuracy_value', 'NONE');
#535 = FACE_OUTER_BOUND ( 'NONE', #1843, .T. ) ;
#536 = CARTESIAN_POINT ( 'NONE',  ( 1.099999999999999867, 3.000000000000000000, -30.40457638090298076 ) ) ;
#537 = CARTESIAN_POINT ( 'NONE',  ( -12.96885084570460300, 6.729889358241046615, -9.086338423935789166 ) ) ;
#538 = CARTESIAN_POINT ( 'NONE',  ( 15.18888489975155665, 1.375099060005420037, -2.390435539661100339 ) ) ;
#539 = EDGE_CURVE ( 'NONE', #478, #542, #1990, .T. ) ;
#540 = CARTESIAN_POINT ( 'NONE',  ( -12.03434621674958649, -6.628810444253820933, -11.16019524313554534 ) ) ;
#541 = CARTESIAN_POINT ( 'NONE',  ( 1.042484663547104784, 12.63711211425690450, -16.72609911794183191 ) ) ;
#542 = VERTEX_POINT ( 'NONE', #1824 ) ;
#543 = FACE_OUTER_BOUND ( 'NONE', #2483, .T. ) ;
#544 = FACE_OUTER_BOUND ( 'NONE', #3315, .T. ) ;
#545 = CARTESIAN_POINT ( 'NONE',  ( -14.65097151543213094, 4.225449299855708496, 0.01034720576006588344 ) ) ;
#546 = ORIENTED_EDGE ( 'NONE', *, *, #2201, .T. ) ;
#547 = FACE_OUTER_BOUND ( 'NONE', #2743, .T. ) ;
#548 = EDGE_LOOP ( 'NONE', ( #2133, #1946 ) ) ;
#549 = DIRECTION ( 'NONE',  ( -1.836638480190444758E-16, -0.000000000000000000, -1.000000000000000000 ) ) ;
#550 = CARTESIAN_POINT ( 'NONE',  ( -14.39066361938679250, -3.571169413137918358, 3.528829402198150778 ) ) ;
#551 = CARTESIAN_POINT ( 'NONE',  ( 0.4965643444821996044, 12.30752927473233527, -16.75074531666111000 ) ) ;
#552 = ORIENTED_EDGE ( 'NONE', *, *, #1948, .T. ) ;
#553 = CARTESIAN_POINT ( 'NONE',  ( -12.50000000000000000, -6.616321703321400349, -9.045026257562755134 ) ) ;
#554 = B_SPLINE_CURVE_WITH_KNOTS ( 'NONE', 3,
 ( #1648, #229, #1300, #2372, #3430, #1036, #2115, #1846, #354, #2207, #319, #896, #2224, #114 ),
 .UNSPECIFIED., .F., .F.,
 ( 4, 2, 2, 2, 2, 2, 4 ),
 ( 0.000000000000000000, 0.001270436832232947491, 0.002540873664465894983, 0.003176092080582370355, 0.003811310496698846161, 0.004446528912815321533, 0.005081747328931796905 ),
 .UNSPECIFIED. ) ;
#555 = CARTESIAN_POINT ( 'NONE',  ( -12.50000000000000000, 6.000000000000000000, -7.347880794884118750E-16 ) ) ;
#556 = CARTESIAN_POINT ( 'NONE',  ( 15.14349366004667985, 1.867087691366839275, -2.029281446051685922 ) ) ;
#557 = ADVANCED_FACE ( 'NONE', ( #481 ), #2096, .T. ) ;
#558 = EDGE_CURVE ( 'NONE', #721, #661, #840, .T. ) ;
#559 = CARTESIAN_POINT ( 'NONE',  ( 12.96448132571756418, -7.625169729150305997, -5.917572802865597836 ) ) ;
#560 = CARTESIAN_POINT ( 'NONE',  ( 4.218832937534434002, 12.00999990379912852, -16.57679085545770548 ) ) ;
#561 = ORIENTED_EDGE ( 'NONE', *, *, #3241, .F. ) ;
#562 = EDGE_CURVE ( 'NONE', #2159, #2935, #3204, .T. ) ;
#563 = VECTOR ( 'NONE', #1827, 1000.000000000000000 ) ;
#564 = CARTESIAN_POINT ( 'NONE',  ( 15.03427355338572546, -2.628992782421673891, -0.8321861584928404998 ) ) ;
#565 = DIRECTION ( 'NONE',  ( 1.000000000000000000, 0.000000000000000000, -1.836638480190444758E-16 ) ) ;
#566 = CYLINDRICAL_SURFACE ( 'NONE', #1401, 0.8999999999999998002 ) ;
#567 = ORIENTED_EDGE ( 'NONE', *, *, #469, .F. ) ;
#568 = ADVANCED_FACE ( 'NONE', ( #1337 ), #1028, .F. ) ;
#569 = CIRCLE ( 'NONE', #3409, 0.8999999999999998002 ) ;
#570 = ORIENTED_EDGE ( 'NONE', *, *, #1899, .T. ) ;
#571 = CARTESIAN_POINT ( 'NONE',  ( -14.59350282636871476, 4.351431271397384393, 0.5871295828635768599 ) ) ;
#572 = FACE_OUTER_BOUND ( 'NONE', #1172, .T. ) ;
#573 = FACE_BOUND ( 'NONE', #454, .T. ) ;
#574 = EDGE_LOOP ( 'NONE', ( #3329, #2260 ) ) ;
#575 = CARTESIAN_POINT ( 'NONE',  ( -1.434763867012288419, 5.206444764826979821, -16.68982881004002650 ) ) ;
#576 = CARTESIAN_POINT ( 'NONE',  ( -7.963882017291576076, -10.69365200027666241, -14.76495819703541734 ) ) ;
#577 = CARTESIAN_POINT ( 'NONE',  ( 15.07714771089078987, 2.397796392659895304, -1.406750246774960411 ) ) ;
#578 = AXIS2_PLACEMENT_3D ( 'NONE', #2197, #1639, #2706 ) ;
#579 = CARTESIAN_POINT ( 'NONE',  ( 1.053168647819591408, 12.51819221643705582, -17.06025572783182653 ) ) ;
#580 = EDGE_LOOP ( 'NONE', ( #934, #1034, #1148, #1750, #58 ) ) ;
#581 = LINE ( 'NONE', #318, #287 ) ;
#582 = CARTESIAN_POINT ( 'NONE',  ( -12.50000000000000000, 6.616321703321392356, -9.045026257562765792 ) ) ;
#583 = CARTESIAN_POINT ( 'NONE',  ( -13.67908100342097022, -2.828515133088792766, 6.096152422706799356 ) ) ;
#584 = ORIENTED_EDGE ( 'NONE', *, *, #2055, .T. ) ;
#585 = ORIENTED_EDGE ( 'NONE', *, *, #3197, .T. ) ;
#586 = ADVANCED_FACE ( 'NONE', ( #2106 ), #1040, .F. ) ;
#587 = CARTESIAN_POINT ( 'NONE',  ( 12.75000000000000178, -2.204034631566448521, 7.567850158122308102 ) ) ;
#588 = CARTESIAN_POINT ( 'NONE',  ( -9.228722132139340673, -9.709559643300517351, -14.45976716150152441 ) ) ;
#589 = CARTESIAN_POINT ( 'NONE',  ( -13.59042597660381446, -3.614064761023187078, 5.875110314263016775 ) ) ;
#590 = ORIENTED_EDGE ( 'NONE', *, *, #3276, .F. ) ;
#591 = CARTESIAN_POINT ( 'NONE',  ( -12.50000000000000000, -7.838276483182724519, -3.503418208713659165 ) ) ;
#592 = CARTESIAN_POINT ( 'NONE',  ( 0.5442560604858203144, -12.30594984813207837, -16.74923055008863670 ) ) ;
#593 = CARTESIAN_POINT ( 'NONE',  ( 12.96885084570459590, -6.729889358240919606, -9.086338423936192399 ) ) ;
#594 = DIRECTION ( 'NONE',  ( 1.000000000000000000, -0.000000000000000000, -0.000000000000000000 ) ) ;
#595 = FACE_OUTER_BOUND ( 'NONE', #2155, .T. ) ;
#596 = ORIENTED_EDGE ( 'NONE', *, *, #1437, .F. ) ;
#597 = DIRECTION ( 'NONE',  ( -1.028723352537439825E-16, 0.000000000000000000, -1.000000000000000000 ) ) ;
#598 = CARTESIAN_POINT ( 'NONE',  ( 12.04090764555230031, -6.622814742663494236, -11.14607177192177900 ) ) ;
#599 = DIRECTION ( 'NONE',  ( 0.7031775825317143624, -0.7110142666816565704, 0.000000000000000000 ) ) ;
#600 = ORIENTED_EDGE ( 'NONE', *, *, #1872, .F. ) ;
#601 = B_SPLINE_CURVE_WITH_KNOTS ( 'NONE', 3,
 ( #3225, #367, #1436, #76, #127, #2513, #2708, #3044, #3001, #1660 ),
 .UNSPECIFIED., .F., .F.,
 ( 4, 2, 2, 2, 4 ),
 ( 5.494600674169940804E-05, 0.0004596587831503651917, 0.0008643715595590309008, 0.001269084335967696773, 0.001673797112376360693 ),
 .UNSPECIFIED. ) ;
#602 = ADVANCED_FACE ( 'NONE', ( #17 ), #2094, .F. ) ;
#603 = ORIENTED_EDGE ( 'NONE', *, *, #2573, .T. ) ;
#604 = CARTESIAN_POINT ( 'NONE',  ( 12.00337075926967856, -7.204750765914126553, -12.14260756274671316 ) ) ;
#605 = CARTESIAN_POINT ( 'NONE',  ( -14.00000000000000000, -1.380921601987891600, 5.860294832955374567 ) ) ;
#606 = CARTESIAN_POINT ( 'NONE',  ( 0.000000000000000000, 0.000000000000000000, -21.00000000000001066 ) ) ;
#607 = ADVANCED_FACE ( 'NONE', ( #1061 ), #1564, .T. ) ;
#608 = EDGE_CURVE ( 'NONE', #3176, #721, #15, .T. ) ;
#609 = EDGE_LOOP ( 'NONE', ( #1617, #2228, #526, #1072 ) ) ;
#610 = CARTESIAN_POINT ( 'NONE',  ( -12.50000000000000178, -7.795175141280910935, -8.576986428082614466 ) ) ;
#611 = CARTESIAN_POINT ( 'NONE',  ( 1.899755608537468721, -12.43664935079438649, -16.98242993180645755 ) ) ;
#612 = CARTESIAN_POINT ( 'NONE',  ( -13.68193460037513631, 6.754952472617049786, -0.5175605521137887077 ) ) ;
#613 = CARTESIAN_POINT ( 'NONE',  ( 4.764993072368731042, 2.531745297835314989, -16.99999999999999645 ) ) ;
#614 = AXIS2_PLACEMENT_3D ( 'NONE', #1591, #805, #565 ) ;
#615 = CARTESIAN_POINT ( 'NONE',  ( -10.36976812269611159, -8.361167352287788290, -13.16074002330810622 ) ) ;
#616 = ORIENTED_EDGE ( 'NONE', *, *, #205, .T. ) ;
#617 = CARTESIAN_POINT ( 'NONE',  ( -12.50000000000072298, 8.022045450107649245, -7.745368379386405877 ) ) ;
#618 = CARTESIAN_POINT ( 'NONE',  ( -9.681954401149541312, 1.354779904922068345, -35.96993204759647966 ) ) ;
#619 = CARTESIAN_POINT ( 'NONE',  ( -12.00446648767224112, -7.203623073062421334, -12.14105603059331706 ) ) ;
#620 = ORIENTED_EDGE ( 'NONE', *, *, #1268, .F. ) ;
#621 = CIRCLE ( 'NONE', #60, 11.00000000000000888 ) ;
#622 = CARTESIAN_POINT ( 'NONE',  ( 12.49999999999999822, 7.635763236684993238, -5.116841737413587055 ) ) ;
#623 = CARTESIAN_POINT ( 'NONE',  ( 12.48013400045999610, -6.741351176413983737, -11.31015234784127621 ) ) ;
#624 = FACE_OUTER_BOUND ( 'NONE', #939, .T. ) ;
#625 = CARTESIAN_POINT ( 'NONE',  ( -7.372574772901430151E-15, 0.000000000000000000, 7.817850158122309878 ) ) ;
#626 = CIRCLE ( 'NONE', #227, 16.75000000000000000 ) ;
#627 = VERTEX_POINT ( 'NONE', #1081 ) ;
#629 = AXIS2_PLACEMENT_3D ( 'NONE', #782, #2936, #3249 ) ;
#628 = CYLINDRICAL_SURFACE ( 'NONE', #1755, 1.099999999999999867 ) ;
#630 = CARTESIAN_POINT ( 'NONE',  ( -7.087815578015294271, -11.14295943097297403, -15.21309342448299340 ) ) ;
#631 = CARTESIAN_POINT ( 'NONE',  ( -2.951687779466740214, 4.823397951790313165, -17.25864079099765647 ) ) ;
#632 = VECTOR ( 'NONE', #238, 1000.000000000000000 ) ;
#633 = CIRCLE ( 'NONE', #1410, 0.9000000000000005773 ) ;
#634 = CARTESIAN_POINT ( 'NONE',  ( 15.40468664080963634, 0.000000000000000000, -4.754148265776720010E-15 ) ) ;
#635 = CARTESIAN_POINT ( 'NONE',  ( -5.534246957059212768, -11.32451007990243852, -15.81692930327786506 ) ) ;
#636 = ORIENTED_EDGE ( 'NONE', *, *, #1859, .T. ) ;
#637 = CARTESIAN_POINT ( 'NONE',  ( -14.95732129567936575, -2.774028835877879295, -3.457084550567765202 ) ) ;
#638 = AXIS2_PLACEMENT_3D ( 'NONE', #2285, #2601, #2022 ) ;
#639 = CARTESIAN_POINT ( 'NONE',  ( -9.681954401149541312, 5.727423584783560173, -13.66829393062869080 ) ) ;
#640 = DIRECTION ( 'NONE',  ( -0.000000000000000000, -0.000000000000000000, 1.000000000000000000 ) ) ;
#641 = CARTESIAN_POINT ( 'NONE',  ( -12.40729382241296719, -6.403937369560161130, -10.02433224165554826 ) ) ;
#642 = ORIENTED_EDGE ( 'NONE', *, *, #3441, .T. ) ;
#643 = CIRCLE ( 'NONE', #2641, 0.2500000000000003331 ) ;
#644 = CARTESIAN_POINT ( 'NONE',  ( -1.099999999999999867, 3.000000000000000000, -30.40457638090298076 ) ) ;
#645 = CARTESIAN_POINT ( 'NONE',  ( -7.645748661323927397E-15, 0.000000000000000000, -30.40457638090298431 ) ) ;
#646 = CARTESIAN_POINT ( 'NONE',  ( 11.16747471104018707, 7.534888055505025051, -12.46005175863788494 ) ) ;
#647 = DIRECTION ( 'NONE',  ( 0.000000000000000000, -1.000000000000000000, -0.000000000000000000 ) ) ;
#648 = ORIENTED_EDGE ( 'NONE', *, *, #2653, .F. ) ;
#649 = CARTESIAN_POINT ( 'NONE',  ( -2.280955151671934633, 4.890003765734248553, -16.59396708433705925 ) ) ;
#650 = CARTESIAN_POINT ( 'NONE',  ( -10.69148936170213382, -8.038243187928562961, -12.89397360120650049 ) ) ;
#651 = CARTESIAN_POINT ( 'NONE',  ( -3.033500171502460763, 4.848691187977931527, -17.32343346665158279 ) ) ;
#652 = CARTESIAN_POINT ( 'NONE',  ( -1.020081683729816557, -12.28300630486616107, -16.72720804340212908 ) ) ;
#653 = EDGE_LOOP ( 'NONE', ( #2428, #1995 ) ) ;
#654 = CARTESIAN_POINT ( 'NONE',  ( -12.96224425246827217, 8.072538205043029436, -2.684981439933425307 ) ) ;
#655 = EDGE_CURVE ( 'NONE', #1370, #1396, #511, .T. ) ;
#656 = EDGE_CURVE ( 'NONE', #2954, #1369, #2361, .T. ) ;
#657 = ADVANCED_FACE ( 'NONE', ( #1895 ), #1031, .T. ) ;
#658 = DIRECTION ( 'NONE',  ( -1.000000000000000000, -0.000000000000000000, 1.028723352537439825E-16 ) ) ;
#659 = CARTESIAN_POINT ( 'NONE',  ( 12.25527587188364720, -6.453455632484187632, -10.60248276107369492 ) ) ;
#660 = CYLINDRICAL_SURFACE ( 'NONE', #3408, 5.395821831086830223 ) ;
#661 = VERTEX_POINT ( 'NONE', #106 ) ;
#662 =( BOUNDED_SURFACE ( )  B_SPLINE_SURFACE ( 3, 2, ( 
 ( #1317, #2386, #529 ),
 ( #265, #1331, #7 ),
 ( #1888, #2549, #2519 ),
 ( #3288, #2750, #619 ),
 ( #2786, #374, #2259 ),
 ( #2289, #2770, #1960 ),
 ( #3031, #866, #3269 ),
 ( #1689, #2502, #1666 ),
 ( #918, #1945, #882 ),
 ( #641, #3310, #2992 ),
 ( #2016, #1713, #1444 ),
 ( #3006, #1402, #134 ),
 ( #355, #390, #1999 ),
 ( #115, #1199, #897 ) ),
 .UNSPECIFIED., .F., .F., .T. ) 
 B_SPLINE_SURFACE_WITH_KNOTS ( ( 4, 2, 2, 2, 2, 2, 4 ),
 ( 3, 3 ),
 ( 0.000000000000000000, 0.001258881918350311050, 0.002517763836700622100, 0.003147204795875777408, 0.003776645755050933150, 0.004406086714226088892, 0.005035527673401244200 ),
 ( 0.000000000000000000, 1.000000000000000000 ),
 .UNSPECIFIED. ) 
 GEOMETRIC_REPRESENTATION_ITEM ( )  RATIONAL_B_SPLINE_SURFACE ( (
 ( 1.000000000000000000, 0.3939602675160004952, 1.000000000000000000),
 ( 1.000000000000000000, 0.3717351255908296626, 1.000000000000000000),
 ( 1.000000000000000000, 0.3491721517122871044, 1.000000000000000000),
 ( 1.000000000000000000, 0.3048438207472395911, 1.000000000000000000),
 ( 1.000000000000000000, 0.2826588228320571217, 1.000000000000000000),
 ( 1.000000000000000000, 0.2553090910722104478, 1.000000000000000000),
 ( 1.000000000000000000, 0.2471236500799544877, 1.000000000000000000),
 ( 1.000000000000000000, 0.2346550227900113528, 1.000000000000000000),
 ( 1.000000000000000000, 0.2304374928389079369, 1.000000000000000000),
 ( 1.000000000000000000, 0.2272829946869668605, 1.000000000000000000),
 ( 1.000000000000000000, 0.2284633022207826769, 1.000000000000000000),
 ( 1.000000000000000000, 0.2357553771899873751, 1.000000000000000000),
 ( 1.000000000000000000, 0.2418335915373178990, 1.000000000000000000),
 ( 1.000000000000000000, 0.2495962912200495321, 1.000000000000000000) ) ) 
 REPRESENTATION_ITEM ( '' )  SURFACE ( )  );
#663 = ORIENTED_EDGE ( 'NONE', *, *, #2767, .T. ) ;
#664 = DIRECTION ( 'NONE',  ( -0.000000000000000000, -0.000000000000000000, 1.000000000000000000 ) ) ;
#665 = CARTESIAN_POINT ( 'NONE',  ( -14.00000000000000000, -3.000000000000024425, 5.196152422706615148 ) ) ;
#666 = EDGE_LOOP ( 'NONE', ( #2497, #3434, #1450, #1266 ) ) ;
#667 = DIRECTION ( 'NONE',  ( -0.000000000000000000, -0.000000000000000000, 1.000000000000000000 ) ) ;
#668 = CARTESIAN_POINT ( 'NONE',  ( 11.04552720299155588, 8.182297624385773460, -13.14912914822988377 ) ) ;
#669 = EDGE_CURVE ( 'NONE', #530, #1604, #455, .T. ) ;
#670 = CARTESIAN_POINT ( 'NONE',  ( 1.840601284030772167, -12.20300465228566900, -16.65059055943902422 ) ) ;
#671 = ORIENTED_EDGE ( 'NONE', *, *, #1786, .F. ) ;
#672 = CARTESIAN_POINT ( 'NONE',  ( -12.49999999999999822, 7.981068725933200270, -1.055789492019505227 ) ) ;
#673 = EDGE_CURVE ( 'NONE', #2004, #680, #3413, .T. ) ;
#674 = CARTESIAN_POINT ( 'NONE',  ( 12.77220789118248945, -6.533943259598803621, -10.53082008949222015 ) ) ;
#675 = DIRECTION ( 'NONE',  ( -0.000000000000000000, -0.000000000000000000, 1.000000000000000000 ) ) ;
#676 = VERTEX_POINT ( 'NONE', #1656 ) ;
#677 = ORIENTED_EDGE ( 'NONE', *, *, #2885, .F. ) ;
#678 = DIRECTION ( 'NONE',  ( 0.000000000000000000, 0.000000000000000000, 1.000000000000000000 ) ) ;
#679 = CARTESIAN_POINT ( 'NONE',  ( 12.75000000000000178, 2.204034631566448521, 7.817850158122308102 ) ) ;
#680 = VERTEX_POINT ( 'NONE', #3016 ) ;
#681 = CARTESIAN_POINT ( 'NONE',  ( -12.96379133771530157, -7.763288060471403185, -5.140483716253542390 ) ) ;
#682 = ADVANCED_FACE ( 'NONE', ( #2983 ), #628, .F. ) ;
#683 = CIRCLE ( 'NONE', #780, 6.020797289396167429 ) ;
#684 =( NAMED_UNIT ( * ) PLANE_ANGLE_UNIT ( ) SI_UNIT ( $, .RADIAN. ) );
#685 = DIRECTION ( 'NONE',  ( 1.000000000000000000, 0.000000000000000000, 0.000000000000000000 ) ) ;
#686 = CARTESIAN_POINT ( 'NONE',  ( -14.66122351789379685, -2.774683129014834826, -6.946152422707339902 ) ) ;
#687 = AXIS2_PLACEMENT_3D ( 'NONE', #3165, #1857, #836 ) ;
#688 = CARTESIAN_POINT ( 'NONE',  ( 12.50000000000000000, 6.616321703321405678, -9.045026257562769345 ) ) ;
#689 = CARTESIAN_POINT ( 'NONE',  ( 0.000000000000000000, 3.000000000000000000, -27.50000000000001066 ) ) ;
#690 = ORIENTED_EDGE ( 'NONE', *, *, #1677, .T. ) ;
#691 = EDGE_CURVE ( 'NONE', #2696, #2954, #1885, .T. ) ;
#692 = VERTEX_POINT ( 'NONE', #185 ) ;
#693 = DIRECTION ( 'NONE',  ( 0.000000000000000000, 0.000000000000000000, -1.000000000000000000 ) ) ;
#694 = AXIS2_PLACEMENT_3D ( 'NONE', #1828, #1501, #1488 ) ;
#695 = DIRECTION ( 'NONE',  ( 2.164689898988068751E-16, 0.000000000000000000, 1.000000000000000000 ) ) ;
#696 = ORIENTED_EDGE ( 'NONE', *, *, #3208, .T. ) ;
#697 = EDGE_CURVE ( 'NONE', #2954, #2975, #963, .T. ) ;
#698 = ADVANCED_FACE ( 'NONE', ( #2037 ), #3365, .F. ) ;
#699 = DIRECTION ( 'NONE',  ( -1.836638480190444758E-16, -0.000000000000000000, -1.000000000000000000 ) ) ;
#700 =( BOUNDED_CURVE ( )  B_SPLINE_CURVE ( 3, ( #2085, #1819, #757, #2869 ),
 .UNSPECIFIED., .F., .T. ) 
 B_SPLINE_CURVE_WITH_KNOTS ( ( 4, 4 ),
 ( 4.096080048632684267, 4.197055249608727223 ),
 .UNSPECIFIED. ) 
 CURVE ( )  GEOMETRIC_REPRESENTATION_ITEM ( )  RATIONAL_B_SPLINE_CURVE ( ( 1.000000000000000000, 0.9991505145333695603, 0.9991505145333695603, 1.000000000000000000 ) ) 
 REPRESENTATION_ITEM ( '' )  );
#701 = PRODUCT_DEFINITION ( '未知', '', #3285, #2668 ) ;
#702 = CARTESIAN_POINT ( 'NONE',  ( -8.439437682588522449, 10.22605514476063959, -14.92258472802132196 ) ) ;
#703 = DIRECTION ( 'NONE',  ( -0.000000000000000000, -0.000000000000000000, -1.000000000000000000 ) ) ;
#704 = CARTESIAN_POINT ( 'NONE',  ( -14.00000000000000000, 0.000000000000000000, 1.440212693552415878E-15 ) ) ;
#705 = CARTESIAN_POINT ( 'NONE',  ( 10.96346025474034924, -8.502322057732715876, -12.66845941919059371 ) ) ;
#706 = DIRECTION ( 'NONE',  ( -0.000000000000000000, -0.000000000000000000, -1.000000000000000000 ) ) ;
#707 = VERTEX_POINT ( 'NONE', #978 ) ;
#708 = CARTESIAN_POINT ( 'NONE',  ( -13.76908446930704955, 6.487907866403382684, 0.7671004126501653753 ) ) ;
#709 = CARTESIAN_POINT ( 'NONE',  ( -14.00000000000000000, 5.953333333333350019, 0.8987893091388113875 ) ) ;
#710 = DIRECTION ( 'NONE',  ( 0.000000000000000000, 1.000000000000000000, -0.000000000000000000 ) ) ;
#711 = ORIENTED_EDGE ( 'NONE', *, *, #3030, .T. ) ;
#712 = ORIENTED_EDGE ( 'NONE', *, *, #1542, .F. ) ;
#713 = CARTESIAN_POINT ( 'NONE',  ( -9.681954401149541312, 5.727423584783560173, -35.96993204759647966 ) ) ;
#714 = CARTESIAN_POINT ( 'NONE',  ( 10.71193079717417618, 8.513455628439581702, -13.42289730344171517 ) ) ;
#715 = ADVANCED_FACE ( 'NONE', ( #3110 ), #1738, .F. ) ;
#716 = DIRECTION ( 'NONE',  ( 1.836638480190445004E-16, -0.000000000000000000, 1.000000000000000000 ) ) ;
#717 = DIRECTION ( 'NONE',  ( 1.028723352537439825E-16, 0.000000000000000000, 1.000000000000000000 ) ) ;
#718 = CARTESIAN_POINT ( 'NONE',  ( -15.03625653554006725, -1.250692540189884960, -5.321566213109064414 ) ) ;
#719 = DIRECTION ( 'NONE',  ( 1.000000000000000000, -0.000000000000000000, -1.028723352537439825E-16 ) ) ;
#720 = CARTESIAN_POINT ( 'NONE',  ( -5.220614707259146670, -1.409506944571082832, -15.91581341916516479 ) ) ;
#721 = VERTEX_POINT ( 'NONE', #1768 ) ;
#722 = DIRECTION ( 'NONE',  ( 0.000000000000000000, -0.07326547977372517562, 0.9973124733369806982 ) ) ;
#723 = CARTESIAN_POINT ( 'NONE',  ( 12.11412345469660323, -6.557772951210046664, -10.98115199337106418 ) ) ;
#724 = ORIENTED_EDGE ( 'NONE', *, *, #1156, .F. ) ;
#725 = VECTOR ( 'NONE', #452, 1000.000000000000000 ) ;
#726 = DIRECTION ( 'NONE',  ( 2.081668171172171669E-14, -0.2796194014129623207, 0.9601109260671167878 ) ) ;
#727 = CARTESIAN_POINT ( 'NONE',  ( -1.096564697855511028, 12.51513540760211995, -17.05733542168052352 ) ) ;
#728 = TOROIDAL_SURFACE ( 'NONE', #2895, 12.93909844839060952, 0.2500000000000000000 ) ;
#729 = FACE_OUTER_BOUND ( 'NONE', #2818, .T. ) ;
#730 = CARTESIAN_POINT ( 'NONE',  ( -15.05576669372654663, -1.249365377141658628, -5.090873626076532155 ) ) ;
#731 = AXIS2_PLACEMENT_3D ( 'NONE', #2525, #3057, #1798 ) ;
#732 = CARTESIAN_POINT ( 'NONE',  ( -14.31597962202255836, -4.740928255873526176, -5.408965828947907895 ) ) ;
#733 = AXIS2_PLACEMENT_3D ( 'NONE', #3106, #722, #1264 ) ;
#734 = CARTESIAN_POINT ( 'NONE',  ( 1.232283133062222147, -5.256236338215763304, -16.70552401658159170 ) ) ;
#735 = ORIENTED_EDGE ( 'NONE', *, *, #1187, .T. ) ;
#736 = CARTESIAN_POINT ( 'NONE',  ( 10.69148936170213560, -8.038243187928570066, -12.89397360120649694 ) ) ;
#737 = DIRECTION ( 'NONE',  ( 1.000000000000000000, 0.000000000000000000, -1.028723352537439825E-16 ) ) ;
#738 = CARTESIAN_POINT ( 'NONE',  ( 12.46749063362855559, 7.491621949577164763, -9.672311487578488354 ) ) ;
#739 = B_SPLINE_CURVE_WITH_KNOTS ( 'NONE', 3,
 ( #3304, #2287, #2797, #404 ),
 .UNSPECIFIED., .F., .F.,
 ( 4, 4 ),
 ( 0.06641190423383487584, 0.06655533098958690830 ),
 .UNSPECIFIED. ) ;
#740 = ORIENTED_EDGE ( 'NONE', *, *, #2677, .F. ) ;
#741 = CIRCLE ( 'NONE', #2100, 0.2499999999999998890 ) ;
#742 = ORIENTED_EDGE ( 'NONE', *, *, #2547, .T. ) ;
#743 = CARTESIAN_POINT ( 'NONE',  ( -12.96885084570460300, 6.729889358241055497, -9.086338423935799824 ) ) ;
#744 = CARTESIAN_POINT ( 'NONE',  ( 10.69148936170213560, 8.038243187928561184, -12.89397360120649694 ) ) ;
#745 = CARTESIAN_POINT ( 'NONE',  ( -12.96749207015895777, 7.013971673497486847, -8.312590737070411961 ) ) ;
#746 = CARTESIAN_POINT ( 'NONE',  ( -14.00000000000000000, 6.074321647363666976, -1.748421085646460593 ) ) ;
#747 = DIRECTION ( 'NONE',  ( -1.000000000000000000, -0.000000000000000000, 3.086170057612319597E-16 ) ) ;
#748 = EDGE_CURVE ( 'NONE', #2529, #1114, #851, .T. ) ;
#749 = DIRECTION ( 'NONE',  ( 0.000000000000000000, 0.000000000000000000, 1.000000000000000000 ) ) ;
#750 = DIRECTION ( 'NONE',  ( -0.000000000000000000, -0.000000000000000000, 1.000000000000000000 ) ) ;
#751 = ORIENTED_EDGE ( 'NONE', *, *, #2071, .F. ) ;
#752 = EDGE_CURVE ( 'NONE', #487, #1502, #1781, .T. ) ;
#753 = CARTESIAN_POINT ( 'NONE',  ( -13.97998569384104428, 6.000000000000000000, 0.8999999999999990230 ) ) ;
#754 = FACE_OUTER_BOUND ( 'NONE', #3407, .T. ) ;
#755 = LINE ( 'NONE', #1847, #2627 ) ;
#756 = VERTEX_POINT ( 'NONE', #2021 ) ;
#757 = CARTESIAN_POINT ( 'NONE',  ( -8.745591082217291756, 6.795157758758126221, -14.29668677551029887 ) ) ;
#758 = CARTESIAN_POINT ( 'NONE',  ( -12.39928646544733226, 7.477330944630137033, -10.04926241017808941 ) ) ;
#759 = FACE_OUTER_BOUND ( 'NONE', #53, .T. ) ;
#760 = DIRECTION ( 'NONE',  ( -0.000000000000000000, -0.000000000000000000, 1.000000000000000000 ) ) ;
#761 = CARTESIAN_POINT ( 'NONE',  ( -12.87126665017407845, 6.514778586495418189, -10.12262456845405190 ) ) ;
#762 = DIRECTION ( 'NONE',  ( 0.000000000000000000, 0.000000000000000000, 1.000000000000000000 ) ) ;
#763 = LINE ( 'NONE', #1841, #1679 ) ;
#764 = CARTESIAN_POINT ( 'NONE',  ( -7.951394907871375040, 10.67830632418152881, -14.75217092173668831 ) ) ;
#765 = VERTEX_POINT ( 'NONE', #431 ) ;
#766 = CARTESIAN_POINT ( 'NONE',  ( 15.23633740453419705, -0.4071442696539091521, -2.727515848362438433 ) ) ;
#767 = CARTESIAN_POINT ( 'NONE',  ( -10.93626468602720614, 7.784061865088332866, -12.69100957654122475 ) ) ;
#768 = CARTESIAN_POINT ( 'NONE',  ( 11.99889921223351408, 7.611212056183836339, -11.28228061840952989 ) ) ;
#769 = ORIENTED_EDGE ( 'NONE', *, *, #1084, .T. ) ;
#770 = FACE_BOUND ( 'NONE', #1384, .T. ) ;
#771 = CARTESIAN_POINT ( 'NONE',  ( -12.87198528651818741, 6.514925461075879554, -10.11888775921149630 ) ) ;
#772 = DIRECTION ( 'NONE',  ( 1.836638480190445004E-16, -0.000000000000000000, 1.000000000000000000 ) ) ;
#773 = CARTESIAN_POINT ( 'NONE',  ( -14.00000000000000000, -3.000000000000222933, 5.196152422706250107 ) ) ;
#774 = CARTESIAN_POINT ( 'NONE',  ( 9.337813485618458031, -9.263691350724364781, -13.93511443033527719 ) ) ;
#775 = CARTESIAN_POINT ( 'NONE',  ( -12.49999999999999822, 7.861082666726203705, 0.5774980344841340596 ) ) ;
#776 =( BOUNDED_SURFACE ( )  B_SPLINE_SURFACE ( 3, 2, ( 
 ( #3418, #494, #743 ),
 ( #2853, #3396, #1559 ),
 ( #479, #1875, #2884 ),
 ( #3129, #1059, #1541 ),
 ( #1526, #758, #771 ),
 ( #2614, #2667, #2628 ),
 ( #464, #217, #2926 ),
 ( #235, #2358, #1025 ),
 ( #1597, #1305, #2104 ),
 ( #1852, #1836, #533 ),
 ( #1581, #3449, #2376 ),
 ( #2600, #2137, #3435 ),
 ( #2119, #2343, #1039 ),
 ( #3160, #2905, #515 ),
 ( #2650, #253, #1320 ),
 ( #2157, #2392, #3181 ) ),
 .UNSPECIFIED., .F., .F., .T. ) 
 B_SPLINE_SURFACE_WITH_KNOTS ( ( 4, 2, 2, 2, 2, 2, 2, 4 ),
 ( 3, 3 ),
 ( -4.336808689942017736E-18, 0.0006300660156584040250, 0.001260132031316812387, 0.001890198046975220640, 0.002520264062633629110, 0.003150330078292037581, 0.003780396093950445617, 0.005040528125267262557 ),
 ( 0.000000000000000000, 1.000000000000000000 ),
 .UNSPECIFIED. ) 
 GEOMETRIC_REPRESENTATION_ITEM ( )  RATIONAL_B_SPLINE_SURFACE ( (
 ( 1.000000000000000000, 0.2495962912200497541, 1.000000000000000000),
 ( 1.000000000000000000, 0.2418605300768953414, 1.000000000000000000),
 ( 1.000000000000000000, 0.2358195322887827738, 1.000000000000000000),
 ( 1.000000000000000000, 0.2284912588925922527, 1.000000000000000000),
 ( 1.000000000000000000, 0.2272901880028843913, 1.000000000000000000),
 ( 1.000000000000000000, 0.2304020137368242016, 1.000000000000000000),
 ( 1.000000000000000000, 0.2345842787709447042, 1.000000000000000000),
 ( 1.000000000000000000, 0.2470001090619499962, 1.000000000000000000),
 ( 1.000000000000000000, 0.2551946851017633522, 1.000000000000000000),
 ( 1.000000000000000000, 0.2733918921816336223, 1.000000000000000000),
 ( 1.000000000000000000, 0.2834704465978615251, 1.000000000000000000),
 ( 1.000000000000000000, 0.3046506149194121993, 1.000000000000000000),
 ( 1.000000000000000000, 0.3157374249521670562, 1.000000000000000000),
 ( 1.000000000000000000, 0.3490984327349911376, 1.000000000000000000),
 ( 1.000000000000000000, 0.3717113540534804916, 1.000000000000000000),
 ( 1.000000000000000000, 0.3939602675159956102, 1.000000000000000000) ) ) 
 REPRESENTATION_ITEM ( '' )  SURFACE ( )  );
#777 = CARTESIAN_POINT ( 'NONE',  ( 12.96634759252842173, -7.247189218748894213, -7.522323291583578708 ) ) ;
#778 = CARTESIAN_POINT ( 'NONE',  ( 2.112351959840007343, 12.53831423282981028, -16.62508628362063590 ) ) ;
#779 = ORIENTED_EDGE ( 'NONE', *, *, #970, .F. ) ;
#780 = AXIS2_PLACEMENT_3D ( 'NONE', #378, #139, #2264 ) ;
#781 = AXIS2_PLACEMENT_3D ( 'NONE', #1605, #2678, #597 ) ;
#782 = CARTESIAN_POINT ( 'NONE',  ( -7.645748661323927397E-15, 0.000000000000000000, -30.40457638090298431 ) ) ;
#783 = CARTESIAN_POINT ( 'NONE',  ( 12.49999999999999822, -7.639753158080303308, -5.091353048347601273 ) ) ;
#784 = DIRECTION ( 'NONE',  ( -1.000000000000000000, 0.000000000000000000, 1.028723352537439825E-16 ) ) ;
#785 = CARTESIAN_POINT ( 'NONE',  ( -14.05878138640312791, 5.938688635139371286, -1.754186555411244797 ) ) ;
#786 = VERTEX_POINT ( 'NONE', #2568 ) ;
#787 = FACE_OUTER_BOUND ( 'NONE', #2970, .T. ) ;
#788 = EDGE_CURVE ( 'NONE', #2159, #28, #1569, .T. ) ;
#789 = DIRECTION ( 'NONE',  ( -1.000000000000000000, 0.000000000000000000, 1.028723352537439825E-16 ) ) ;
#790 = CARTESIAN_POINT ( 'NONE',  ( -14.00000000000000000, -2.999999999999778844, -6.946152422707341678 ) ) ;
#791 = CARTESIAN_POINT ( 'NONE',  ( -4.142128405936665203, 11.79652688802071125, -16.26268586074233369 ) ) ;
#792 = AXIS2_PLACEMENT_3D ( 'NONE', #1853, #2091, #2158 ) ;
#793 = EDGE_CURVE ( 'NONE', #116, #1104, #2803, .T. ) ;
#794 = CARTESIAN_POINT ( 'NONE',  ( -5.900942105143005111E-15, 0.000000000000000000, -20.90457638090298431 ) ) ;
#795 = VECTOR ( 'NONE', #982, 1000.000000000000000 ) ;
#796 = CARTESIAN_POINT ( 'NONE',  ( 8.369257847296369235, -10.44107557784364992, -14.51810457886993788 ) ) ;
#797 = CARTESIAN_POINT ( 'NONE',  ( 12.00112629072384962, 7.207062739479758839, -12.14559483821193986 ) ) ;
#798 = B_SPLINE_CURVE_WITH_KNOTS ( 'NONE', 3,
 ( #2699, #767, #1106, #264, #1330, #302, #1367, #6, #2937, #2444, #1070, #2187, #3230, #582 ),
 .UNSPECIFIED., .F., .F.,
 ( 4, 2, 2, 2, 2, 2, 4 ),
 ( 0.000000000000000000, 0.001212704893074088635, 0.002425409786148177271, 0.003031762232685222564, 0.003638114679222268291, 0.004244467125759313585, 0.004850819572296358878 ),
 .UNSPECIFIED. ) ;
#799 = CARTESIAN_POINT ( 'NONE',  ( -12.44231153174951565, -6.417103799346216775, -9.828033365024392509 ) ) ;
#800 = CARTESIAN_POINT ( 'NONE',  ( -2.929883612974573559, 12.40989428899131575, -16.49398228276798051 ) ) ;
#801 = ORIENTED_EDGE ( 'NONE', *, *, #1484, .F. ) ;
#802 = AXIS2_PLACEMENT_3D ( 'NONE', #340, #1934, #88 ) ;
#803 = EDGE_CURVE ( 'NONE', #1278, #3345, #2284, .T. ) ;
#804 = CARTESIAN_POINT ( 'NONE',  ( 14.98957971392127497, -2.686592424043223293, 0.5871295828635727521 ) ) ;
#805 = DIRECTION ( 'NONE',  ( 0.000000000000000000, -1.000000000000000000, -0.000000000000000000 ) ) ;
#806 = CARTESIAN_POINT ( 'NONE',  ( -14.00000000000000000, 6.000000000000000000, 7.054246140640038056E-16 ) ) ;
#807 = ORIENTED_EDGE ( 'NONE', *, *, #2267, .F. ) ;
#808 = ORIENTED_EDGE ( 'NONE', *, *, #418, .F. ) ;
#809 = CARTESIAN_POINT ( 'NONE',  ( -12.49999999999999822, -15.26367969708133288, 7.817850158122304549 ) ) ;
#810 = CARTESIAN_POINT ( 'NONE',  ( -14.61489124008262408, -2.519246140033402082, 3.510005126849763180 ) ) ;
#811 = EDGE_CURVE ( 'NONE', #2822, #1038, #2809, .T. ) ;
#812 = UNCERTAINTY_MEASURE_WITH_UNIT (LENGTH_MEASURE( 1.000000000000000082E-05 ), #859, 'distance_accuracy_value', 'NONE');
#813 = CARTESIAN_POINT ( 'NONE',  ( -6.473682876492378391, 10.93852035164027825, -15.45617787996739168 ) ) ;
#814 = ORIENTED_EDGE ( 'NONE', *, *, #608, .F. ) ;
#815 = CARTESIAN_POINT ( 'NONE',  ( -12.75000000000000000, -7.861082666726188606, 0.5774980344841323943 ) ) ;
#816 = EDGE_CURVE ( 'NONE', #1894, #1747, #2583, .T. ) ;
#817 = DIRECTION ( 'NONE',  ( 0.000000000000000000, 0.000000000000000000, 1.000000000000000000 ) ) ;
#818 = EDGE_CURVE ( 'NONE', #692, #3357, #1469, .T. ) ;
#819 = CARTESIAN_POINT ( 'NONE',  ( 12.96885084570459945, 6.729889358241059050, -9.086338423935799824 ) ) ;
#820 = B_SPLINE_CURVE_WITH_KNOTS ( 'NONE', 3,
 ( #994, #2839, #2007, #1800, #2855, #465, #1483, #1496 ),
 .UNSPECIFIED., .F., .F.,
 ( 4, 2, 2, 4 ),
 ( 5.485677294651095664E-18, 0.002454755440198682932, 0.004909510880397359792, 0.009819021760794709175 ),
 .UNSPECIFIED. ) ;
#821 = CARTESIAN_POINT ( 'NONE',  ( 12.75000000000000178, -2.204034631566447633, 7.567850158122307214 ) ) ;
#822 = CARTESIAN_POINT ( 'NONE',  ( 4.079442220925580287, 11.78659685671730095, -16.25344276586236347 ) ) ;
#823 = ORIENTED_EDGE ( 'NONE', *, *, #1533, .T. ) ;
#824 = CARTESIAN_POINT ( 'NONE',  ( 15.04783992931010950, -2.558662790094663464, -1.028189173550346558 ) ) ;
#825 = DIRECTION ( 'NONE',  ( -0.6124920114310995478, -0.6057412236299625219, 0.5078691819045152434 ) ) ;
#826 = DIRECTION ( 'NONE',  ( 1.000000000000000000, 0.000000000000000000, -1.028723352537439825E-16 ) ) ;
#827 = ORIENTED_EDGE ( 'NONE', *, *, #2838, .T. ) ;
#828 = CARTESIAN_POINT ( 'NONE',  ( -14.00000000000000000, -2.999999999999778844, -5.196152422707013052 ) ) ;
#829 = EDGE_LOOP ( 'NONE', ( #2290, #1737 ) ) ;
#830 = PLANE ( 'NONE',  #1353 ) ;
#831 = PLANE ( 'NONE',  #1238 ) ;
#832 = DIRECTION ( 'NONE',  ( 1.000000000000000000, -0.000000000000000000, -1.028723352537439825E-16 ) ) ;
#833 = ORIENTED_EDGE ( 'NONE', *, *, #3295, .F. ) ;
#834 = CARTESIAN_POINT ( 'NONE',  ( -12.50000000000000000, -7.940334677664685259, -1.054061962358086690 ) ) ;
#835 = CARTESIAN_POINT ( 'NONE',  ( 6.912496863399733016, -10.73205779687333816, -15.26447376544526513 ) ) ;
#836 = DIRECTION ( 'NONE',  ( 0.000000000000000000, 0.000000000000000000, -1.000000000000000000 ) ) ;
#837 = FILL_AREA_STYLE_COLOUR ( '', #2886 ) ;
#838 = CARTESIAN_POINT ( 'NONE',  ( 5.714185879941065416, 11.54036195049475921, -16.13426379934413291 ) ) ;
#839 = ORIENTED_EDGE ( 'NONE', *, *, #928, .T. ) ;
#840 = B_SPLINE_CURVE_WITH_KNOTS ( 'NONE', 3,
 ( #2654, #1009, #256, #271 ),
 .UNSPECIFIED., .F., .F.,
 ( 4, 4 ),
 ( 8.673617379884035472E-19, 0.0005795313299750934647 ),
 .UNSPECIFIED. ) ;
#841 = CIRCLE ( 'NONE', #1748, 1.099999999999999867 ) ;
#842 = DIRECTION ( 'NONE',  ( 1.000000000000000000, 0.000000000000000000, 0.000000000000000000 ) ) ;
#843 = CARTESIAN_POINT ( 'NONE',  ( 12.50000000000000178, -7.981084969934605589, -1.056010599984981368 ) ) ;
#844 = VECTOR ( 'NONE', #428, 1000.000000000000000 ) ;
#845 = CARTESIAN_POINT ( 'NONE',  ( -14.06599163315123846, 5.611644522647130984, 1.713424366862485559 ) ) ;
#846 = EDGE_LOOP ( 'NONE', ( #2273, #2883, #102, #991 ) ) ;
#847 = ADVANCED_BREP_SHAPE_REPRESENTATION ( '腰部连接件迭代', ( #1823, #3339 ), #2914 ) ;
#848 = ORIENTED_EDGE ( 'NONE', *, *, #1118, .T. ) ;
#849 = CARTESIAN_POINT ( 'NONE',  ( 4.764993072368731042, 28.00000000000001776, -21.00000000000001066 ) ) ;
#850 = CARTESIAN_POINT ( 'NONE',  ( 5.261028398177893806, -11.72516231960953625, -16.30660526288364309 ) ) ;
#851 = CIRCLE ( 'NONE', #2093, 0.8999999999999998002 ) ;
#852 = CARTESIAN_POINT ( 'NONE',  ( -13.58633797482838901, -3.328670145709410555, 6.050573445713729015 ) ) ;
#853 = CIRCLE ( 'NONE', #3416, 0.2500000000000000000 ) ;
#854 = VERTEX_POINT ( 'NONE', #2775 ) ;
#855 = CARTESIAN_POINT ( 'NONE',  ( 5.338326978230556463, 0.9065836968503286908, -15.87699131388673202 ) ) ;
#856 = CARTESIAN_POINT ( 'NONE',  ( -2.578376087421286655, -12.10657641522028172, -16.55828911415471083 ) ) ;
#857 = CARTESIAN_POINT ( 'NONE',  ( -13.60502259529817515, 6.864904776419766819, 0.3024739301035956340 ) ) ;
#858 = AXIS2_PLACEMENT_3D ( 'NONE', #189, #3383, #144 ) ;
#859 =( LENGTH_UNIT ( ) NAMED_UNIT ( * ) SI_UNIT ( .MILLI., .METRE. ) );
#860 = EDGE_CURVE ( 'NONE', #530, #2520, #381, .T. ) ;
#861 = CARTESIAN_POINT ( 'NONE',  ( 12.50000000000000000, 0.000000000000000000, -3.857712572015399644E-15 ) ) ;
#862 = EDGE_LOOP ( 'NONE', ( #823, #2731, #2862, #1731, #2582, #375 ) ) ;
#863 = DIRECTION ( 'NONE',  ( -1.836638480190444758E-16, 0.000000000000000000, -1.000000000000000000 ) ) ;
#864 = DIRECTION ( 'NONE',  ( 0.000000000000000000, 0.000000000000000000, -1.000000000000000000 ) ) ;
#865 = ADVANCED_FACE ( 'NONE', ( #154 ), #956, .F. ) ;
#866 = CARTESIAN_POINT ( 'NONE',  ( -12.22911589676287392, -7.491769889242288372, -10.69937034286217248 ) ) ;
#867 = EDGE_LOOP ( 'NONE', ( #1589, #1725, #2459, #2900, #3203, #3389 ) ) ;
#868 = B_SPLINE_CURVE_WITH_KNOTS ( 'NONE', 3,
 ( #1733, #1202, #1182, #901 ),
 .UNSPECIFIED., .F., .F.,
 ( 4, 4 ),
 ( 8.131516293641282292E-19, 5.494600674169940804E-05 ),
 .UNSPECIFIED. ) ;
#869 = ORIENTED_EDGE ( 'NONE', *, *, #788, .F. ) ;
#870 = CARTESIAN_POINT ( 'NONE',  ( 12.50000000000000000, 7.861082666726198376, 0.5774980344841296187 ) ) ;
#871 = CARTESIAN_POINT ( 'NONE',  ( -15.40468664080962569, -2.999999999999952482, -4.296152422706661866 ) ) ;
#872 = DIRECTION ( 'NONE',  ( -1.000000000000000000, 0.000000000000000000, 0.000000000000000000 ) ) ;
#873 = VERTEX_POINT ( 'NONE', #3147 ) ;
#874 = CARTESIAN_POINT ( 'NONE',  ( 2.122546713859750689, 4.981399011611634897, -16.62058062177695916 ) ) ;
#875 = CARTESIAN_POINT ( 'NONE',  ( -4.218832937534020111, -12.00999990379983906, -16.57679085545620623 ) ) ;
#876 = CARTESIAN_POINT ( 'NONE',  ( 12.50000000000000000, -6.616321703321256464, -9.045026257562769345 ) ) ;
#877 = CARTESIAN_POINT ( 'NONE',  ( -14.00000000000000000, 6.000000000000000000, -7.347880794884118750E-16 ) ) ;
#878 = DIRECTION ( 'NONE',  ( -1.836638480190444758E-16, -0.000000000000000000, -1.000000000000000000 ) ) ;
#879 = ORIENTED_EDGE ( 'NONE', *, *, #3394, .F. ) ;
#880 = CARTESIAN_POINT ( 'NONE',  ( -9.681954401149541312, -15.26367969708133288, -13.66829393062868903 ) ) ;
#881 = CARTESIAN_POINT ( 'NONE',  ( 12.42359605156917901, -7.479551699161342881, -9.929891847307834141 ) ) ;
#882 = CARTESIAN_POINT ( 'NONE',  ( -12.77150732612047435, -6.534199545394133501, -10.53337944637283385 ) ) ;
#883 = ORIENTED_EDGE ( 'NONE', *, *, #1645, .T. ) ;
#884 = CARTESIAN_POINT ( 'NONE',  ( 1.100000000000351141, -3.000000000000000000, -27.50000000000001066 ) ) ;
#885 = CARTESIAN_POINT ( 'NONE',  ( -14.16694389471728321, -1.260664761313163185, 5.477812120404075280 ) ) ;
#886 = CARTESIAN_POINT ( 'NONE',  ( 4.764993072368731042, 2.531745297835313657, -27.50000000000001066 ) ) ;
#887 = VERTEX_POINT ( 'NONE', #1821 ) ;
#888 = CARTESIAN_POINT ( 'NONE',  ( 5.395821831086830223, 0.000000000000000000, -15.85709956981940572 ) ) ;
#889 = CARTESIAN_POINT ( 'NONE',  ( -5.220775402317721969, -11.71316995861401900, -16.29669749487521457 ) ) ;
#890 = CARTESIAN_POINT ( 'NONE',  ( -14.00000000000000000, 6.077961531293088804, -0.8966169748774768244 ) ) ;
#891 = CARTESIAN_POINT ( 'NONE',  ( -1.953692687343792041E-15, 0.000000000000000000, 0.5871295828635756386 ) ) ;
#892 = CYLINDRICAL_SURFACE ( 'NONE', #3422, 1.100000000000065814 ) ;
#893 = EDGE_LOOP ( 'NONE', ( #1053, #1466, #2209, #2035 ) ) ;
#894 = FACE_BOUND ( 'NONE', #3237, .T. ) ;
#895 = DIRECTION ( 'NONE',  ( -0.000000000000000000, -0.000000000000000000, 1.000000000000000000 ) ) ;
#896 = CARTESIAN_POINT ( 'NONE',  ( -12.95771957161496069, -6.598625780601344637, -9.495549010590998762 ) ) ;
#897 = CARTESIAN_POINT ( 'NONE',  ( -12.96885084570463320, -6.729889358241168296, -9.086338423935835351 ) ) ;
#898 = VERTEX_POINT ( 'NONE', #2089 ) ;
#899 = CIRCLE ( 'NONE', #3236, 12.93909844839060952 ) ;
#900 = EDGE_LOOP ( 'NONE', ( #1732, #2787, #2640, #779, #567 ) ) ;
#901 = CARTESIAN_POINT ( 'NONE',  ( -5.385974327702094833, 0.3547799049220628498, -15.86044704733552102 ) ) ;
#902 = DIRECTION ( 'NONE',  ( 1.000000000000000000, 0.000000000000000000, -0.000000000000000000 ) ) ;
#903 = ADVANCED_FACE ( 'NONE', ( #1285 ), #776, .T. ) ;
#904 = CARTESIAN_POINT ( 'NONE',  ( -14.00000000000000178, -3.755041041031239590, 4.706343249293596820 ) ) ;
#905 = VERTEX_POINT ( 'NONE', #790 ) ;
#907 = AXIS2_PLACEMENT_3D ( 'NONE', #3193, #2167, #3211 ) ;
#906 = CARTESIAN_POINT ( 'NONE',  ( -1.863636462558641460, 5.068774366520986341, -16.64739595846592835 ) ) ;
#908 = CARTESIAN_POINT ( 'NONE',  ( -9.640370997114283469, -9.440216281613750482, -14.21841181243005892 ) ) ;
#909 = CARTESIAN_POINT ( 'NONE',  ( -6.385974327702107267, 0.3547799049220680678, -27.50000000000001066 ) ) ;
#910 = VECTOR ( 'NONE', #2240, 1000.000000000000000 ) ;
#911 = AXIS2_PLACEMENT_3D ( 'NONE', #587, #2684, #2925 ) ;
#912 = DIRECTION ( 'NONE',  ( -1.000000000000000000, 0.000000000000000000, 1.836638480190444758E-16 ) ) ;
#913 = ORIENTED_EDGE ( 'NONE', *, *, #1668, .F. ) ;
#914 = CARTESIAN_POINT ( 'NONE',  ( -12.49999999999436362, 8.854137043233256676, -1.036835619226564642 ) ) ;
#915 = AXIS2_PLACEMENT_3D ( 'NONE', #531, #3177, #1006 ) ;
#916 = CYLINDRICAL_SURFACE ( 'NONE', #2632, 1.750000000000328626 ) ;
#917 = LINE ( 'NONE', #3287, #2076 ) ;
#918 = CARTESIAN_POINT ( 'NONE',  ( -12.31261573804656706, -6.422533421499368345, -10.41590284860913052 ) ) ;
#919 = ORIENTED_EDGE ( 'NONE', *, *, #200, .T. ) ;
#920 = EDGE_CURVE ( 'NONE', #3220, #487, #1068, .T. ) ;
#921 = CARTESIAN_POINT ( 'NONE',  ( 12.50000000000138378, 8.379937629236605900, -6.099538742485474785 ) ) ;
#922 = DIRECTION ( 'NONE',  ( 1.000000000000000000, 0.000000000000000000, 0.000000000000000000 ) ) ;
#923 = CARTESIAN_POINT ( 'NONE',  ( 0.000000000000000000, 0.000000000000000000, -27.50000000000001066 ) ) ;
#924 = ORIENTED_EDGE ( 'NONE', *, *, #2406, .F. ) ;
#925 = EDGE_CURVE ( 'NONE', #2903, #3091, #2356, .T. ) ;
#926 = DIRECTION ( 'NONE',  ( -1.000000000000000000, -0.000000000000000000, 1.028723352537439825E-16 ) ) ;
#927 = CARTESIAN_POINT ( 'NONE',  ( -1.895926743752431420, 12.43707741231082053, -16.98283832573473262 ) ) ;
#928 = EDGE_CURVE ( 'NONE', #1942, #2375, #2430, .T. ) ;
#929 = CARTESIAN_POINT ( 'NONE',  ( 12.75000000000000178, 6.616321703321405678, -9.045026257562769345 ) ) ;
#930 = ORIENTED_EDGE ( 'NONE', *, *, #3398, .T. ) ;
#931 = DIRECTION ( 'NONE',  ( 0.000000000000000000, 0.000000000000000000, 1.000000000000000000 ) ) ;
#932 = CARTESIAN_POINT ( 'NONE',  ( -1.100000000000012523, -3.000000000000000000, -27.50000000000001066 ) ) ;
#933 = CARTESIAN_POINT ( 'NONE',  ( 2.398017510082119053, -4.846420040642684945, -16.58067570694026927 ) ) ;
#934 = ORIENTED_EDGE ( 'NONE', *, *, #1186, .F. ) ;
#935 = ADVANCED_FACE ( 'NONE', ( #572 ), #1910, .F. ) ;
#936 = ORIENTED_EDGE ( 'NONE', *, *, #1054, .F. ) ;
#937 = DIRECTION ( 'NONE',  ( -1.000000000000000000, 0.000000000000000000, 1.340683420020330129E-16 ) ) ;
#938 = DIRECTION ( 'NONE',  ( 1.000000000000000000, 0.000000000000000000, -3.086170057612319597E-16 ) ) ;
#939 = EDGE_LOOP ( 'NONE', ( #95, #1121, #211, #2232 ) ) ;
#940 = ORIENTED_EDGE ( 'NONE', *, *, #3226, .T. ) ;
#941 = DIRECTION ( 'NONE',  ( 0.000000000000000000, 0.000000000000000000, -1.000000000000000000 ) ) ;
#942 = PRESENTATION_STYLE_ASSIGNMENT (( #399 ) ) ;
#943 = SHAPE_DEFINITION_REPRESENTATION ( #1546, #847 ) ;
#944 = CARTESIAN_POINT ( 'NONE',  ( 4.764993072368731042, 8.097920035528012761, -21.00000000000001066 ) ) ;
#945 = CARTESIAN_POINT ( 'NONE',  ( -12.50000000000000000, 7.940342464388150390, -2.677380958356104568 ) ) ;
#946 = ADVANCED_FACE ( 'NONE', ( #624 ), #831, .F. ) ;
#947 = DIRECTION ( 'NONE',  ( -1.836638480190444758E-16, -0.000000000000000000, -1.000000000000000000 ) ) ;
#948 = CARTESIAN_POINT ( 'NONE',  ( -5.395821831086830223, 6.601790640617593896E-16, -15.85709956981940216 ) ) ;
#949 = ORIENTED_EDGE ( 'NONE', *, *, #1443, .T. ) ;
#950 = EDGE_CURVE ( 'NONE', #2529, #350, #3257, .T. ) ;
#951 = ORIENTED_EDGE ( 'NONE', *, *, #1027, .F. ) ;
#952 = FACE_OUTER_BOUND ( 'NONE', #548, .T. ) ;
#953 = LINE ( 'NONE', #1478, #1688 ) ;
#954 = ORIENTED_EDGE ( 'NONE', *, *, #3258, .F. ) ;
#955 = ORIENTED_EDGE ( 'NONE', *, *, #67, .T. ) ;
#956 = CYLINDRICAL_SURFACE ( 'NONE', #731, 1.100000000000181721 ) ;
#957 = VECTOR ( 'NONE', #1925, 1000.000000000000000 ) ;
#958 = AXIS2_PLACEMENT_3D ( 'NONE', #249, #1316, #2385 ) ;
#959 = CARTESIAN_POINT ( 'NONE',  ( 2.131819124081167249, 12.41524489810942100, -16.96199879358249873 ) ) ;
#960 = AXIS2_PLACEMENT_3D ( 'NONE', #2896, #488, #1552 ) ;
#961 = DIRECTION ( 'NONE',  ( 1.000000000000000000, 0.000000000000000000, 0.000000000000000000 ) ) ;
#963 = CIRCLE ( 'NONE', #1352, 15.22843652030393891 ) ;
#962 = CARTESIAN_POINT ( 'NONE',  ( -15.09283600066246400, -1.600346295239550409, -4.120833696771163623 ) ) ;
#964 = VECTOR ( 'NONE', #3217, 1000.000000000000000 ) ;
#965 = EDGE_CURVE ( 'NONE', #2555, #3023, #2746, .T. ) ;
#966 = CARTESIAN_POINT ( 'NONE',  ( 0.000000000000000000, 0.000000000000000000, 0.000000000000000000 ) ) ;
#967 = CARTESIAN_POINT ( 'NONE',  ( 1.389940481272277602E-15, 0.000000000000000000, 7.567850158122309878 ) ) ;
#968 = EDGE_LOOP ( 'NONE', ( #1108, #2524, #1024, #2736, #3271, #510, #1284, #3414 ) ) ;
#969 = CARTESIAN_POINT ( 'NONE',  ( 12.96245146107276724, 8.030809781973591299, -2.693556649661970059 ) ) ;
#970 = EDGE_CURVE ( 'NONE', #2411, #2648, #1008, .T. ) ;
#971 = CARTESIAN_POINT ( 'NONE',  ( 12.49999999999999645, 7.124520348947088522, -7.494373569928811207 ) ) ;
#972 = CIRCLE ( 'NONE', #1935, 7.882266468024036854 ) ;
#973 = CARTESIAN_POINT ( 'NONE',  ( 11.04552720299155943, 8.182297624385780566, -13.14912914822988199 ) ) ;
#974 = ORIENTED_EDGE ( 'NONE', *, *, #2456, .T. ) ;
#975 = ADVANCED_FACE ( 'NONE', ( #414 ), #1183, .F. ) ;
#976 = B_SPLINE_CURVE_WITH_KNOTS ( 'NONE', 3,
 ( #2865, #1764, #1777, #1250 ),
 .UNSPECIFIED., .F., .F.,
 ( 4, 4 ),
 ( 0.000000000000000000, 0.002065960339549725942 ),
 .UNSPECIFIED. ) ;
#977 = EDGE_LOOP ( 'NONE', ( #1957, #1667, #3363, #3064, #2254 ) ) ;
#978 = CARTESIAN_POINT ( 'NONE',  ( -12.49999999999999822, 2.204034631566460511, 7.567850158122312543 ) ) ;
#979 = CIRCLE ( 'NONE', #3198, 2.750000000000000000 ) ;
#980 = CARTESIAN_POINT ( 'NONE',  ( 4.211785458490848733, 12.01182828706950545, -16.57852248509620807 ) ) ;
#981 = CARTESIAN_POINT ( 'NONE',  ( -5.395821831086830223, 6.601790640617593896E-16, -15.85709956981940216 ) ) ;
#982 = DIRECTION ( 'NONE',  ( 1.836638480190445004E-16, -0.000000000000000000, 1.000000000000000000 ) ) ;
#983 = CARTESIAN_POINT ( 'NONE',  ( 12.96450768588125158, 7.619855861551315002, -5.942756098209970084 ) ) ;
#984 = CARTESIAN_POINT ( 'NONE',  ( 12.49999999999999822, 6.543247202547096464, -9.236343118474820812 ) ) ;
#985 = CARTESIAN_POINT ( 'NONE',  ( -3.149198326146781746, -4.384988455205088620, -16.45195814151699665 ) ) ;
#986 = ORIENTED_EDGE ( 'NONE', *, *, #3352, .T. ) ;
#987 = EDGE_CURVE ( 'NONE', #2555, #1350, #683, .T. ) ;
#988 = CARTESIAN_POINT ( 'NONE',  ( -12.50000000000000178, -7.940334677623414272, -1.054061962358231019 ) ) ;
#989 = CARTESIAN_POINT ( 'NONE',  ( 12.50000000000000000, 7.838276483104438697, -3.503418208697489433 ) ) ;
#990 = CARTESIAN_POINT ( 'NONE',  ( -2.703681331867603177, 5.796261221746092929, -27.50000000000001066 ) ) ;
#991 = ORIENTED_EDGE ( 'NONE', *, *, #2199, .T. ) ;
#992 = ORIENTED_EDGE ( 'NONE', *, *, #3333, .F. ) ;
#993 = DIRECTION ( 'NONE',  ( 1.000000000000000000, 0.000000000000000000, 0.000000000000000000 ) ) ;
#994 = CARTESIAN_POINT ( 'NONE',  ( -12.50000000000000000, 6.616321703321392356, -9.045026257562765792 ) ) ;
#995 = CARTESIAN_POINT ( 'NONE',  ( 12.75000000000000178, 2.204034631566460956, 7.567850158122307214 ) ) ;
#996 = CARTESIAN_POINT ( 'NONE',  ( 4.764993072368731042, 2.531745297835314989, -16.99999999999999645 ) ) ;
#997 = CARTESIAN_POINT ( 'NONE',  ( -14.85424207573548117, -1.852747885061889033, -6.522559330996442917 ) ) ;
#998 = ADVANCED_FACE ( 'NONE', ( #151 ), #2689, .T. ) ;
#999 = CARTESIAN_POINT ( 'NONE',  ( -14.33990501705705967, -4.393233039295358466, -6.261409396584674880 ) ) ;
#1000 = CARTESIAN_POINT ( 'NONE',  ( -0.3522741640548460174, -5.395980855634315176, -16.75005122794310708 ) ) ;
#1001 = ORIENTED_EDGE ( 'NONE', *, *, #255, .F. ) ;
#1002 = CARTESIAN_POINT ( 'NONE',  ( 1.694280744631914535E-13, -3.000000000000000000, -30.40457638090298076 ) ) ;
#1003 = DIRECTION ( 'NONE',  ( -1.000000000000000000, 0.000000000000000000, 1.836638480190444758E-16 ) ) ;
#1004 = CARTESIAN_POINT ( 'NONE',  ( 12.50000000000003375, 6.616321703321500713, -9.045026257562797767 ) ) ;
#1005 = ORIENTED_EDGE ( 'NONE', *, *, #1966, .F. ) ;
#1006 = DIRECTION ( 'NONE',  ( 1.000000000000000000, 0.000000000000000000, 0.000000000000000000 ) ) ;
#1007 = CIRCLE ( 'NONE', #2138, 47.47135173495379235 ) ;
#1009 = CARTESIAN_POINT ( 'NONE',  ( -5.235006927631268958, 7.653701542059307528, -20.87658823107406292 ) ) ;
#1008 = CIRCLE ( 'NONE', #1289, 0.2500000000000000000 ) ;
#1010 = EDGE_CURVE ( 'NONE', #101, #1405, #1219, .T. ) ;
#1011 = EDGE_CURVE ( 'NONE', #1114, #1194, #2807, .T. ) ;
#1012 = CARTESIAN_POINT ( 'NONE',  ( -2.999999999999915623, -8.508143127133993220E-14, -30.40457638090298076 ) ) ;
#1013 = CARTESIAN_POINT ( 'NONE',  ( -15.40468664080962569, -2.999999999999952482, -5.196152422706661334 ) ) ;
#1014 = AXIS2_PLACEMENT_3D ( 'NONE', #1201, #1716, #2819 ) ;
#1015 = CARTESIAN_POINT ( 'NONE',  ( -14.55871275969007073, -4.306366432248976750, -4.026206120384628662 ) ) ;
#1016 = CARTESIAN_POINT ( 'NONE',  ( -9.681954401149539535, 5.221087910968490675, -20.90457638090297721 ) ) ;
#1017 = ORIENTED_EDGE ( 'NONE', *, *, #3241, .T. ) ;
#1018 = AXIS2_PLACEMENT_3D ( 'NONE', #445, #1509, #3069 ) ;
#1019 = DIRECTION ( 'NONE',  ( 0.000000000000000000, 0.000000000000000000, 1.000000000000000000 ) ) ;
#1020 = FACE_BOUND ( 'NONE', #276, .T. ) ;
#1021 = CARTESIAN_POINT ( 'NONE',  ( 12.96885084570463142, 6.729889358241154973, -9.086338423935830022 ) ) ;
#1022 = VERTEX_POINT ( 'NONE', #2553 ) ;
#1023 = EDGE_CURVE ( 'NONE', #2982, #2975, #9, .T. ) ;
#1024 = ORIENTED_EDGE ( 'NONE', *, *, #3224, .F. ) ;
#1025 = CARTESIAN_POINT ( 'NONE',  ( -12.56591074363586458, 6.668374777940107911, -11.11772357165431657 ) ) ;
#1026 = CARTESIAN_POINT ( 'NONE',  ( 0.000000000000000000, 0.000000000000000000, -1.241760900627667752 ) ) ;
#1027 = EDGE_CURVE ( 'NONE', #3220, #310, #2523, .T. ) ;
#1028 = PLANE ( 'NONE',  #2266 ) ;
#1029 = CARTESIAN_POINT ( 'NONE',  ( 2.608664746666203627, -12.09535930234054391, -16.54765322013770046 ) ) ;
#1030 = CARTESIAN_POINT ( 'NONE',  ( 15.04513739856960797, 2.582486395039213622, -1.029448653174052319 ) ) ;
#1031 =( BOUNDED_SURFACE ( )  B_SPLINE_SURFACE ( 3, 2, ( 
 ( #553, #3221, #293 ),
 ( #1391, #610, #3278 ),
 ( #326, #2758, #2510 ),
 ( #311, #364, #2468 ),
 ( #2998, #90, #36 ),
 ( #591, #2690, #69 ),
 ( #343, #1134, #2250 ),
 ( #834, #1913, #1375 ),
 ( #1167, #2437, #1638 ),
 ( #1971, #2722, #2452 ) ),
 .UNSPECIFIED., .F., .F., .T. ) 
 B_SPLINE_SURFACE_WITH_KNOTS ( ( 4, 2, 2, 2, 4 ),
 ( 3, 3 ),
 ( -2.602085213965210642E-18, 0.002431772604689061857, 0.004863545209378126316, 0.007295317814067190341, 0.009727090418756254367 ),
 ( 0.000000000000000000, 1.000000000000000000 ),
 .UNSPECIFIED. ) 
 GEOMETRIC_REPRESENTATION_ITEM ( )  RATIONAL_B_SPLINE_SURFACE ( (
 ( 1.000000000000000000, 0.2495962912200512529, 1.000000000000000000),
 ( 1.000000000000000000, 0.2550383738775787723, 1.000000000000000000),
 ( 1.000000000000000000, 0.2594225460861495081, 1.000000000000000000),
 ( 1.000000000000000000, 0.2664630394256937707, 1.000000000000000000),
 ( 1.000000000000000000, 0.2691208707401442357, 1.000000000000000000),
 ( 1.000000000000000000, 0.2729099342683425355, 1.000000000000000000),
 ( 1.000000000000000000, 0.2740387265080539980, 1.000000000000000000),
 ( 1.000000000000000000, 0.2748022417773508530, 1.000000000000000000),
 ( 1.000000000000000000, 0.2744426485725462439, 1.000000000000000000),
 ( 1.000000000000000000, 0.2733302092803305827, 1.000000000000000000) ) ) 
 REPRESENTATION_ITEM ( '' )  SURFACE ( )  );
#1032 = CARTESIAN_POINT ( 'NONE',  ( 12.96749084240932248, -7.014228425344245288, -8.311891427069818761 ) ) ;
#1033 = CARTESIAN_POINT ( 'NONE',  ( -8.445029093179899249, 10.22261477328956225, -14.91947629345006554 ) ) ;
#1034 = ORIENTED_EDGE ( 'NONE', *, *, #1286, .F. ) ;
#1035 = FACE_OUTER_BOUND ( 'NONE', #2088, .T. ) ;
#1036 = CARTESIAN_POINT ( 'NONE',  ( -12.47897435823722567, -6.742365719277020553, -11.31264198000149079 ) ) ;
#1037 = CARTESIAN_POINT ( 'NONE',  ( 12.48686373868799926, 7.501886151626753652, -9.535266582583195927 ) ) ;
#1038 = VERTEX_POINT ( 'NONE', #2247 ) ;
#1039 = CARTESIAN_POINT ( 'NONE',  ( -11.89350053788986550, 7.318045381078707834, -12.27613722806186303 ) ) ;
#1040 = CYLINDRICAL_SURFACE ( 'NONE', #290, 1.100000000000181721 ) ;
#1041 = CARTESIAN_POINT ( 'NONE',  ( -11.30783980690580215, 7.921902377807625406, -12.93386052899384353 ) ) ;
#1042 = DIRECTION ( 'NONE',  ( -5.334817561673122531E-15, -0.3418514983204300473, 0.9397539854111165436 ) ) ;
#1043 = CARTESIAN_POINT ( 'NONE',  ( 12.96376857773028135, -7.767846497313779075, -5.111733617756261339 ) ) ;
#1044 = ADVANCED_FACE ( 'NONE', ( #181, #2581, #3344, #2294, #1765 ), #2019, .T. ) ;
#1045 = CARTESIAN_POINT ( 'NONE',  ( -2.094352346640801166, 12.17164923206699356, -16.62057902428651346 ) ) ;
#1046 = ORIENTED_EDGE ( 'NONE', *, *, #1096, .F. ) ;
#1047 = MECHANICAL_DESIGN_GEOMETRIC_PRESENTATION_REPRESENTATION (  '', ( #3450 ), #2673 ) ;
#1048 = DIRECTION ( 'NONE',  ( -0.6124920114310988817, 0.6057412236299638542, -0.5078691819045144662 ) ) ;
#1049 = CYLINDRICAL_SURFACE ( 'NONE', #2472, 5.395821831086830223 ) ;
#1050 = FACE_OUTER_BOUND ( 'NONE', #846, .T. ) ;
#1051 = EDGE_CURVE ( 'NONE', #756, #1894, #1918, .T. ) ;
#1052 = CARTESIAN_POINT ( 'NONE',  ( -14.62953085755892246, 4.338187674120733917, -0.5674232630101172514 ) ) ;
#1053 = ORIENTED_EDGE ( 'NONE', *, *, #2406, .T. ) ;
#1054 = EDGE_CURVE ( 'NONE', #26, #2000, #953, .T. ) ;
#1055 = DIRECTION ( 'NONE',  ( -1.000000000000000000, 0.000000000000000000, 1.978035332892873679E-16 ) ) ;
#1056 = ORIENTED_EDGE ( 'NONE', *, *, #1446, .T. ) ;
#1057 = DIRECTION ( 'NONE',  ( -0.000000000000000000, -0.000000000000000000, -1.000000000000000000 ) ) ;
#1058 = VECTOR ( 'NONE', #640, 1000.000000000000000 ) ;
#1059 = CARTESIAN_POINT ( 'NONE',  ( -12.42359605156879354, 7.479551699164217915, -9.929891847307912300 ) ) ;
#1060 = FACE_BOUND ( 'NONE', #1753, .T. ) ;
#1061 = FACE_OUTER_BOUND ( 'NONE', #2845, .T. ) ;
#1062 = VECTOR ( 'NONE', #2399, 1000.000000000000000 ) ;
#1063 = CARTESIAN_POINT ( 'NONE',  ( 10.33279825077441139, -9.093705197356161563, -13.21297108244453788 ) ) ;
#1064 = CARTESIAN_POINT ( 'NONE',  ( 11.55074532189324898, 7.671475759064829703, -12.69343579804863786 ) ) ;
#1065 = CARTESIAN_POINT ( 'NONE',  ( 12.49999999999999645, -7.499007302326329949, -5.892948415069041879 ) ) ;
#1066 = CARTESIAN_POINT ( 'NONE',  ( -6.912496863401212721, 10.73205779687656225, -15.26447376544454571 ) ) ;
#1067 = EDGE_LOOP ( 'NONE', ( #304, #176 ) ) ;
#1068 = CIRCLE ( 'NONE', #3178, 11.00000000000000888 ) ;
#1069 = CARTESIAN_POINT ( 'NONE',  ( -15.40468664080962569, 6.000000000000000000, 0.8999999999999990230 ) ) ;
#1070 = CARTESIAN_POINT ( 'NONE',  ( -12.44273643422180164, 6.417395684976904491, -9.825315411326696946 ) ) ;
#1071 = CARTESIAN_POINT ( 'NONE',  ( -14.53888454599350410, 4.484157445986077128, 0.8895611224581648768 ) ) ;
#1072 = ORIENTED_EDGE ( 'NONE', *, *, #3226, .F. ) ;
#1073 = AXIS2_PLACEMENT_3D ( 'NONE', #2670, #220, #2363 ) ;
#1074 = AXIS2_PLACEMENT_3D ( 'NONE', #909, #1678, #345 ) ;
#1075 = EDGE_CURVE ( 'NONE', #1555, #1313, #1749, .T. ) ;
#1076 = ORIENTED_EDGE ( 'NONE', *, *, #970, .T. ) ;
#1077 = FACE_OUTER_BOUND ( 'NONE', #1625, .T. ) ;
#1078 = DIRECTION ( 'NONE',  ( 8.327634814952352715E-15, -0.9601109260671171208, -0.2796194014129618211 ) ) ;
#1079 = CARTESIAN_POINT ( 'NONE',  ( 0.000000000000000000, 0.000000000000000000, 0.000000000000000000 ) ) ;
#1080 = EDGE_LOOP ( 'NONE', ( #1475, #3374, #2757 ) ) ;
#1081 = CARTESIAN_POINT ( 'NONE',  ( 14.98957971392127497, 2.686592424043223293, 0.5871295828635727521 ) ) ;
#1082 = CARTESIAN_POINT ( 'NONE',  ( 4.275831013104558487, -12.02212930222447795, -16.58810184828345768 ) ) ;
#1083 = CARTESIAN_POINT ( 'NONE',  ( 11.04552720299155588, 8.182297624385773460, -13.14912914822988377 ) ) ;
#1084 = EDGE_CURVE ( 'NONE', #2375, #1184, #2473, .T. ) ;
#1085 = CARTESIAN_POINT ( 'NONE',  ( -0.5560974794633303242, 12.65967086122004837, -16.74919711438529646 ) ) ;
#1086 = ORIENTED_EDGE ( 'NONE', *, *, #3352, .F. ) ;
#1087 = CIRCLE ( 'NONE', #2754, 0.2500000000000002220 ) ;
#1088 = CARTESIAN_POINT ( 'NONE',  ( 15.07746315273686122, -2.379410064233444366, -1.393677149215610811 ) ) ;
#1089 = CARTESIAN_POINT ( 'NONE',  ( 12.49999999999999645, -7.499007301892822497, -5.892948415035709431 ) ) ;
#1090 = CARTESIAN_POINT ( 'NONE',  ( -13.93086868958614666, -2.271692263796573297, 5.749015641624152906 ) ) ;
#1091 = EDGE_LOOP ( 'NONE', ( #2329, #2402, #2152, #2956, #2751, #848, #152, #3038, #61, #2771, #3447 ) ) ;
#1092 = CARTESIAN_POINT ( 'NONE',  ( -14.93655098700514827, -2.886536053937982960, -3.446152422705051066 ) ) ;
#1093 = ORIENTED_EDGE ( 'NONE', *, *, #2220, .F. ) ;
#1094 = DIRECTION ( 'NONE',  ( 0.000000000000000000, 0.000000000000000000, 1.000000000000000000 ) ) ;
#1095 = CARTESIAN_POINT ( 'NONE',  ( -10.36025983718806209, -8.827911696076272463, -13.69047083238065987 ) ) ;
#1096 = EDGE_CURVE ( 'NONE', #2436, #116, #341, .T. ) ;
#1097 = DIRECTION ( 'NONE',  ( 0.000000000000000000, 0.000000000000000000, 1.000000000000000000 ) ) ;
#1098 = ORIENTED_EDGE ( 'NONE', *, *, #3254, .T. ) ;
#1099 = CARTESIAN_POINT ( 'NONE',  ( 4.620416402765510355, 2.795818054011968368, -16.10052342165275974 ) ) ;
#1100 = CARTESIAN_POINT ( 'NONE',  ( 10.04679271914770844, -8.685350368841277202, -13.42854637982230237 ) ) ;
#1101 = CARTESIAN_POINT ( 'NONE',  ( 15.23971408995153709, -3.944302257673206053E-15, -2.750000000000004441 ) ) ;
#1102 = CARTESIAN_POINT ( 'NONE',  ( 12.50000000000000000, -7.981068725941415920, -1.055789492018350595 ) ) ;
#1103 = CARTESIAN_POINT ( 'NONE',  ( 5.526262448016926676, 11.32747953943189856, -15.81971968405237305 ) ) ;
#1104 = VERTEX_POINT ( 'NONE', #679 ) ;
#1105 = DIRECTION ( 'NONE',  ( -0.000000000000000000, -0.000000000000000000, -1.000000000000000000 ) ) ;
#1106 = CARTESIAN_POINT ( 'NONE',  ( -11.16395735093680663, 7.538686000906853479, -12.46371409017274878 ) ) ;
#1107 = CARTESIAN_POINT ( 'NONE',  ( -14.57541715246096103, 4.530385903441734641, -0.9608873349154202215 ) ) ;
#1108 = ORIENTED_EDGE ( 'NONE', *, *, #1598, .F. ) ;
#1109 = EDGE_LOOP ( 'NONE', ( #3428, #2788 ) ) ;
#1110 = CARTESIAN_POINT ( 'NONE',  ( -9.681954401149541312, 5.727423584783560173, -20.34759515940072561 ) ) ;
#1111 = DIRECTION ( 'NONE',  ( 1.000000000000000000, -0.000000000000000000, -0.000000000000000000 ) ) ;
#1112 = CARTESIAN_POINT ( 'NONE',  ( -13.93427545459477912, -3.838615465171839158, 4.835173258268322449 ) ) ;
#1113 = ADVANCED_FACE ( 'NONE', ( #163 ), #1736, .T. ) ;
#1114 = VERTEX_POINT ( 'NONE', #490 ) ;
#1115 = CARTESIAN_POINT ( 'NONE',  ( 4.500699139432886575, 2.984829859868328494, -16.13458750098393324 ) ) ;
#1116 = CARTESIAN_POINT ( 'NONE',  ( 1.836716280557624703, -12.20344462386581874, -16.65101174583390176 ) ) ;
#1117 = CARTESIAN_POINT ( 'NONE',  ( -3.703681331867603177, 5.632811909789705140, -18.34495557247738873 ) ) ;
#1118 = EDGE_CURVE ( 'NONE', #2774, #1405, #626, .T. ) ;
#1119 = SURFACE_SIDE_STYLE ('',( #2966 ) ) ;
#1120 = CARTESIAN_POINT ( 'NONE',  ( -2.357591362951395375, 4.854256602889972072, -16.58343290887231092 ) ) ;
#1121 = ORIENTED_EDGE ( 'NONE', *, *, #2779, .T. ) ;
#1122 = PLANE ( 'NONE',  #1190 ) ;
#1123 = CARTESIAN_POINT ( 'NONE',  ( 12.00270872164609592, -7.205532885352945449, -12.12856131318638298 ) ) ;
#1124 = CIRCLE ( 'NONE', #1180, 0.8999999999999998002 ) ;
#1125 = CARTESIAN_POINT ( 'NONE',  ( 15.23971408995153709, -3.944302257673206053E-15, -2.750000000000004441 ) ) ;
#1126 = ORIENTED_EDGE ( 'NONE', *, *, #3441, .F. ) ;
#1127 = CIRCLE ( 'NONE', #2534, 1.100000000000181721 ) ;
#1128 = ORIENTED_EDGE ( 'NONE', *, *, #2109, .T. ) ;
#1129 = DIRECTION ( 'NONE',  ( 0.000000000000000000, -1.000000000000000000, 0.000000000000000000 ) ) ;
#1130 = CARTESIAN_POINT ( 'NONE',  ( 8.019105165120318901, -10.47362609327989524, -15.14761183009420265 ) ) ;
#1131 = DIRECTION ( 'NONE',  ( 1.000000000000000000, -0.000000000000000000, -0.000000000000000000 ) ) ;
#1132 = CIRCLE ( 'NONE', #2362, 0.2499999999999993616 ) ;
#1133 = EDGE_LOOP ( 'NONE', ( #1962, #1204, #2681, #1921 ) ) ;
#1134 = CARTESIAN_POINT ( 'NONE',  ( -12.50000000000000000, -8.775510801397579996, -2.737912557309370776 ) ) ;
#1135 = CARTESIAN_POINT ( 'NONE',  ( -10.96346025474035280, -8.502322057732724758, -12.66845941919059371 ) ) ;
#1136 = CARTESIAN_POINT ( 'NONE',  ( -13.73758452921281048, 6.645918921062529350, -0.6465060707744467727 ) ) ;
#1137 = CARTESIAN_POINT ( 'NONE',  ( 3.000000000000084821, 8.471403723159572676E-14, -30.40457638090298076 ) ) ;
#1138 = ORIENTED_EDGE ( 'NONE', *, *, #673, .F. ) ;
#1139 = SPHERICAL_SURFACE ( 'NONE', #1627, 0.2500000000000000000 ) ;
#1140 = CARTESIAN_POINT ( 'NONE',  ( 11.72978399581428910, -7.825335591243487876, -11.74640281393794972 ) ) ;
#1141 = CARTESIAN_POINT ( 'NONE',  ( 5.221765169522801564, -1.404592366385051472, -15.91543278742087786 ) ) ;
#1142 = ORIENTED_EDGE ( 'NONE', *, *, #410, .F. ) ;
#1143 =( BOUNDED_SURFACE ( )  B_SPLINE_SURFACE ( 3, 2, ( 
 ( #2397, #482, #1619 ),
 ( #1100, #1063, #3186 ),
 ( #774, #1856, #2180 ),
 ( #2143, #796, #1880 ),
 ( #2930, #521, #2691 ),
 ( #835, #1585, #294 ),
 ( #2655, #1291, #257 ),
 ( #1545, #1600, #2438 ),
 ( #1339, #2617, #1082 ),
 ( #37, #3222, #3423 ),
 ( #1029, #2107, #3150 ),
 ( #1676, #1657, #107 ),
 ( #1116, #1721, #611 ),
 ( #1168, #2984, #2470 ),
 ( #592, #2740, #1191 ),
 ( #2999, #91, #344 ),
 ( #1392, #1938, #1413 ),
 ( #1434, #70, #50 ),
 ( #856, #2723, #2234 ),
 ( #1150, #3017, #3279 ),
 ( #3262, #2251, #875 ),
 ( #1376, #2964, #889 ),
 ( #2759, #3298, #1972 ),
 ( #3040, #630, #327 ),
 ( #3318, #576, #1700 ),
 ( #365, #2492, #908 ),
 ( #2511, #1991, #2454 ),
 ( #650, #1135, #2776 ) ),
 .UNSPECIFIED., .F., .F., .T. ) 
 B_SPLINE_SURFACE_WITH_KNOTS ( ( 4, 2, 2, 2, 2, 2, 2, 2, 2, 2, 2, 2, 2, 4 ),
 ( 3, 3 ),
 ( -1.734723475976807094E-18, 0.003160874333093385054, 0.004741311499640078232, 0.006321748666186771844, 0.009482622999280158199, 0.01027284158255350500, 0.01106306016582685181, 0.01264349733237354542, 0.01422393449892023730, 0.01580437166546692918, 0.01738480883201362279, 0.01896524599856031640, 0.02212612033165370362, 0.02528699466474709084 ),
 ( 0.000000000000000000, 1.000000000000000000 ),
 .UNSPECIFIED. ) 
 GEOMETRIC_REPRESENTATION_ITEM ( )  RATIONAL_B_SPLINE_SURFACE ( (
 ( 1.000000000000000000, 0.3939602675159956102, 1.000000000000000000),
 ( 1.000000000000000000, 0.4189494888879632950, 1.000000000000000000),
 ( 1.000000000000000000, 0.4425521652004674733, 1.000000000000000000),
 ( 1.000000000000000000, 0.4751532513490210885, 1.000000000000000000),
 ( 1.000000000000000000, 0.4855519067069145045, 1.000000000000000000),
 ( 1.000000000000000000, 0.5052292292161179033, 1.000000000000000000),
 ( 1.000000000000000000, 0.5145362255559667863, 1.000000000000000000),
 ( 1.000000000000000000, 0.5397952090859000629, 1.000000000000000000),
 ( 1.000000000000000000, 0.5533479699661606466, 1.000000000000000000),
 ( 1.000000000000000000, 0.5651238856460713000, 1.000000000000000000),
 ( 1.000000000000000000, 0.5672195630599307092, 1.000000000000000000),
 ( 1.000000000000000000, 0.5708045433955420966, 1.000000000000000000),
 ( 1.000000000000000000, 0.5723034265194166803, 1.000000000000000000),
 ( 1.000000000000000000, 0.5759168499201202662, 1.000000000000000000),
 ( 1.000000000000000000, 0.5771491122959556686, 1.000000000000000000),
 ( 1.000000000000000000, 0.5772234136527051307, 1.000000000000000000),
 ( 1.000000000000000000, 0.5760637025701691449, 1.000000000000000000),
 ( 1.000000000000000000, 0.5712925899323968437, 1.000000000000000000),
 ( 1.000000000000000000, 0.5677365990817921926, 1.000000000000000000),
 ( 1.000000000000000000, 0.5585011560654955520, 1.000000000000000000),
 ( 1.000000000000000000, 0.5528213827714352213, 1.000000000000000000),
 ( 1.000000000000000000, 0.5395005621019430819, 1.000000000000000000),
 ( 1.000000000000000000, 0.5318123360235946784, 1.000000000000000000),
 ( 1.000000000000000000, 0.5065892633161315217, 1.000000000000000000),
 ( 1.000000000000000000, 0.4868386438312385378, 1.000000000000000000),
 ( 1.000000000000000000, 0.4428718694424873537, 1.000000000000000000),
 ( 1.000000000000000000, 0.4189298942934301384, 1.000000000000000000),
 ( 1.000000000000000000, 0.3939602675159917244, 1.000000000000000000) ) ) 
 REPRESENTATION_ITEM ( '' )  SURFACE ( )  );
#1144 = ORIENTED_EDGE ( 'NONE', *, *, #1556, .F. ) ;
#1145 = CARTESIAN_POINT ( 'NONE',  ( -1.899999999999779643, -8.508143127133993220E-14, -30.40457638090298076 ) ) ;
#1146 = CARTESIAN_POINT ( 'NONE',  ( -7.126754890474817472, -10.96892150844483282, -15.60113596210091735 ) ) ;
#1147 = CARTESIAN_POINT ( 'NONE',  ( 11.04552720299155588, -8.182297624385777013, -13.14912914822988377 ) ) ;
#1148 = ORIENTED_EDGE ( 'NONE', *, *, #2270, .T. ) ;
#1149 = CARTESIAN_POINT ( 'NONE',  ( 3.633790421349072375, 4.013794470982522178, -16.35411173160413156 ) ) ;
#1150 = CARTESIAN_POINT ( 'NONE',  ( -3.585502859935174147, -11.90885990739135281, -16.36976270070880091 ) ) ;
#1151 = CARTESIAN_POINT ( 'NONE',  ( -13.68410164281567276, 6.682113519090804310, 0.5871295828635773040 ) ) ;
#1152 = DIRECTION ( 'NONE',  ( -0.000000000000000000, -0.000000000000000000, -1.000000000000000000 ) ) ;
#1153 = CARTESIAN_POINT ( 'NONE',  ( -3.497645133712334431, 5.165731425522624320, -16.38095985686893385 ) ) ;
#1154 = ORIENTED_EDGE ( 'NONE', *, *, #3127, .T. ) ;
#1155 = DIRECTION ( 'NONE',  ( 0.000000000000000000, -1.000000000000000000, 0.000000000000000000 ) ) ;
#1156 = EDGE_CURVE ( 'NONE', #661, #1767, #2092, .T. ) ;
#1157 = DIRECTION ( 'NONE',  ( -0.000000000000000000, -0.000000000000000000, 1.000000000000000000 ) ) ;
#1158 = CARTESIAN_POINT ( 'NONE',  ( 11.44485701715896298, -8.068808223225842013, -12.15815999467199937 ) ) ;
#1159 = CARTESIAN_POINT ( 'NONE',  ( 3.297402482248797284, -4.285765611227053462, -16.42496059450570556 ) ) ;
#1160 = ORIENTED_EDGE ( 'NONE', *, *, #203, .T. ) ;
#1161 = CARTESIAN_POINT ( 'NONE',  ( 12.50000000000000000, 7.921008172053077168, -0.2382265657546895343 ) ) ;
#1162 = CARTESIAN_POINT ( 'NONE',  ( 11.55156087839229606, -7.670632385767505390, -12.69269914066210347 ) ) ;
#1163 = CARTESIAN_POINT ( 'NONE',  ( -4.211785458490844292, -12.01182828706950900, -16.57852248509621162 ) ) ;
#1164 = CARTESIAN_POINT ( 'NONE',  ( -8.254823189887430246, 7.354779904922066791, -14.57464902162987919 ) ) ;
#1165 = B_SPLINE_CURVE_WITH_KNOTS ( 'NONE', 3,
 ( #890, #2760, #3240, #1136, #612, #51, #1415, #857, #1702, #1151 ),
 .UNSPECIFIED., .F., .F.,
 ( 4, 2, 2, 2, 4 ),
 ( 0.002189091105052245328, 0.002700111918832950528, 0.003211132732613655727, 0.003722153546394360926, 0.004233174360175066125 ),
 .UNSPECIFIED. ) ;
#1166 = ORIENTED_EDGE ( 'NONE', *, *, #1727, .T. ) ;
#1167 = CARTESIAN_POINT ( 'NONE',  ( -12.49999999999999822, -7.921008172045834073, -0.2382265657549414994 ) ) ;
#1168 = CARTESIAN_POINT ( 'NONE',  ( 1.062380255653265326, -12.27998901303543811, -16.72431534063663960 ) ) ;
#1169 = CARTESIAN_POINT ( 'NONE',  ( -2.480959409916914993, 4.816253831161023236, -17.02107265089805921 ) ) ;
#1170 = DIRECTION ( 'NONE',  ( -1.000000000000000000, -0.000000000000000000, 3.086170057612319597E-16 ) ) ;
#1171 = CARTESIAN_POINT ( 'NONE',  ( -10.69148936170213737, -8.038243187928575395, -12.89397360120649338 ) ) ;
#1172 = EDGE_LOOP ( 'NONE', ( #2018, #2049, #2467, #936 ) ) ;
#1173 = CARTESIAN_POINT ( 'NONE',  ( 1.099999999999999867, 3.000000000000000000, -30.40457638090298076 ) ) ;
#1174 = DIRECTION ( 'NONE',  ( -0.000000000000000000, 1.000000000000000000, -0.000000000000000000 ) ) ;
#1175 = FACE_OUTER_BOUND ( 'NONE', #491, .T. ) ;
#1176 = LINE ( 'NONE', #2482, #2960 ) ;
#1177 = VERTEX_POINT ( 'NONE', #2083 ) ;
#1178 = AXIS2_PLACEMENT_3D ( 'NONE', #1500, #719, #2592 ) ;
#1179 = AXIS2_PLACEMENT_3D ( 'NONE', #2904, #2412, #2465 ) ;
#1180 = AXIS2_PLACEMENT_3D ( 'NONE', #1631, #2427, #43 ) ;
#1181 = CARTESIAN_POINT ( 'NONE',  ( 12.49999999999583089, 7.795175141283475995, -8.576986428090565440 ) ) ;
#1182 = CARTESIAN_POINT ( 'NONE',  ( -5.385974327702101938, 0.3363503429382270760, -15.86044704733554767 ) ) ;
#1183 = CYLINDRICAL_SURFACE ( 'NONE', #124, 0.9000000000000005773 ) ;
#1184 = VERTEX_POINT ( 'NONE', #1817 ) ;
#1185 = AXIS2_PLACEMENT_3D ( 'NONE', #923, #3292, #902 ) ;
#1186 = EDGE_CURVE ( 'NONE', #1234, #2189, #755, .T. ) ;
#1187 = EDGE_CURVE ( 'NONE', #1747, #2190, #1510, .T. ) ;
#1188 = ORIENTED_EDGE ( 'NONE', *, *, #691, .T. ) ;
#1190 = AXIS2_PLACEMENT_3D ( 'NONE', #2206, #863, #332 ) ;
#1189 = CARTESIAN_POINT ( 'NONE',  ( 0.000000000000000000, 3.000000000000000000, -30.40457638090298076 ) ) ;
#1191 = CARTESIAN_POINT ( 'NONE',  ( 0.5629570965783580183, -12.54159959700204929, -17.08264244095982676 ) ) ;
#1192 = CARTESIAN_POINT ( 'NONE',  ( 3.000000000000084821, 8.471403723159572676E-14, -30.40457638090298076 ) ) ;
#1193 = CARTESIAN_POINT ( 'NONE',  ( 11.04552720299155055, 8.182297624385775237, -13.14912914822989265 ) ) ;
#1194 = VERTEX_POINT ( 'NONE', #3445 ) ;
#1195 = CARTESIAN_POINT ( 'NONE',  ( -12.96376857772748892, 7.767846497318436683, -5.111733617755808368 ) ) ;
#1196 = ADVANCED_FACE ( 'NONE', ( #1050 ), #2131, .F. ) ;
#1197 = VECTOR ( 'NONE', #2269, 1000.000000000000000 ) ;
#1198 = CARTESIAN_POINT ( 'NONE',  ( 12.71067976504459907, -6.565877658887117718, -10.73032553775378339 ) ) ;
#1199 = CARTESIAN_POINT ( 'NONE',  ( -12.50000000000003730, -7.527804354203772697, -9.376593577025523985 ) ) ;
#1200 = VERTEX_POINT ( 'NONE', #1868 ) ;
#1201 = CARTESIAN_POINT ( 'NONE',  ( -6.385974327702107267, 0.3547799049220680678, -27.50000000000001066 ) ) ;
#1202 = CARTESIAN_POINT ( 'NONE',  ( -5.386483366221275659, 0.3178606484528406773, -15.86027421358815559 ) ) ;
#1203 = DIRECTION ( 'NONE',  ( -0.000000000000000000, -0.000000000000000000, 1.000000000000000000 ) ) ;
#1204 = ORIENTED_EDGE ( 'NONE', *, *, #2785, .T. ) ;
#1205 = FACE_OUTER_BOUND ( 'NONE', #1829, .T. ) ;
#1206 = ORIENTED_EDGE ( 'NONE', *, *, #3254, .F. ) ;
#1207 = DIRECTION ( 'NONE',  ( -0.7518448410750182553, 0.6593400753396388980, 0.000000000000000000 ) ) ;
#1208 = ADVANCED_FACE ( 'NONE', ( #2921 ), #2663, .T. ) ;
#1209 = CARTESIAN_POINT ( 'NONE',  ( -5.385974327702094833, 0.3547799049220628498, -15.86044704733552102 ) ) ;
#1210 =( LENGTH_UNIT ( ) NAMED_UNIT ( * ) SI_UNIT ( .MILLI., .METRE. ) );
#1211 = EDGE_CURVE ( 'NONE', #2536, #1038, #3121, .T. ) ;
#1212 = CARTESIAN_POINT ( 'NONE',  ( 14.98957971392127497, -2.686592424043223293, 0.5871295828635727521 ) ) ;
#1213 = CARTESIAN_POINT ( 'NONE',  ( -12.96634759252083491, 7.247189218762034812, -7.522323291584002369 ) ) ;
#1214 = DIRECTION ( 'NONE',  ( -1.000000000000000000, 0.000000000000000000, 1.028723352537439825E-16 ) ) ;
#1215 = CARTESIAN_POINT ( 'NONE',  ( 1.745797191388043679, -5.108672059136843302, -16.65964317448522536 ) ) ;
#1216 = ORIENTED_EDGE ( 'NONE', *, *, #2498, .T. ) ;
#1217 = CARTESIAN_POINT ( 'NONE',  ( 12.96885084570459945, 6.729889358241059050, -9.086338423935799824 ) ) ;
#1218 = CARTESIAN_POINT ( 'NONE',  ( 10.69148936170213560, -8.038243187928570066, -12.89397360120649694 ) ) ;
#1219 = LINE ( 'NONE', #1492, #3072 ) ;
#1220 = EDGE_LOOP ( 'NONE', ( #3266, #1595, #2997, #1792, #3191 ) ) ;
#1221 = CARTESIAN_POINT ( 'NONE',  ( -12.96264529834739321, -7.992190295667326971, 0.5871295828635779701 ) ) ;
#1222 = EDGE_CURVE ( 'NONE', #1114, #2529, #1124, .T. ) ;
#1223 = B_SPLINE_CURVE_WITH_KNOTS ( 'NONE', 3,
 ( #2114, #3155, #766, #1845, #1573, #2643, #247, #1314, #3443, #3375, #1088, #824, #564, #5, #301, #42, #263, #804 ),
 .UNSPECIFIED., .F., .F.,
 ( 4, 2, 2, 2, 2, 2, 2, 2, 4 ),
 ( 0.004895551258690974614, 0.005507213992874160011, 0.006118876727057345408, 0.006730539461240531672, 0.007342202195423716202, 0.007953864929606901599, 0.008565527663790088730, 0.009177190397973274127, 0.009788853132156457790 ),
 .UNSPECIFIED. ) ;
#1224 = CARTESIAN_POINT ( 'NONE',  ( -12.75000000000000000, 0.000000000000000000, 1.311622274485235706E-15 ) ) ;
#1225 = CARTESIAN_POINT ( 'NONE',  ( -14.61497296274891688, -2.999999999999772182, -6.946152422707341678 ) ) ;
#1226 = EDGE_CURVE ( 'NONE', #1849, #2554, #3325, .T. ) ;
#1227 = CARTESIAN_POINT ( 'NONE',  ( 12.11283826793179585, 6.558851762491340054, -10.98422693818211471 ) ) ;
#1228 = CARTESIAN_POINT ( 'NONE',  ( -9.649694444501292878, 9.432137853102672054, -14.21140368580050328 ) ) ;
#1229 = ORIENTED_EDGE ( 'NONE', *, *, #2547, .F. ) ;
#1230 = EDGE_LOOP ( 'NONE', ( #321, #2811 ) ) ;
#1231 = CARTESIAN_POINT ( 'NONE',  ( 12.50000000000000178, 7.940334677623403614, -1.054061962358232574 ) ) ;
#1232 = CIRCLE ( 'NONE', #4, 5.395821831086830223 ) ;
#1233 = CARTESIAN_POINT ( 'NONE',  ( 10.96346025474035990, 8.502322057732728311, -12.66845941919058838 ) ) ;
#1234 = VERTEX_POINT ( 'NONE', #2445 ) ;
#1235 = AXIS2_PLACEMENT_3D ( 'NONE', #1378, #1974, #1955 ) ;
#1236 = ORIENTED_EDGE ( 'NONE', *, *, #608, .T. ) ;
#1237 = CARTESIAN_POINT ( 'NONE',  ( -14.00000000000000000, -2.999999999999952482, -5.196152422706661334 ) ) ;
#1238 = AXIS2_PLACEMENT_3D ( 'NONE', #308, #2703, #1372 ) ;
#1239 = CARTESIAN_POINT ( 'NONE',  ( -2.161894383050390722, 12.40465241659808626, -16.95190794874296358 ) ) ;
#1240 = DIRECTION ( 'NONE',  ( 0.000000000000000000, 0.000000000000000000, 1.000000000000000000 ) ) ;
#1241 = CARTESIAN_POINT ( 'NONE',  ( 0.000000000000000000, 0.000000000000000000, 0.000000000000000000 ) ) ;
#1242 = CARTESIAN_POINT ( 'NONE',  ( 10.04889639509658217, -8.683238828891873595, -13.42680204330327776 ) ) ;
#1243 = CARTESIAN_POINT ( 'NONE',  ( -14.83492799880670354, -1.940899071386262387, -6.593908211461293689 ) ) ;
#1244 = CIRCLE ( 'NONE', #3078, 0.9000000000000005773 ) ;
#1245 = CARTESIAN_POINT ( 'NONE',  ( 11.16318228061310158, 7.539523923254394688, -12.46442266436893398 ) ) ;
#1246 = CARTESIAN_POINT ( 'NONE',  ( -1.744394675677451989, -5.118438473614889794, -16.66220392156880337 ) ) ;
#1247 = ORIENTED_EDGE ( 'NONE', *, *, #1872, .T. ) ;
#1248 = VECTOR ( 'NONE', #2193, 1000.000000000000000 ) ;
#1249 = CARTESIAN_POINT ( 'NONE',  ( -12.50000000000000355, -7.635763236763634332, -5.116841737429757231 ) ) ;
#1250 = CARTESIAN_POINT ( 'NONE',  ( -3.703681331867603177, 5.796261221746092929, -18.48268814991502040 ) ) ;
#1251 = AXIS2_PLACEMENT_3D ( 'NONE', #3070, #2841, #685 ) ;
#1252 = CARTESIAN_POINT ( 'NONE',  ( -3.703681331867603177, 7.354779904922067679, -19.83886352160698863 ) ) ;
#1253 = EDGE_LOOP ( 'NONE', ( #140, #3270, #1662, #2369 ) ) ;
#1254 = CARTESIAN_POINT ( 'NONE',  ( 12.75000000000000178, -2.204034631566461400, 7.567850158122307214 ) ) ;
#1255 = CARTESIAN_POINT ( 'NONE',  ( 15.40468664080963634, 0.000000000000000000, 2.749999999999995115 ) ) ;
#1256 = AXIS2_PLACEMENT_3D ( 'NONE', #3037, #647, #1719 ) ;
#1257 = CARTESIAN_POINT ( 'NONE',  ( 2.661660435874901864, 12.33828051628332467, -16.88858946811117789 ) ) ;
#1258 = CARTESIAN_POINT ( 'NONE',  ( -6.385974327702107267, 0.3547799049220680678, -27.50000000000001066 ) ) ;
#1259 = FACE_OUTER_BOUND ( 'NONE', #2032, .T. ) ;
#1260 = CARTESIAN_POINT ( 'NONE',  ( 12.96224169464460019, 8.072561278482664804, -1.054755881758943081 ) ) ;
#1261 = CARTESIAN_POINT ( 'NONE',  ( 10.69148936170213560, 8.038243187928561184, -12.89397360120649694 ) ) ;
#1262 = CARTESIAN_POINT ( 'NONE',  ( -0.7125276184943241109, -5.360270482296016326, -16.73845149106519514 ) ) ;
#1263 = VERTEX_POINT ( 'NONE', #1125 ) ;
#1264 = DIRECTION ( 'NONE',  ( 0.000000000000000000, -0.9973124733369806982, -0.07326547977372495357 ) ) ;
#1265 = CARTESIAN_POINT ( 'NONE',  ( 12.31077020966119839, -6.423300117168535550, -10.42249007271735728 ) ) ;
#1266 = ORIENTED_EDGE ( 'NONE', *, *, #1630, .F. ) ;
#1267 = DIRECTION ( 'NONE',  ( 1.028723352537439825E-16, 0.000000000000000000, 1.000000000000000000 ) ) ;
#1268 = EDGE_CURVE ( 'NONE', #2554, #1177, #484, .T. ) ;
#1269 = EDGE_CURVE ( 'NONE', #1912, #472, #2208, .T. ) ;
#1270 = ORIENTED_EDGE ( 'NONE', *, *, #788, .T. ) ;
#1271 = EDGE_CURVE ( 'NONE', #2477, #1278, #2416, .T. ) ;
#1272 = CARTESIAN_POINT ( 'NONE',  ( 11.04552720299155588, -8.182297624385777013, -13.14912914822988377 ) ) ;
#1273 = PLANE ( 'NONE',  #792 ) ;
#1274 = FACE_OUTER_BOUND ( 'NONE', #968, .T. ) ;
#1275 = CARTESIAN_POINT ( 'NONE',  ( 4.764993072368731930, 6.346387087508182034, -19.51736616511015399 ) ) ;
#1276 = CARTESIAN_POINT ( 'NONE',  ( -7.500000000000006217, -15.26367969708133288, -9.045026257562765792 ) ) ;
#1277 = CARTESIAN_POINT ( 'NONE',  ( -14.45563275643147350, -4.562872568387683181, -4.400570659759859282 ) ) ;
#1278 = VERTEX_POINT ( 'NONE', #1349 ) ;
#1279 = CARTESIAN_POINT ( 'NONE',  ( -12.50000000000000178, -7.899186575375161112, -2.685911008153783808 ) ) ;
#1280 = CARTESIAN_POINT ( 'NONE',  ( -12.75000000000000000, -2.204034631566448077, 7.567850158122311655 ) ) ;
#1281 = CARTESIAN_POINT ( 'NONE',  ( 12.48180760497191066, 6.739880286742568671, -11.30658716532338559 ) ) ;
#1282 = ORIENTED_EDGE ( 'NONE', *, *, #3294, .T. ) ;
#1283 = ADVANCED_FACE ( 'NONE', ( #57 ), #566, .F. ) ;
#1284 = ORIENTED_EDGE ( 'NONE', *, *, #2613, .F. ) ;
#1285 = FACE_OUTER_BOUND ( 'NONE', #1525, .T. ) ;
#1286 = EDGE_CURVE ( 'NONE', #1350, #1234, #1612, .T. ) ;
#1287 = CARTESIAN_POINT ( 'NONE',  ( -5.103503756489269350, 11.50289094641411403, -15.98357807181593415 ) ) ;
#1288 = VECTOR ( 'NONE', #3054, 1000.000000000000000 ) ;
#1290 = CARTESIAN_POINT ( 'NONE',  ( -12.96203491265682572, 8.113839267181736759, -1.055317918606489380 ) ) ;
#1289 = AXIS2_PLACEMENT_3D ( 'NONE', #30, #3235, #286 ) ;
#1291 = CARTESIAN_POINT ( 'NONE',  ( 6.618746890509728864, -11.32489043645395199, -15.39611852953375504 ) ) ;
#1292 = CARTESIAN_POINT ( 'NONE',  ( -15.09332156511798395, -1.468750551976016006, -4.318204001193742592 ) ) ;
#1293 = EDGE_CURVE ( 'NONE', #1177, #1849, #3120, .T. ) ;
#1294 = CARTESIAN_POINT ( 'NONE',  ( -11.78124497047884311, -6.873261446144802278, -11.65421833678391650 ) ) ;
#1295 = AXIS2_PLACEMENT_3D ( 'NONE', #496, #206, #2345 ) ;
#1296 = ADVANCED_FACE ( 'NONE', ( #2922 ), #662, .T. ) ;
#1297 = ORIENTED_EDGE ( 'NONE', *, *, #2573, .F. ) ;
#1298 = VECTOR ( 'NONE', #1386, 1000.000000000000000 ) ;
#1299 = CARTESIAN_POINT ( 'NONE',  ( -14.00000000000000000, 5.953333333333350019, 0.8987893091388113875 ) ) ;
#1300 = CARTESIAN_POINT ( 'NONE',  ( -11.55074532189325431, -7.671475759064845690, -12.69343579804863076 ) ) ;
#1301 = CARTESIAN_POINT ( 'NONE',  ( 12.31230134747661253, 7.473194782506006106, -10.42195008845627058 ) ) ;
#1302 = ORIENTED_EDGE ( 'NONE', *, *, #1809, .F. ) ;
#1303 = VECTOR ( 'NONE', #2873, 1000.000000000000000 ) ;
#1304 = ORIENTED_EDGE ( 'NONE', *, *, #1751, .F. ) ;
#1305 = CARTESIAN_POINT ( 'NONE',  ( -12.17951803655380871, 7.510396413924693704, -10.84385131981856709 ) ) ;
#1306 = CARTESIAN_POINT ( 'NONE',  ( 10.03057012397922421, 8.668020393461901563, -13.42169454328242750 ) ) ;
#1307 = EDGE_CURVE ( 'NONE', #1184, #1682, #1176, .T. ) ;
#1308 = CARTESIAN_POINT ( 'NONE',  ( -5.235006927631268958, 9.674435511576520597, -21.00000000000001066 ) ) ;
#1309 = DIRECTION ( 'NONE',  ( -0.000000000000000000, -0.000000000000000000, 1.000000000000000000 ) ) ;
#1310 = EDGE_CURVE ( 'NONE', #1942, #45, #1345, .T. ) ;
#1311 = CARTESIAN_POINT ( 'NONE',  ( 12.50000000000000000, -7.861082666726198376, 0.5774980344841293967 ) ) ;
#1312 = CARTESIAN_POINT ( 'NONE',  ( -7.146204324651953321, 10.93168225349963585, -15.56774716229133304 ) ) ;
#1313 = VERTEX_POINT ( 'NONE', #2730 ) ;
#1314 = CARTESIAN_POINT ( 'NONE',  ( 15.14352856278930304, -1.866767750800050418, -2.029578539315534336 ) ) ;
#1315 = CARTESIAN_POINT ( 'NONE',  ( -14.00000000000000000, 6.000000000000000000, 7.054246140640038056E-16 ) ) ;
#1316 = DIRECTION ( 'NONE',  ( -1.000000000000000000, 0.000000000000000000, 3.086170057612319597E-16 ) ) ;
#1317 = CARTESIAN_POINT ( 'NONE',  ( -10.69148936170213737, -8.038243187928575395, -12.89397360120649338 ) ) ;
#1318 = ORIENTED_EDGE ( 'NONE', *, *, #2863, .F. ) ;
#1319 = DIRECTION ( 'NONE',  ( 1.000000000000000000, 0.000000000000000000, 0.000000000000000000 ) ) ;
#1320 = CARTESIAN_POINT ( 'NONE',  ( -11.30919148582309219, 7.920560577936003099, -12.93275126673211517 ) ) ;
#1321 = CARTESIAN_POINT ( 'NONE',  ( 1.694280744631914535E-13, -3.000000000000000000, -30.40457638090298076 ) ) ;
#1322 = CARTESIAN_POINT ( 'NONE',  ( -12.77080391550288141, 6.534500781379331436, -10.53583004256451794 ) ) ;
#1323 = DIRECTION ( 'NONE',  ( -0.000000000000000000, -1.000000000000000000, -0.000000000000000000 ) ) ;
#1324 = DIRECTION ( 'NONE',  ( -1.000000000000000000, -0.000000000000000000, 3.086170057612319597E-16 ) ) ;
#1325 = CARTESIAN_POINT ( 'NONE',  ( 3.708175359313675035, 12.13511616969254270, -16.69547192311155825 ) ) ;
#1326 = ORIENTED_EDGE ( 'NONE', *, *, #2507, .T. ) ;
#1327 = ADVANCED_FACE ( 'NONE', ( #3063 ), #660, .F. ) ;
#1328 = EDGE_CURVE ( 'NONE', #680, #2520, #1967, .T. ) ;
#1329 = DIRECTION ( 'NONE',  ( -1.000000000000000000, -0.000000000000000000, 3.086170057612319597E-16 ) ) ;
#1330 = CARTESIAN_POINT ( 'NONE',  ( -11.78279288795306812, 6.871651349724219315, -11.65164269482428061 ) ) ;
#1331 = CARTESIAN_POINT ( 'NONE',  ( -11.22324754768640176, -8.269205469223026128, -12.42186941145857482 ) ) ;
#1332 = EDGE_LOOP ( 'NONE', ( #2978, #3083, #3216, #2835, #281 ) ) ;
#1333 = ORIENTED_EDGE ( 'NONE', *, *, #203, .F. ) ;
#1334 = CARTESIAN_POINT ( 'NONE',  ( 12.50000000000000000, -7.861082666726200152, 0.5774980344841295077 ) ) ;
#1335 = DIRECTION ( 'NONE',  ( -0.000000000000000000, -0.000000000000000000, -1.000000000000000000 ) ) ;
#1336 = CARTESIAN_POINT ( 'NONE',  ( -8.176838918171885240, 10.03399853242896356, -14.62552680508725977 ) ) ;
#1337 = FACE_OUTER_BOUND ( 'NONE', #1332, .T. ) ;
#1338 = AXIS2_PLACEMENT_3D ( 'NONE', #1568, #2126, #749 ) ;
#1339 = CARTESIAN_POINT ( 'NONE',  ( 4.134492001686189688, -11.79846492667558522, -16.26452872858869014 ) ) ;
#1340 = CARTESIAN_POINT ( 'NONE',  ( 15.01229740138178492, 2.723225694689701548, -0.4337821380634649948 ) ) ;
#1341 = B_SPLINE_CURVE_WITH_KNOTS ( 'NONE', 3,
 ( #981, #433, #188, #3382, #2856 ),
 .UNSPECIFIED., .F., .F.,
 ( 4, 1, 4 ),
 ( 0.01698343933977180045, 0.01713317651805957437, 0.01728291369634735175 ),
 .UNSPECIFIED. ) ;
#1342 = CARTESIAN_POINT ( 'NONE',  ( -10.93598538433783318, -7.784351899523265672, -12.69124116930952084 ) ) ;
#1343 = CARTESIAN_POINT ( 'NONE',  ( -1.062380255653261107, 12.27998901303680768, -16.72431534063663960 ) ) ;
#1344 = ORIENTED_EDGE ( 'NONE', *, *, #669, .T. ) ;
#1345 = CIRCLE ( 'NONE', #1622, 0.2500000000000007772 ) ;
#1346 = AXIS2_PLACEMENT_3D ( 'NONE', #3229, #1105, #842 ) ;
#1347 = CARTESIAN_POINT ( 'NONE',  ( -6.385974327702107267, 1.354779904922068123, -27.50000000000001066 ) ) ;
#1348 = DIRECTION ( 'NONE',  ( -0.000000000000000000, -0.000000000000000000, 1.000000000000000000 ) ) ;
#1349 = CARTESIAN_POINT ( 'NONE',  ( 4.100000000000150635, 8.471403723159572676E-14, -30.40457638090298076 ) ) ;
#1350 = VERTEX_POINT ( 'NONE', #3090 ) ;
#1351 = LINE ( 'NONE', #1683, #1358 ) ;
#1352 = AXIS2_PLACEMENT_3D ( 'NONE', #2542, #699, #2057 ) ;
#1353 = AXIS2_PLACEMENT_3D ( 'NONE', #849, #2702, #285 ) ;
#1354 = ORIENTED_EDGE ( 'NONE', *, *, #372, .F. ) ;
#1355 = DIRECTION ( 'NONE',  ( 1.028723352537439825E-16, 0.000000000000000000, 1.000000000000000000 ) ) ;
#1356 = CARTESIAN_POINT ( 'NONE',  ( -0.5118919988850610947, -12.54319926779700900, -17.08417119110205462 ) ) ;
#1357 = CARTESIAN_POINT ( 'NONE',  ( -13.64136817328504847, -2.999999999999564793, 6.096152422708232876 ) ) ;
#1358 = VECTOR ( 'NONE', #2171, 1000.000000000000000 ) ;
#1359 = ORIENTED_EDGE ( 'NONE', *, *, #1096, .T. ) ;
#1360 = CARTESIAN_POINT ( 'NONE',  ( 0.5871861607688543261, 5.368531890627376235, -16.74122264703287044 ) ) ;
#1361 = LINE ( 'NONE', #1839, #240 ) ;
#1362 = CARTESIAN_POINT ( 'NONE',  ( 15.23620647177369136, 0.4118949308719143110, -2.726624629278801226 ) ) ;
#1363 = CARTESIAN_POINT ( 'NONE',  ( -14.78665174634073765, -3.558149752192023119, -3.533657759077531768 ) ) ;
#1364 = CARTESIAN_POINT ( 'NONE',  ( -1.087634871162609373, 12.63407508533000190, -16.72299178427648059 ) ) ;
#1365 = ORIENTED_EDGE ( 'NONE', *, *, #539, .F. ) ;
#1366 = DIRECTION ( 'NONE',  ( 0.000000000000000000, 0.000000000000000000, -1.000000000000000000 ) ) ;
#1367 = CARTESIAN_POINT ( 'NONE',  ( -12.11412345469660679, 6.557772951210052881, -10.98115199337105885 ) ) ;
#1368 = CARTESIAN_POINT ( 'NONE',  ( -14.59350282636871476, 4.351431271397384393, 0.5871295828635768599 ) ) ;
#1369 = VERTEX_POINT ( 'NONE', #2098 ) ;
#1370 = VERTEX_POINT ( 'NONE', #2048 ) ;
#1371 = CARTESIAN_POINT ( 'NONE',  ( -12.96885084570460300, -6.729889358241060826, -9.086338423935790942 ) ) ;
#1372 = DIRECTION ( 'NONE',  ( 1.000000000000000000, -1.154588794620809120E-16, 0.000000000000000000 ) ) ;
#1373 = EDGE_CURVE ( 'NONE', #765, #2935, #3300, .T. ) ;
#1374 = ORIENTED_EDGE ( 'NONE', *, *, #1785, .F. ) ;
#1375 = CARTESIAN_POINT ( 'NONE',  ( -12.96224193680789938, -8.072513043647138176, -1.053068243778291668 ) ) ;
#1376 = CARTESIAN_POINT ( 'NONE',  ( -5.048792800668168823, -11.49644218475268254, -15.97892179819885783 ) ) ;
#1377 = CARTESIAN_POINT ( 'NONE',  ( -8.179682912567871611, 7.354779904922067679, -20.90457638090297721 ) ) ;
#1378 = CARTESIAN_POINT ( 'NONE',  ( 1.413121995650728610E-15, 0.000000000000000000, 7.694067236924052366 ) ) ;
#1379 = CARTESIAN_POINT ( 'NONE',  ( -3.379637726059424363, 5.040477776876088001, -16.40613998066719859 ) ) ;
#1380 = ORIENTED_EDGE ( 'NONE', *, *, #422, .T. ) ;
#1381 = CARTESIAN_POINT ( 'NONE',  ( -5.235006927631268958, 7.354779904922066791, -21.00000000000001066 ) ) ;
#1382 = CARTESIAN_POINT ( 'NONE',  ( 11.78274375654245354, -6.876971734541580616, -11.63139385737682474 ) ) ;
#1383 = CARTESIAN_POINT ( 'NONE',  ( -15.40468664080962569, 6.000000000000000000, -7.347880794884118750E-16 ) ) ;
#1384 = EDGE_LOOP ( 'NONE', ( #1976, #696 ) ) ;
#1385 = ORIENTED_EDGE ( 'NONE', *, *, #1793, .T. ) ;
#1386 = DIRECTION ( 'NONE',  ( 0.000000000000000000, -0.000000000000000000, 1.000000000000000000 ) ) ;
#1387 = CARTESIAN_POINT ( 'NONE',  ( -3.701646264761605742, -12.13657731463079692, -16.69685881081919021 ) ) ;
#1388 = CARTESIAN_POINT ( 'NONE',  ( -13.69191059780931852, -3.876377333405812475, 5.457388142251887508 ) ) ;
#1389 = AXIS2_PLACEMENT_3D ( 'NONE', #373, #1944, #2533 ) ;
#1390 = EDGE_LOOP ( 'NONE', ( #1445, #1304 ) ) ;
#1391 = CARTESIAN_POINT ( 'NONE',  ( -12.50000000000000000, -6.896405500834613456, -8.275072439235335864 ) ) ;
#1392 = CARTESIAN_POINT ( 'NONE',  ( -1.018182374829734727, -12.28309078312967983, -16.72728921569089522 ) ) ;
#1393 = CARTESIAN_POINT ( 'NONE',  ( -3.522665848152093826, 5.217565783779400945, -17.89958239042444887 ) ) ;
#1394 = CARTESIAN_POINT ( 'NONE',  ( -11.00000000000001421, 1.347111479062089982E-15, -30.40457638090298076 ) ) ;
#1395 = CARTESIAN_POINT ( 'NONE',  ( -2.280955151671934633, 4.890003765734248553, -16.59396708433705925 ) ) ;
#1396 = VERTEX_POINT ( 'NONE', #1016 ) ;
#1397 = CIRCLE ( 'NONE', #3117, 12.93909844839060952 ) ;
#1398 = VECTOR ( 'NONE', #2405, 1000.000000000000000 ) ;
#1399 = FACE_OUTER_BOUND ( 'NONE', #653, .T. ) ;
#1400 = CARTESIAN_POINT ( 'NONE',  ( 11.58958556636714299, -7.080283790971646063, -11.92712294937114947 ) ) ;
#1401 = AXIS2_PLACEMENT_3D ( 'NONE', #1383, #1576, #1869 ) ;
#1402 = CARTESIAN_POINT ( 'NONE',  ( -12.46749063362841703, -7.491621949580302697, -9.672311487577193390 ) ) ;
#1403 = EDGE_LOOP ( 'NONE', ( #3432, #3289, #1951 ) ) ;
#1404 = CIRCLE ( 'NONE', #733, 0.2500000000000000555 ) ;
#1405 = VERTEX_POINT ( 'NONE', #1761 ) ;
#1406 = CARTESIAN_POINT ( 'NONE',  ( -1.953692687343792041E-15, 0.000000000000000000, 0.5871295828635756386 ) ) ;
#1407 = CARTESIAN_POINT ( 'NONE',  ( 1.895926743752434973, -12.43707741231082586, -16.98283832573472907 ) ) ;
#1408 = AXIS2_PLACEMENT_3D ( 'NONE', #618, #2500, #3049 ) ;
#1409 = LINE ( 'NONE', #380, #1248 ) ;
#1410 = AXIS2_PLACEMENT_3D ( 'NONE', #2455, #3151, #762 ) ;
#1411 = ORIENTED_EDGE ( 'NONE', *, *, #196, .T. ) ;
#1412 = DIRECTION ( 'NONE',  ( 0.000000000000000000, 0.000000000000000000, 1.000000000000000000 ) ) ;
#1413 = CARTESIAN_POINT ( 'NONE',  ( -1.053168647819837878, -12.51819221643722813, -17.06025572783122968 ) ) ;
#1414 = CIRCLE ( 'NONE', #1636, 0.9000000000000005773 ) ;
#1415 = CARTESIAN_POINT ( 'NONE',  ( -13.59042629317792361, 6.915498643440163740, -0.03758968642141541361 ) ) ;
#1416 = ADVANCED_FACE ( 'NONE', ( #1791 ), #2861, .F. ) ;
#1417 = AXIS2_PLACEMENT_3D ( 'NONE', #1825, #3369, #1485 ) ;
#1418 = DIRECTION ( 'NONE',  ( 0.000000000000000000, -5.782411586589358033E-15, -1.000000000000000000 ) ) ;
#1419 = CARTESIAN_POINT ( 'NONE',  ( -5.056550008186953882, -11.49385835122607702, -15.97648401791940742 ) ) ;
#1420 = VERTEX_POINT ( 'NONE', #1534 ) ;
#1421 = CARTESIAN_POINT ( 'NONE',  ( -12.49999999999999822, -3.000000000000024425, 5.196152422706615148 ) ) ;
#1422 = ADVANCED_FACE ( 'NONE', ( #453 ), #1799, .T. ) ;
#1423 = LINE ( 'NONE', #520, #632 ) ;
#1424 = CARTESIAN_POINT ( 'NONE',  ( 12.46773099319060307, -7.491734826776855982, -9.670683662713399187 ) ) ;
#1425 = AXIS2_PLACEMENT_3D ( 'NONE', #3420, #1893, #3162 ) ;
#1426 = DIRECTION ( 'NONE',  ( -0.6124920114310995478, -0.6057412236299625219, -0.5078691819045152434 ) ) ;
#1427 = ORIENTED_EDGE ( 'NONE', *, *, #177, .F. ) ;
#1428 = CARTESIAN_POINT ( 'NONE',  ( 12.50000000000000000, 8.715706254503272632, -3.589194784338933797 ) ) ;
#1429 = SPHERICAL_SURFACE ( 'NONE', #123, 0.2500000000000000000 ) ;
#1430 = CARTESIAN_POINT ( 'NONE',  ( -14.50630827437265502, -1.397383789224341921, 4.462309578387296582 ) ) ;
#1431 = CARTESIAN_POINT ( 'NONE',  ( -11.04552720299155766, 8.182297624385782342, -13.14912914822988377 ) ) ;
#1432 = ORIENTED_EDGE ( 'NONE', *, *, #2719, .F. ) ;
#1433 = CARTESIAN_POINT ( 'NONE',  ( 0.8111166221556312950, 5.339321914162840521, -16.73183401051180397 ) ) ;
#1434 = CARTESIAN_POINT ( 'NONE',  ( -2.065193961180158855, -12.18204016091860353, -16.63051032760233383 ) ) ;
#1435 = DIRECTION ( 'NONE',  ( 0.000000000000000000, -1.000000000000000000, 0.000000000000000000 ) ) ;
#1436 = CARTESIAN_POINT ( 'NONE',  ( -5.414233168354864567, 0.6260954185238115643, -15.85092085312484933 ) ) ;
#1437 = EDGE_CURVE ( 'NONE', #1022, #403, #2154, .T. ) ;
#1438 = CARTESIAN_POINT ( 'NONE',  ( -2.436958260005678500, 4.828885912623318788, -16.57198264061405979 ) ) ;
#1439 = ORIENTED_EDGE ( 'NONE', *, *, #2697, .F. ) ;
#1440 = CARTESIAN_POINT ( 'NONE',  ( -15.05210098639993710, -2.126856813822845194, -3.675150249916202760 ) ) ;
#1441 = DIRECTION ( 'NONE',  ( 1.000000000000000000, 0.000000000000000000, -3.154042683594192162E-16 ) ) ;
#1442 = CARTESIAN_POINT ( 'NONE',  ( 12.96920466217719436, -6.655916641936578948, -9.287815993747273069 ) ) ;
#1443 = EDGE_CURVE ( 'NONE', #2660, #1370, #84, .T. ) ;
#1444 = CARTESIAN_POINT ( 'NONE',  ( -12.90941944413479625, -6.528570820795927432, -9.908382379996462319 ) ) ;
#1445 = ORIENTED_EDGE ( 'NONE', *, *, #1187, .F. ) ;
#1446 = EDGE_CURVE ( 'NONE', #8, #542, #643, .T. ) ;
#1447 = EDGE_LOOP ( 'NONE', ( #246, #2216, #2311, #300 ) ) ;
#1448 = DIRECTION ( 'NONE',  ( -1.836638480190444758E-16, -0.000000000000000000, -1.000000000000000000 ) ) ;
#1449 = CARTESIAN_POINT ( 'NONE',  ( 11.59119998795865492, 7.078404211405207036, -11.93896001417154018 ) ) ;
#1450 = ORIENTED_EDGE ( 'NONE', *, *, #803, .T. ) ;
#1451 = CARTESIAN_POINT ( 'NONE',  ( -5.395821831086830223, 6.607975934209896329E-16, -27.50000000000001066 ) ) ;
#1452 = LINE ( 'NONE', #2526, #1197 ) ;
#1453 = CARTESIAN_POINT ( 'NONE',  ( -3.664715432284523455, 5.481583676159883289, -18.19792815702101763 ) ) ;
#1454 = CARTESIAN_POINT ( 'NONE',  ( 10.96346025474034747, 8.502322057732721206, -12.66845941919059726 ) ) ;
#1455 = EDGE_LOOP ( 'NONE', ( #129, #807, #3311, #1577 ) ) ;
#1456 = CARTESIAN_POINT ( 'NONE',  ( -12.50000000000000000, 7.499007302308972278, -5.892948415066996404 ) ) ;
#1457 = ADVANCED_FACE ( 'NONE', ( #1550 ), #1865, .T. ) ;
#1458 = CARTESIAN_POINT ( 'NONE',  ( 12.22989491868025702, -7.491517827688812581, -10.69699561634439533 ) ) ;
#1459 = CARTESIAN_POINT ( 'NONE',  ( 4.845223167707563228, -2.400726817317590189, -16.03454236927492715 ) ) ;
#1460 = EDGE_LOOP ( 'NONE', ( #1558, #89, #636 ) ) ;
#1461 = ORIENTED_EDGE ( 'NONE', *, *, #697, .T. ) ;
#1462 = CARTESIAN_POINT ( 'NONE',  ( 1.435856443277038715E-15, 0.000000000000000000, 7.817850158122309878 ) ) ;
#1463 = DIRECTION ( 'NONE',  ( 1.000000000000000000, -0.000000000000000000, -1.334402673828313339E-16 ) ) ;
#1464 = VERTEX_POINT ( 'NONE', #52 ) ;
#1465 = CIRCLE ( 'NONE', #3025, 0.2499999999999993616 ) ;
#1466 = ORIENTED_EDGE ( 'NONE', *, *, #67, .F. ) ;
#1467 = CARTESIAN_POINT ( 'NONE',  ( -12.96245240898924500, -8.030621075843779266, -2.697382701202622801 ) ) ;
#1468 = CIRCLE ( 'NONE', #2148, 1.100000000000135758 ) ;
#1469 = CIRCLE ( 'NONE', #1929, 1.100000000000135758 ) ;
#1470 = CARTESIAN_POINT ( 'NONE',  ( -14.00000000000000000, 6.081923761902739756, -1.464929630748841083 ) ) ;
#1471 = SPHERICAL_SURFACE ( 'NONE', #2544, 0.2500000000000000000 ) ;
#1472 = AXIS2_PLACEMENT_3D ( 'NONE', #929, #3319, #2726 ) ;
#1473 = CARTESIAN_POINT ( 'NONE',  ( -7.112282986342056645E-15, 0.000000000000000000, -27.50000000000001066 ) ) ;
#1474 = CARTESIAN_POINT ( 'NONE',  ( 4.279737742856478455, -3.290859778372345446, -16.19443369747303763 ) ) ;
#1475 = ORIENTED_EDGE ( 'NONE', *, *, #239, .T. ) ;
#1476 = CARTESIAN_POINT ( 'NONE',  ( 12.49999999999999645, 8.519000139087737011, -5.263939925571079925 ) ) ;
#1477 = CARTESIAN_POINT ( 'NONE',  ( 12.75000000000000178, -2.204034631566461400, 7.567850158122307214 ) ) ;
#1478 = CARTESIAN_POINT ( 'NONE',  ( -3.703681331867603177, -15.26367969708133288, -16.33539851341176785 ) ) ;
#1479 = ORIENTED_EDGE ( 'NONE', *, *, #752, .F. ) ;
#1480 = EDGE_CURVE ( 'NONE', #2262, #85, #2976, .T. ) ;
#1481 = VERTEX_POINT ( 'NONE', #2221 ) ;
#1482 = DIRECTION ( 'NONE',  ( -0.000000000000000000, -0.000000000000000000, 1.000000000000000000 ) ) ;
#1483 = CARTESIAN_POINT ( 'NONE',  ( -12.49999999999999645, 7.981084969934592266, -1.056010599984969156 ) ) ;
#1484 = EDGE_CURVE ( 'NONE', #2000, #2004, #2888, .T. ) ;
#1485 = DIRECTION ( 'NONE',  ( -1.000000000000000000, -5.030698080332736156E-14, 0.000000000000000000 ) ) ;
#1486 = CARTESIAN_POINT ( 'NONE',  ( 12.96245240898924500, 8.030621075843793477, -2.697382701202630351 ) ) ;
#1487 = LINE ( 'NONE', #3074, #725 ) ;
#1488 = DIRECTION ( 'NONE',  ( -0.9853855004546955287, 0.1703391190937921518, -3.469446951953609456E-15 ) ) ;
#1489 = EDGE_LOOP ( 'NONE', ( #671, #3105, #439, #2727 ) ) ;
#1490 = CARTESIAN_POINT ( 'NONE',  ( 12.96450492023887691, 7.620412637137850886, -5.940043195601991677 ) ) ;
#1491 = CARTESIAN_POINT ( 'NONE',  ( 32.20767203787246302, 0.000000000000000000, -1.241760900627673525 ) ) ;
#1492 = CARTESIAN_POINT ( 'NONE',  ( -9.681954401149541312, 1.354779904922068345, -35.96993204759647966 ) ) ;
#1493 = ORIENTED_EDGE ( 'NONE', *, *, #1051, .F. ) ;
#1494 = ORIENTED_EDGE ( 'NONE', *, *, #99, .F. ) ;
#1495 = DIRECTION ( 'NONE',  ( -0.000000000000000000, -0.000000000000000000, 1.000000000000000000 ) ) ;
#1496 = CARTESIAN_POINT ( 'NONE',  ( -12.49999999999999822, 7.861082666726203705, 0.5774980344841340596 ) ) ;
#1497 = CARTESIAN_POINT ( 'NONE',  ( 12.96264529834738610, 0.000000000000000000, -4.000492778720882495E-15 ) ) ;
#1498 = LINE ( 'NONE', #2023, #2813 ) ;
#1499 = DIRECTION ( 'NONE',  ( 0.000000000000000000, -1.000000000000000000, 2.428612866367527723E-14 ) ) ;
#1500 = CARTESIAN_POINT ( 'NONE',  ( -12.49999999999999822, 0.000000000000000000, 1.285904190671799750E-15 ) ) ;
#1501 = DIRECTION ( 'NONE',  ( -0.1703391190937919020, -0.9853855004546957508, -3.536939228559523955E-14 ) ) ;
#1502 = VERTEX_POINT ( 'NONE', #77 ) ;
#1503 = DIRECTION ( 'NONE',  ( 0.000000000000000000, 0.000000000000000000, 1.000000000000000000 ) ) ;
#1504 = FACE_BOUND ( 'NONE', #1390, .T. ) ;
#1505 = AXIS2_PLACEMENT_3D ( 'NONE', #877, #2202, #1418 ) ;
#1506 = CARTESIAN_POINT ( 'NONE',  ( 11.30890404815236394, 7.920845914635291862, -12.93298715432537449 ) ) ;
#1507 = B_SPLINE_CURVE_WITH_KNOTS ( 'NONE', 3,
 ( #1814, #1536, #988, #1279, #2101, #1249, #1794, #3092, #2081, #1522 ),
 .UNSPECIFIED., .F., .F.,
 ( 4, 2, 2, 2, 4 ),
 ( 1.843143693225357538E-18, 0.002447618336605244908, 0.004895236673210487215, 0.007342855009815730388, 0.009790473346420972695 ),
 .UNSPECIFIED. ) ;
#1508 = AXIS2_PLACEMENT_3D ( 'NONE', #645, #2246, #412 ) ;
#1509 = DIRECTION ( 'NONE',  ( -1.000000000000000000, 0.000000000000000000, 0.000000000000000000 ) ) ;
#1510 = CIRCLE ( 'NONE', #958, 2.750000000000000000 ) ;
#1511 = LINE ( 'NONE', #2058, #2153 ) ;
#1512 = AXIS2_PLACEMENT_3D ( 'NONE', #3390, #2880, #213 ) ;
#1513 = CARTESIAN_POINT ( 'NONE',  ( -12.50000000000000000, 6.000000000000000000, -0.9000000000000004663 ) ) ;
#1514 = CARTESIAN_POINT ( 'NONE',  ( 5.395821831086830223, 0.000000000000000000, -27.50000000000001066 ) ) ;
#1516 = AXIS2_PLACEMENT_3D ( 'NONE', #2417, #1838, #2889 ) ;
#1515 = DIRECTION ( 'NONE',  ( -0.000000000000000000, 1.000000000000000000, -0.000000000000000000 ) ) ;
#1517 = CIRCLE ( 'NONE', #687, 8.013727401729653366 ) ;
#1518 = CARTESIAN_POINT ( 'NONE',  ( 10.93598538433783496, 7.784351899523263008, -12.69124116930951551 ) ) ;
#1519 = CARTESIAN_POINT ( 'NONE',  ( -10.96346025474036523, 8.502322057732715876, -12.66845941919058660 ) ) ;
#1520 = ORIENTED_EDGE ( 'NONE', *, *, #558, .F. ) ;
#1521 = AXIS2_PLACEMENT_3D ( 'NONE', #1254, #2388, #2355 ) ;
#1522 = CARTESIAN_POINT ( 'NONE',  ( -12.50000000000000000, -6.616321703321407455, -9.045026257562765792 ) ) ;
#1523 = DIRECTION ( 'NONE',  ( -0.000000000000000000, 0.000000000000000000, -1.000000000000000000 ) ) ;
#1524 = CARTESIAN_POINT ( 'NONE',  ( 12.70972514807459852, 6.566433666929659907, -10.73324233283220686 ) ) ;
#1525 = EDGE_LOOP ( 'NONE', ( #1154, #391, #2562, #2442 ) ) ;
#1526 = CARTESIAN_POINT ( 'NONE',  ( -12.40748555637856398, 6.404020170125403588, -10.02322776780626157 ) ) ;
#1527 = CARTESIAN_POINT ( 'NONE',  ( -7.138935647370134419, 10.93521782987812330, -15.57101156779500606 ) ) ;
#1528 = PLANE ( 'NONE',  #1408 ) ;
#1529 = CARTESIAN_POINT ( 'NONE',  ( 9.341929900918168883, -9.260431513110175317, -13.93225616354206231 ) ) ;
#1530 = CARTESIAN_POINT ( 'NONE',  ( -12.75000000000000000, -2.204034631566454294, 7.567850158122312543 ) ) ;
#1531 = ADVANCED_FACE ( 'NONE', ( #3247 ), #892, .F. ) ;
#1532 = DIRECTION ( 'NONE',  ( -1.000000000000000000, 0.000000000000000000, 3.154042683594192162E-16 ) ) ;
#1533 = EDGE_CURVE ( 'NONE', #251, #2222, #972, .T. ) ;
#1534 = CARTESIAN_POINT ( 'NONE',  ( -5.387514005267366457, 0.2993093314302199826, -27.50000000000001066 ) ) ;
#1535 = EDGE_LOOP ( 'NONE', ( #1354, #869, #2515, #425 ) ) ;
#1536 = CARTESIAN_POINT ( 'NONE',  ( -12.50000000000000000, -7.921008661822114938, -0.2382332290097791128 ) ) ;
#1537 = ADVANCED_FACE ( 'NONE', ( #595 ), #2918, .T. ) ;
#1538 = DIRECTION ( 'NONE',  ( 1.000000000000000000, 0.000000000000000000, -3.086170057612319597E-16 ) ) ;
#1539 = CARTESIAN_POINT ( 'NONE',  ( 12.44292643691412081, 6.417641793152815133, -9.823802255717440701 ) ) ;
#1540 = ORIENTED_EDGE ( 'NONE', *, *, #3097, .F. ) ;
#1541 = CARTESIAN_POINT ( 'NONE',  ( -12.90984423247696000, 6.528857109339151421, -9.905642847300480724 ) ) ;
#1542 = EDGE_CURVE ( 'NONE', #1184, #45, #519, .T. ) ;
#1543 = CARTESIAN_POINT ( 'NONE',  ( -1.840601284030768392, 12.20300465228567255, -16.65059055943902067 ) ) ;
#1544 = PLANE ( 'NONE',  #1986 ) ;
#1545 = CARTESIAN_POINT ( 'NONE',  ( 5.095296963473844976, -11.50565091857237121, -15.98618767607985802 ) ) ;
#1546 = PRODUCT_DEFINITION_SHAPE ( 'NONE', 'NONE',  #701 ) ;
#1547 = CARTESIAN_POINT ( 'NONE',  ( 12.96885084570459945, 6.729889358241059050, -9.086338423935799824 ) ) ;
#1548 = B_SPLINE_CURVE_WITH_KNOTS ( 'NONE', 3,
 ( #1357, #2871, #852, #589, #3219, #1388, #2488, #2435, #1112, #904 ),
 .UNSPECIFIED., .F., .F.,
 ( 4, 2, 2, 2, 4 ),
 ( 0.003573959334153974272, 0.004072066541657130660, 0.004570173749160287048, 0.005068280956663443436, 0.005566388164166599824 ),
 .UNSPECIFIED. ) ;
#1549 = CYLINDRICAL_SURFACE ( 'NONE', #1338, 0.2499999999999993616 ) ;
#1550 = FACE_OUTER_BOUND ( 'NONE', #2323, .T. ) ;
#1551 = VERTEX_POINT ( 'NONE', #2814 ) ;
#1552 = DIRECTION ( 'NONE',  ( 0.000000000000000000, 0.000000000000000000, 1.000000000000000000 ) ) ;
#1553 = DIRECTION ( 'NONE',  ( 0.9853855004546904217, 0.1703391190938219613, 0.000000000000000000 ) ) ;
#1554 = CARTESIAN_POINT ( 'NONE',  ( 0.000000000000000000, 1.354779904922068123, 0.000000000000000000 ) ) ;
#1555 = VERTEX_POINT ( 'NONE', #1758 ) ;
#1556 = EDGE_CURVE ( 'NONE', #707, #1022, #1873, .T. ) ;
#1557 = CIRCLE ( 'NONE', #2652, 47.47135173495379945 ) ;
#1558 = ORIENTED_EDGE ( 'NONE', *, *, #2364, .F. ) ;
#1559 = CARTESIAN_POINT ( 'NONE',  ( -12.96920466217819445, 6.655916641935089473, -9.287815993746070475 ) ) ;
#1560 = CARTESIAN_POINT ( 'NONE',  ( -9.341929900918161778, 9.260431513110164659, -13.93225616354206231 ) ) ;
#1561 = ADVANCED_FACE ( 'NONE', ( #2558 ), #357, .T. ) ;
#1562 = AXIS2_PLACEMENT_3D ( 'NONE', #1315, #279, #2150 ) ;
#1564 = SPHERICAL_SURFACE ( 'NONE', #2038, 0.2500000000000000000 ) ;
#1563 = AXIS2_PLACEMENT_3D ( 'NONE', #990, #1904, #1848 ) ;
#1565 = CARTESIAN_POINT ( 'NONE',  ( -12.21204692336265829, 6.989159173597980335, -11.83189432721520262 ) ) ;
#1566 = CARTESIAN_POINT ( 'NONE',  ( 12.21042797468871122, 6.990771691391260312, -11.83457435757047627 ) ) ;
#1567 = CIRCLE ( 'NONE', #960, 0.8999999999999998002 ) ;
#1568 = CARTESIAN_POINT ( 'NONE',  ( -12.75000000000000000, 0.000000000000000000, 7.567850158122312543 ) ) ;
#1569 = CIRCLE ( 'NONE', #2478, 1.099999999999999867 ) ;
#1570 = CARTESIAN_POINT ( 'NONE',  ( -0.5442560604856152562, 12.30594984813025050, -16.74923055008863670 ) ) ;
#1571 = VERTEX_POINT ( 'NONE', #3334 ) ;
#1572 = AXIS2_PLACEMENT_3D ( 'NONE', #2235, #3280, #366 ) ;
#1573 = CARTESIAN_POINT ( 'NONE',  ( 15.21329908002665299, -1.002991868729987468, -2.568666189681370948 ) ) ;
#1574 = DIRECTION ( 'NONE',  ( 1.000000000000000000, 0.000000000000000000, 0.000000000000000000 ) ) ;
#1575 = CARTESIAN_POINT ( 'NONE',  ( 12.17878470493368326, 7.510722548746996630, -10.84585845281267957 ) ) ;
#1576 = DIRECTION ( 'NONE',  ( 1.000000000000000000, -0.000000000000000000, -0.000000000000000000 ) ) ;
#1577 = ORIENTED_EDGE ( 'NONE', *, *, #2907, .F. ) ;
#1578 = CIRCLE ( 'NONE', #79, 6.020797289396167429 ) ;
#1579 = CIRCLE ( 'NONE', #1704, 1.100000000000181721 ) ;
#1580 = DIRECTION ( 'NONE',  ( -0.000000000000000000, -0.9601109260671188972, -0.2796194014129552707 ) ) ;
#1581 = CARTESIAN_POINT ( 'NONE',  ( -11.78274375654252637, 6.876971734541412751, -11.63139385737670217 ) ) ;
#1582 = CARTESIAN_POINT ( 'NONE',  ( -14.00000000000000000, 6.074321647363666976, -1.748421085646460593 ) ) ;
#1583 = CARTESIAN_POINT ( 'NONE',  ( -5.395821831086830223, 6.607975934209896329E-16, -27.50000000000001066 ) ) ;
#1584 = ADVANCED_FACE ( 'NONE', ( #1259 ), #3401, .F. ) ;
#1585 = CARTESIAN_POINT ( 'NONE',  ( 7.077616919665515205, -11.11872560423807776, -15.18975131037343829 ) ) ;
#1586 = CARTESIAN_POINT ( 'NONE',  ( 12.70792207799551043, 6.567484863440155252, -10.73874945897862254 ) ) ;
#1587 = CARTESIAN_POINT ( 'NONE',  ( 12.49999999999999822, -7.940342464399393840, -2.677380958356244456 ) ) ;
#1588 = CARTESIAN_POINT ( 'NONE',  ( 0.4958172330547717110, 12.30751792347965079, -16.75073443019152464 ) ) ;
#1589 = ORIENTED_EDGE ( 'NONE', *, *, #1010, .F. ) ;
#1590 = DIRECTION ( 'NONE',  ( 0.000000000000000000, -1.000000000000000000, 0.000000000000000000 ) ) ;
#1591 = CARTESIAN_POINT ( 'NONE',  ( 0.000000000000000000, 0.000000000000000000, 0.000000000000000000 ) ) ;
#1592 = CARTESIAN_POINT ( 'NONE',  ( 12.40729382241296186, 6.403937369560163795, -10.02433224165555892 ) ) ;
#1593 = CARTESIAN_POINT ( 'NONE',  ( -14.49283691138669283, 4.794476098209347725, -1.300573863733222479 ) ) ;
#1594 = ORIENTED_EDGE ( 'NONE', *, *, #2253, .F. ) ;
#1595 = ORIENTED_EDGE ( 'NONE', *, *, #212, .T. ) ;
#1596 = DIRECTION ( 'NONE',  ( 0.000000000000000000, -1.000000000000000000, 0.000000000000000000 ) ) ;
#1597 = CARTESIAN_POINT ( 'NONE',  ( -12.04090764555220083, 6.622814742663050147, -11.14607177192196730 ) ) ;
#1598 = EDGE_CURVE ( 'NONE', #3220, #2295, #2827, .T. ) ;
#1599 = DIRECTION ( 'NONE',  ( 1.000000000000000000, 0.000000000000000000, -1.028723352537439825E-16 ) ) ;
#1600 = CARTESIAN_POINT ( 'NONE',  ( 5.237054306261256897, -11.86616298312961781, -15.94044910003828797 ) ) ;
#1601 = CARTESIAN_POINT ( 'NONE',  ( -12.75000000000000000, -2.204034631566454294, 7.567850158122312543 ) ) ;
#1602 = CARTESIAN_POINT ( 'NONE',  ( 12.49999999999999645, -7.126254171848034780, -7.489247751461678426 ) ) ;
#1603 = CARTESIAN_POINT ( 'NONE',  ( 2.666788802338726949, 12.33747855079710476, -16.88782515978176235 ) ) ;
#1604 = VERTEX_POINT ( 'NONE', #1514 ) ;
#1605 = CARTESIAN_POINT ( 'NONE',  ( -14.00000000000000000, 6.000000000000000000, 7.054246140640038056E-16 ) ) ;
#1606 = B_SPLINE_CURVE_WITH_KNOTS ( 'NONE', 3,
 ( #2344, #3086, #2569, #702, #2298, #1527, #1739, #2070, #3111, #155, #2330, #1239, #927, #727, #186, #1783, #417, #959, #1257, #168, #980, #3348, #3381, #1769, #432, #204, #2316, #3099, #714, #668 ),
 .UNSPECIFIED., .F., .F.,
 ( 4, 2, 2, 2, 2, 2, 2, 2, 2, 2, 2, 2, 2, 2, 4 ),
 ( 0.000000000000000000, 0.003214542748770209818, 0.004821814123155314727, 0.006429085497540422238, 0.009643628246310634658, 0.01044726393350318798, 0.01125089962069573957, 0.01285817099508084448, 0.01446544236946594938, 0.01607271374385105256, 0.01767998511823615920, 0.01928725649262126238, 0.02250179924139147566, 0.02410907061577658231, 0.02571634199016168895 ),
 .UNSPECIFIED. ) ;
#1607 = CARTESIAN_POINT ( 'NONE',  ( -2.999999999999915623, -8.508143127133993220E-14, -30.40457638090298076 ) ) ;
#1608 = CARTESIAN_POINT ( 'NONE',  ( -14.41465954742056788, 5.025510931850225127, -1.479656269661087320 ) ) ;
#1609 = EDGE_LOOP ( 'NONE', ( #2054, #148, #2350, #677, #1655, #111, #3330, #620, #3053 ) ) ;
#1610 = CARTESIAN_POINT ( 'NONE',  ( -12.50000000000000178, 8.812867634763456692, -2.748850986114788508 ) ) ;
#1611 = ORIENTED_EDGE ( 'NONE', *, *, #461, .F. ) ;
#1612 = B_SPLINE_CURVE_WITH_KNOTS ( 'NONE', 3,
 ( #2462, #1090, #509, #2974, #583, #2646 ),
 .UNSPECIFIED., .F., .F.,
 ( 4, 2, 4 ),
 ( 0.002524264883625976230, 0.003049112108889975251, 0.003573959334153974272 ),
 .UNSPECIFIED. ) ;
#1613 = DIRECTION ( 'NONE',  ( -1.000000000000000000, 0.000000000000000000, 1.978035332892873679E-16 ) ) ;
#1614 = CARTESIAN_POINT ( 'NONE',  ( -14.32067550487108853, -3.766278493310887487, 3.609770532889659655 ) ) ;
#1615 = DIRECTION ( 'NONE',  ( 0.000000000000000000, -1.000000000000000000, -0.000000000000000000 ) ) ;
#1616 = AXIS2_PLACEMENT_3D ( 'NONE', #2168, #3194, #2426 ) ;
#1617 = ORIENTED_EDGE ( 'NONE', *, *, #99, .T. ) ;
#1618 = CARTESIAN_POINT ( 'NONE',  ( 12.96885084570459590, -6.729889358240919606, -9.086338423936192399 ) ) ;
#1619 = CARTESIAN_POINT ( 'NONE',  ( 11.04552720299156121, -8.182297624385780566, -13.14912914822988732 ) ) ;
#1620 = CARTESIAN_POINT ( 'NONE',  ( 15.21332374539403887, 1.002973993953209186, -2.568875758295095402 ) ) ;
#1621 = VECTOR ( 'NONE', #664, 1000.000000000000000 ) ;
#1622 = AXIS2_PLACEMENT_3D ( 'NONE', #82, #1426, #599 ) ;
#1623 = DIRECTION ( 'NONE',  ( -0.000000000000000000, -0.9601109260671188972, -0.2796194014129552707 ) ) ;
#1624 = CARTESIAN_POINT ( 'NONE',  ( 5.048792800668630676, 11.49644218475498469, -15.97892179819872638 ) ) ;
#1625 = EDGE_LOOP ( 'NONE', ( #3312, #2337, #2993, #2328 ) ) ;
#1626 = VECTOR ( 'NONE', #1157, 1000.000000000000000 ) ;
#1627 = AXIS2_PLACEMENT_3D ( 'NONE', #995, #447, #2059 ) ;
#1628 = DIRECTION ( 'NONE',  ( -0.000000000000000000, -1.000000000000000000, 3.469446951953599200E-15 ) ) ;
#1629 = CARTESIAN_POINT ( 'NONE',  ( 12.49999999999999822, -6.896567243456227736, -8.274627811075609074 ) ) ;
#1630 = EDGE_CURVE ( 'NONE', #1571, #3345, #2370, .T. ) ;
#1631 = CARTESIAN_POINT ( 'NONE',  ( -14.00000000000000000, -2.999999999999952482, -5.196152422706661334 ) ) ;
#1632 = EDGE_LOOP ( 'NONE', ( #1714, #396, #1432, #2688 ) ) ;
#1633 = EDGE_LOOP ( 'NONE', ( #3084, #955, #711, #429, #940, #546 ) ) ;
#1634 = CARTESIAN_POINT ( 'NONE',  ( 1.413121995650728807E-15, 0.000000000000000000, 7.694067236924054143 ) ) ;
#1635 = CARTESIAN_POINT ( 'NONE',  ( -3.703681331867603177, 7.354779904922067679, -35.96993204759647966 ) ) ;
#1636 = AXIS2_PLACEMENT_3D ( 'NONE', #1421, #1996, #931 ) ;
#1637 = EDGE_LOOP ( 'NONE', ( #2541, #1128, #3046, #833 ) ) ;
#1638 = CARTESIAN_POINT ( 'NONE',  ( -12.96234054441269379, -8.052927331825937785, -0.2329134670324250478 ) ) ;
#1639 = DIRECTION ( 'NONE',  ( -1.836638480190444758E-16, -0.000000000000000000, -1.000000000000000000 ) ) ;
#1640 = DIRECTION ( 'NONE',  ( 0.000000000000000000, 0.000000000000000000, 1.000000000000000000 ) ) ;
#1641 = ADVANCED_FACE ( 'NONE', ( #2589 ), #1804, .F. ) ;
#1642 = FACE_OUTER_BOUND ( 'NONE', #48, .T. ) ;
#1643 = CARTESIAN_POINT ( 'NONE',  ( 7.134139749871669878, 10.96535848592089835, -15.59783842145000143 ) ) ;
#1644 = ORIENTED_EDGE ( 'NONE', *, *, #860, .F. ) ;
#1645 = EDGE_CURVE ( 'NONE', #1849, #1930, #2450, .T. ) ;
#1646 = ADVANCED_FACE ( 'NONE', ( #448 ), #3192, .T. ) ;
#1647 = CARTESIAN_POINT ( 'NONE',  ( -12.96264529834738433, 0.000000000000000000, 1.333497592906960437E-15 ) ) ;
#1648 = CARTESIAN_POINT ( 'NONE',  ( -11.04552720299155766, -8.182297624385782342, -13.14912914822988377 ) ) ;
#1649 = CARTESIAN_POINT ( 'NONE',  ( -14.63954305899969377, 4.296141216261467832, -0.4254698086697552006 ) ) ;
#1650 = VERTEX_POINT ( 'NONE', #1212 ) ;
#1651 = ORIENTED_EDGE ( 'NONE', *, *, #1809, .T. ) ;
#1652 = CARTESIAN_POINT ( 'NONE',  ( -14.00000000000000000, -2.999999999999778844, -5.196152422707013052 ) ) ;
#1653 = CARTESIAN_POINT ( 'NONE',  ( -9.619245354955012317, -9.425591955420978607, -14.20855080352093580 ) ) ;
#1654 = LINE ( 'NONE', #65, #3042 ) ;
#1655 = ORIENTED_EDGE ( 'NONE', *, *, #177, .T. ) ;
#1656 = CARTESIAN_POINT ( 'NONE',  ( -14.91372692431494684, -3.000000000024857894, -3.446152422706684870 ) ) ;
#1657 = CARTESIAN_POINT ( 'NONE',  ( 2.140756885077769400, -12.52824646818768883, -16.61480700376438335 ) ) ;
#1658 = CARTESIAN_POINT ( 'NONE',  ( 12.96376874202899465, -7.767813559020033232, -5.111926455086308607 ) ) ;
#1659 = EDGE_CURVE ( 'NONE', #3144, #2765, #1579, .T. ) ;
#1660 = CARTESIAN_POINT ( 'NONE',  ( -6.385974327702107267, 1.354779904922068789, -15.48489043829273193 ) ) ;
#1661 = CARTESIAN_POINT ( 'NONE',  ( -8.938811233217007768, -9.529035254928556853, -14.17286506612837016 ) ) ;
#1662 = ORIENTED_EDGE ( 'NONE', *, *, #1782, .F. ) ;
#1663 = B_SPLINE_CURVE_WITH_KNOTS ( 'NONE', 3,
 ( #1110, #29, #3159, #2979, #2448 ),
 .UNSPECIFIED., .F., .F.,
 ( 4, 1, 4 ),
 ( 0.007265068555979476393, 0.007637239640695472898, 0.008009410725411468535 ),
 .UNSPECIFIED. ) ;
#1664 = CARTESIAN_POINT ( 'NONE',  ( -14.00000000000000000, 0.000000000000000000, 1.440212693552415878E-15 ) ) ;
#1665 = CARTESIAN_POINT ( 'NONE',  ( 12.48690238900831773, -7.501962413647099481, -9.534799711683213275 ) ) ;
#1666 = CARTESIAN_POINT ( 'NONE',  ( -12.70972514807510834, -6.566433666928453761, -10.73324233283273266 ) ) ;
#1667 = ORIENTED_EDGE ( 'NONE', *, *, #1186, .T. ) ;
#1668 = EDGE_CURVE ( 'NONE', #3417, #3176, #2118, .T. ) ;
#1669 = ORIENTED_EDGE ( 'NONE', *, *, #2364, .T. ) ;
#1670 = DIRECTION ( 'NONE',  ( 1.836638480190444758E-16, 0.000000000000000000, 1.000000000000000000 ) ) ;
#1671 = CARTESIAN_POINT ( 'NONE',  ( -14.08573493604335880, -1.304311141318943434, 5.673530157161908782 ) ) ;
#1672 = EDGE_CURVE ( 'NONE', #2477, #1571, #1498, .T. ) ;
#1673 = CARTESIAN_POINT ( 'NONE',  ( -3.703681331867603177, 5.796261221746093817, -16.33539851341176785 ) ) ;
#1674 = EDGE_LOOP ( 'NONE', ( #913, #2894, #2939, #3, #724, #1520, #814 ) ) ;
#1675 = CARTESIAN_POINT ( 'NONE',  ( 2.527692910125510117, 4.788586041294016660, -16.56270306735880382 ) ) ;
#1676 = CARTESIAN_POINT ( 'NONE',  ( 2.094352346640805163, -12.17164923206676264, -16.62057902428651346 ) ) ;
#1677 = EDGE_CURVE ( 'NONE', #45, #2177, #241, .T. ) ;
#1678 = DIRECTION ( 'NONE',  ( -0.000000000000000000, -0.000000000000000000, -1.000000000000000000 ) ) ;
#1679 = VECTOR ( 'NONE', #260, 1000.000000000000000 ) ;
#1680 =( NAMED_UNIT ( * ) PLANE_ANGLE_UNIT ( ) SI_UNIT ( $, .RADIAN. ) );
#1681 = CARTESIAN_POINT ( 'NONE',  ( -7.756514133143502576, -10.31109585168932519, -14.87409796543705198 ) ) ;
#1682 = VERTEX_POINT ( 'NONE', #2418 ) ;
#1683 = CARTESIAN_POINT ( 'NONE',  ( -14.00000000000000000, -2.999999999999778844, -6.946152422707341678 ) ) ;
#1684 = CIRCLE ( 'NONE', #336, 5.395821831086830223 ) ;
#1685 = CIRCLE ( 'NONE', #2140, 15.22843652030393891 ) ;
#1686 = DIRECTION ( 'NONE',  ( -0.000000000000000000, 1.000000000000000000, -0.000000000000000000 ) ) ;
#1687 = CARTESIAN_POINT ( 'NONE',  ( 12.48913230033472921, -6.487860868571002193, -9.429107975515858442 ) ) ;
#1688 = VECTOR ( 'NONE', #2053, 1000.000000000000000 ) ;
#1689 = CARTESIAN_POINT ( 'NONE',  ( -12.25437630893843810, -6.453998895455003826, -10.60524603182179426 ) ) ;
#1690 = EDGE_LOOP ( 'NONE', ( #342, #663, #1001 ) ) ;
#1691 = CIRCLE ( 'NONE', #2312, 2.750000000000000000 ) ;
#1692 = CARTESIAN_POINT ( 'NONE',  ( 12.49999999999999822, 7.899186575338829286, -2.685911008153932134 ) ) ;
#1693 = CARTESIAN_POINT ( 'NONE',  ( -14.00000000000000000, 6.000000000000000000, -0.9000000000000004663 ) ) ;
#1694 = CARTESIAN_POINT ( 'NONE',  ( 0.5617148660998136922, -12.54160593326979800, -17.08264849625669868 ) ) ;
#1695 = AXIS2_PLACEMENT_3D ( 'NONE', #1258, #895, #2256 ) ;
#1696 = DIRECTION ( 'NONE',  ( -1.836638480190444758E-16, 0.000000000000000000, -1.000000000000000000 ) ) ;
#1697 = CIRCLE ( 'NONE', #2315, 15.22843652030393891 ) ;
#1698 = ORIENTED_EDGE ( 'NONE', *, *, #1437, .T. ) ;
#1699 = CARTESIAN_POINT ( 'NONE',  ( 0.000000000000000000, 3.000000000000000000, -30.40457638090298076 ) ) ;
#1700 = CARTESIAN_POINT ( 'NONE',  ( -8.010678653424150752, -10.50561476333797906, -15.17320871885221933 ) ) ;
#1701 = CIRCLE ( 'NONE', #802, 1.100000000000181721 ) ;
#1702 = CARTESIAN_POINT ( 'NONE',  ( -13.63656219094165678, 6.790535967671640805, 0.4611668991534201845 ) ) ;
#1703 = EDGE_CURVE ( 'NONE', #887, #379, #3253, .T. ) ;
#1704 = AXIS2_PLACEMENT_3D ( 'NONE', #467, #703, #3134 ) ;
#1705 = DIRECTION ( 'NONE',  ( 0.000000000000000000, 0.000000000000000000, -1.000000000000000000 ) ) ;
#1706 = EDGE_CURVE ( 'NONE', #1555, #503, #1361, .T. ) ;
#1707 = CARTESIAN_POINT ( 'NONE',  ( -3.591899499527570150, -11.90741207571872629, -16.36838431044265363 ) ) ;
#1708 = ORIENTED_EDGE ( 'NONE', *, *, #748, .T. ) ;
#1709 = CARTESIAN_POINT ( 'NONE',  ( -14.99487744096274966, -2.550964049395593847, -3.500927733768541827 ) ) ;
#1710 = LINE ( 'NONE', #880, #3358 ) ;
#1711 = CARTESIAN_POINT ( 'NONE',  ( 12.49999999999998757, -6.543416867325409392, -9.235898904313005531 ) ) ;
#1712 = AXIS2_PLACEMENT_3D ( 'NONE', #606, #3259, #872 ) ;
#1713 = CARTESIAN_POINT ( 'NONE',  ( -12.42328211183535380, -7.479513660790400031, -9.931509738144056243 ) ) ;
#1714 = ORIENTED_EDGE ( 'NONE', *, *, #1271, .F. ) ;
#1715 = EDGE_CURVE ( 'NONE', #542, #2005, #3403, .T. ) ;
#1716 = DIRECTION ( 'NONE',  ( -0.000000000000000000, -0.000000000000000000, 1.000000000000000000 ) ) ;
#1717 = CARTESIAN_POINT ( 'NONE',  ( 1.435856443277038715E-15, 0.000000000000000000, 7.817850158122309878 ) ) ;
#1718 = CARTESIAN_POINT ( 'NONE',  ( 11.44401738755366083, 8.069576808706539595, -12.15910393285033209 ) ) ;
#1719 = DIRECTION ( 'NONE',  ( 1.000000000000000000, 0.000000000000000000, -1.836638480190444758E-16 ) ) ;
#1720 = CARTESIAN_POINT ( 'NONE',  ( -12.96450768588125158, -7.619855861551306120, -5.942756098209958537 ) ) ;
#1721 = CARTESIAN_POINT ( 'NONE',  ( 1.877213758250006137, -12.55939512112580836, -16.64664102336796248 ) ) ;
#1722 = CARTESIAN_POINT ( 'NONE',  ( 12.96448143727655555, -7.625147029366136309, -5.917653916274559833 ) ) ;
#1723 = DIRECTION ( 'NONE',  ( 1.000000000000000000, 0.000000000000000000, 0.000000000000000000 ) ) ;
#1724 = CARTESIAN_POINT ( 'NONE',  ( -3.091960692569268865, 4.870976625262318116, -16.46234307853659473 ) ) ;
#1725 = ORIENTED_EDGE ( 'NONE', *, *, #418, .T. ) ;
#1726 = CARTESIAN_POINT ( 'NONE',  ( -12.49999999999999467, 7.527804354203656345, -9.376593577025500892 ) ) ;
#1727 = EDGE_CURVE ( 'NONE', #721, #310, #3205, .T. ) ;
#1728 = CYLINDRICAL_SURFACE ( 'NONE', #3305, 11.00000000000000888 ) ;
#1729 = CARTESIAN_POINT ( 'NONE',  ( 12.31280282364483192, -7.473166342521603056, -10.42003888064743755 ) ) ;
#1730 = CARTESIAN_POINT ( 'NONE',  ( 5.395821831086832887, -0.3591193586751368905, -15.85709956981940927 ) ) ;
#1731 = ORIENTED_EDGE ( 'NONE', *, *, #3097, .T. ) ;
#1732 = ORIENTED_EDGE ( 'NONE', *, *, #2629, .T. ) ;
#1733 = CARTESIAN_POINT ( 'NONE',  ( -5.387514005267366457, 0.2993093314302207597, -15.85992411214656350 ) ) ;
#1734 = DIRECTION ( 'NONE',  ( 0.000000000000000000, 0.000000000000000000, -1.000000000000000000 ) ) ;
#1735 = VERTEX_POINT ( 'NONE', #2912 ) ;
#1736 =( BOUNDED_SURFACE ( )  B_SPLINE_SURFACE ( 3, 2, ( 
 ( #442, #1233, #973 ),
 ( #1778, #2834, #1506 ),
 ( #646, #1718, #2773 ),
 ( #1449, #1796, #508 ),
 ( #3392, #768, #2373 ),
 ( #1832, #1575, #1281 ),
 ( #230, #2645, #2067 ),
 ( #459, #1301, #1524 ),
 ( #2867, #2353, #2850 ),
 ( #1592, #475, #3431 ),
 ( #1539, #198, #2610 ),
 ( #2116, #738, #3412 ),
 ( #2882, #1037, #2340 ),
 ( #1004, #215, #1021 ) ),
 .UNSPECIFIED., .F., .F., .T. ) 
 B_SPLINE_SURFACE_WITH_KNOTS ( ( 4, 2, 2, 2, 2, 2, 4 ),
 ( 3, 3 ),
 ( 4.336808689942017736E-19, 0.001258881918350310833, 0.002517763836700621233, 0.003147204795875776541, 0.003776645755050931849, 0.004406086714226087157, 0.005035527673401242466 ),
 ( 0.000000000000000000, 1.000000000000000000 ),
 .UNSPECIFIED. ) 
 GEOMETRIC_REPRESENTATION_ITEM ( )  RATIONAL_B_SPLINE_SURFACE ( (
 ( 1.000000000000000000, 0.3939602675159956102, 1.000000000000000000),
 ( 1.000000000000000000, 0.3717351255909672192, 1.000000000000000000),
 ( 1.000000000000000000, 0.3491721517121011420, 1.000000000000000000),
 ( 1.000000000000000000, 0.3048438207474267747, 1.000000000000000000),
 ( 1.000000000000000000, 0.2826588228318647755, 1.000000000000000000),
 ( 1.000000000000000000, 0.2553090910722985996, 1.000000000000000000),
 ( 1.000000000000000000, 0.2471236500799055269, 1.000000000000000000),
 ( 1.000000000000000000, 0.2346550227900564278, 1.000000000000000000),
 ( 1.000000000000000000, 0.2304374928387463439, 1.000000000000000000),
 ( 1.000000000000000000, 0.2272829946871284534, 1.000000000000000000),
 ( 1.000000000000000000, 0.2284633022203959585, 1.000000000000000000),
 ( 1.000000000000000000, 0.2357553771903710960, 1.000000000000000000),
 ( 1.000000000000000000, 0.2418335915370242173, 1.000000000000000000),
 ( 1.000000000000000000, 0.2495962912200512529, 1.000000000000000000) ) ) 
 REPRESENTATION_ITEM ( '' )  SURFACE ( )  );
#1737 = ORIENTED_EDGE ( 'NONE', *, *, #1373, .T. ) ;
#1738 = PLANE ( 'NONE',  #3130 ) ;
#1739 = CARTESIAN_POINT ( 'NONE',  ( -6.676987387454229150, 11.14981372498483481, -15.76994919556120145 ) ) ;
#1740 = CIRCLE ( 'NONE', #3399, 0.2500000000000007772 ) ;
#1741 = CARTESIAN_POINT ( 'NONE',  ( 8.010678653425634010, 10.50561476333514221, -15.17320871885606692 ) ) ;
#1742 = VERTEX_POINT ( 'NONE', #272 ) ;
#1743 = CARTESIAN_POINT ( 'NONE',  ( -12.50000000000695444, 7.795318155155569251, -8.576558728560042866 ) ) ;
#1744 = ADVANCED_FACE ( 'NONE', ( #2162 ), #1143, .T. ) ;
#1745 = CARTESIAN_POINT ( 'NONE',  ( 10.69148936170212671, -8.038243187928564737, -12.89397360120650049 ) ) ;
#1746 = CARTESIAN_POINT ( 'NONE',  ( 3.938262906509049088, -3.692628285493194440, -16.28093022194311601 ) ) ;
#1747 = VERTEX_POINT ( 'NONE', #2218 ) ;
#1748 = AXIS2_PLACEMENT_3D ( 'NONE', #2156, #1057, #922 ) ;
#1749 = CIRCLE ( 'NONE', #2031, 0.9000000000000005773 ) ;
#1750 = ORIENTED_EDGE ( 'NONE', *, *, #1706, .T. ) ;
#1751 = EDGE_CURVE ( 'NONE', #2190, #1747, #979, .T. ) ;
#1752 = CARTESIAN_POINT ( 'NONE',  ( -12.49999999999999822, -2.204034631566456959, 7.567850158122312543 ) ) ;
#1753 = EDGE_LOOP ( 'NONE', ( #2626, #954 ) ) ;
#1755 = AXIS2_PLACEMENT_3D ( 'NONE', #1699, #667, #993 ) ;
#1754 = DIRECTION ( 'NONE',  ( 0.000000000000000000, 0.000000000000000000, 1.000000000000000000 ) ) ;
#1756 = CIRCLE ( 'NONE', #292, 2.750000000000000000 ) ;
#1757 = SURFACE_STYLE_USAGE ( .BOTH. , #1119 ) ;
#1758 = CARTESIAN_POINT ( 'NONE',  ( -14.00000000000000000, -3.000000000000024425, 4.296152422706614793 ) ) ;
#1759 = DIRECTION ( 'NONE',  ( 1.000000000000000000, 0.000000000000000000, -0.000000000000000000 ) ) ;
#1760 = AXIS2_PLACEMENT_3D ( 'NONE', #555, #2123, #817 ) ;
#1761 = CARTESIAN_POINT ( 'NONE',  ( -9.681954401149541312, 1.354779904922068345, -13.66829393062869080 ) ) ;
#1762 = EDGE_LOOP ( 'NONE', ( #266, #83 ) ) ;
#1763 = FACE_OUTER_BOUND ( 'NONE', #1133, .T. ) ;
#1764 = CARTESIAN_POINT ( 'NONE',  ( -3.703681331867603177, 6.841118264507028535, -19.38008845625273224 ) ) ;
#1765 = FACE_BOUND ( 'NONE', #1833, .T. ) ;
#1766 = ORIENTED_EDGE ( 'NONE', *, *, #2638, .T. ) ;
#1767 = VERTEX_POINT ( 'NONE', #1914 ) ;
#1768 = CARTESIAN_POINT ( 'NONE',  ( -5.235006927631268958, 7.802318267616403347, -21.00000000000001066 ) ) ;
#1769 = CARTESIAN_POINT ( 'NONE',  ( 7.126754890474817472, 10.96892150844482750, -15.60113596210092091 ) ) ;
#1770 = CARTESIAN_POINT ( 'NONE',  ( 2.098722274546040545, -12.17108113767750588, -16.62003547191051922 ) ) ;
#1771 = CARTESIAN_POINT ( 'NONE',  ( -15.07773562743579987, -1.303854953188672949, -4.750182961469148424 ) ) ;
#1772 = EDGE_CURVE ( 'NONE', #1947, #251, #1452, .T. ) ;
#1773 = CARTESIAN_POINT ( 'NONE',  ( 12.25105878518755276, 6.456000428212381514, -10.61544549633397594 ) ) ;
#1774 = CARTESIAN_POINT ( 'NONE',  ( -5.900942105143005111E-15, 0.000000000000000000, -20.90457638090298431 ) ) ;
#1775 = ORIENTED_EDGE ( 'NONE', *, *, #1556, .T. ) ;
#1776 = CARTESIAN_POINT ( 'NONE',  ( 10.85106382978724504, 8.038243187928573619, -13.08642096838867630 ) ) ;
#1777 = CARTESIAN_POINT ( 'NONE',  ( -3.703681331867603177, 6.322941700618052607, -18.92650194743335845 ) ) ;
#1778 = CARTESIAN_POINT ( 'NONE',  ( 10.93843156601320210, 7.781811714827953530, -12.68921283218335816 ) ) ;
#1779 = ORIENTED_EDGE ( 'NONE', *, *, #816, .F. ) ;
#1780 = ORIENTED_EDGE ( 'NONE', *, *, #1808, .F. ) ;
#1781 = LINE ( 'NONE', #2297, #2537 ) ;
#1782 = EDGE_CURVE ( 'NONE', #854, #2982, #3364, .T. ) ;
#1783 = CARTESIAN_POINT ( 'NONE',  ( 0.5118919988850648695, 12.54319926779700189, -17.08417119110205462 ) ) ;
#1784 = CARTESIAN_POINT ( 'NONE',  ( -12.96264529834738255, 2.240793659158411000, 7.694067236924055919 ) ) ;
#1785 = EDGE_CURVE ( 'NONE', #2222, #2436, #2857, .T. ) ;
#1786 = EDGE_CURVE ( 'NONE', #3140, #3144, #1511, .T. ) ;
#1787 = CARTESIAN_POINT ( 'NONE',  ( 6.920403398284863172, -10.72816989062663140, -15.26087839900312737 ) ) ;
#1788 = CARTESIAN_POINT ( 'NONE',  ( -14.79434872295198389, -2.130578964603045744, -6.719150480879048537 ) ) ;
#1789 = EDGE_CURVE ( 'NONE', #1604, #680, #2585, .T. ) ;
#1790 = CARTESIAN_POINT ( 'NONE',  ( 12.48888502485350038, 6.486771291424606289, -9.433059266457757275 ) ) ;
#1791 = FACE_OUTER_BOUND ( 'NONE', #2099, .T. ) ;
#1792 = ORIENTED_EDGE ( 'NONE', *, *, #1948, .F. ) ;
#1793 = EDGE_CURVE ( 'NONE', #2005, #460, #1606, .T. ) ;
#1794 = CARTESIAN_POINT ( 'NONE',  ( -12.50000000000000178, -7.494315484599051835, -5.915300471139023131 ) ) ;
#1795 = CARTESIAN_POINT ( 'NONE',  ( -12.96264529834739321, -7.992190295667326971, 0.5871295828635779701 ) ) ;
#1796 = CARTESIAN_POINT ( 'NONE',  ( 11.83663735730553235, 7.733970293915478855, -11.59229210269148069 ) ) ;
#1797 = ORIENTED_EDGE ( 'NONE', *, *, #2846, .F. ) ;
#1798 = DIRECTION ( 'NONE',  ( 1.000000000000000000, 0.000000000000000000, 0.000000000000000000 ) ) ;
#1799 = TOROIDAL_SURFACE ( 'NONE', #2046, 12.93909844839060952, 0.2500000000000000000 ) ;
#1800 = CARTESIAN_POINT ( 'NONE',  ( -12.50000000000000178, 7.499007301892829602, -5.892948415035672127 ) ) ;
#1801 = AXIS2_PLACEMENT_3D ( 'NONE', #2425, #2186, #1924 ) ;
#1802 = CARTESIAN_POINT ( 'NONE',  ( -7.645748661323927397E-15, 0.000000000000000000, -30.40457638090298431 ) ) ;
#1803 = PRODUCT_CONTEXT ( 'NONE', #2390, 'mechanical' ) ;
#1804 = CYLINDRICAL_SURFACE ( 'NONE', #1251, 1.100000000000065814 ) ;
#1806 = AXIS2_PLACEMENT_3D ( 'NONE', #1979, #2073, #113 ) ;
#1805 = CARTESIAN_POINT ( 'NONE',  ( -12.49999999999999822, -15.26367969708133288, 7.567850158122312543 ) ) ;
#1807 = CIRCLE ( 'NONE', #1926, 1.750000000000328626 ) ;
#1808 = EDGE_CURVE ( 'NONE', #8, #2304, #820, .T. ) ;
#1809 = EDGE_CURVE ( 'NONE', #28, #2159, #362, .T. ) ;
#1810 = DIRECTION ( 'NONE',  ( 1.000000000000000000, 0.000000000000000000, -1.836638480190444758E-16 ) ) ;
#1811 = CARTESIAN_POINT ( 'NONE',  ( -5.325534601949994951, -0.8861337738566351652, -15.88088599172810333 ) ) ;
#1812 = ORIENTED_EDGE ( 'NONE', *, *, #818, .F. ) ;
#1813 = AXIS2_PLACEMENT_3D ( 'NONE', #351, #1155, #282 ) ;
#1814 = CARTESIAN_POINT ( 'NONE',  ( -12.49999999999999822, -7.861082666726203705, 0.5774980344841339486 ) ) ;
#1815 = CARTESIAN_POINT ( 'NONE',  ( -15.22843652030393891, 0.000000000000000000, 0.5871295828635784142 ) ) ;
#1816 = B_SPLINE_CURVE_WITH_KNOTS ( 'NONE', 3,
 ( #2833, #2327, #2820, #709 ),
 .UNSPECIFIED., .F., .F.,
 ( 4, 4 ),
 ( 0.0008252689406747793768, 0.0008760412518932144408 ),
 .UNSPECIFIED. ) ;
#1817 = CARTESIAN_POINT ( 'NONE',  ( -10.69148936170213737, -8.038243187928575395, -12.89397360120649338 ) ) ;
#1818 = ORIENTED_EDGE ( 'NONE', *, *, #372, .T. ) ;
#1819 = CARTESIAN_POINT ( 'NONE',  ( -9.221705938622285714, 6.252244455084189134, -13.99431154848241299 ) ) ;
#1820 = VERTEX_POINT ( 'NONE', #1209 ) ;
#1821 = CARTESIAN_POINT ( 'NONE',  ( -12.50000000000000000, 6.000000000000000000, 0.8999999999999990230 ) ) ;
#1822 = CARTESIAN_POINT ( 'NONE',  ( -0.5456337734407848972, 12.30593753995716533, -16.74921874587395720 ) ) ;
#1823 = MANIFOLD_SOLID_BREP ( '基体零件-主体实体-1', #2630 ) ;
#1824 = CARTESIAN_POINT ( 'NONE',  ( -12.96885084570460300, 6.729889358241046615, -9.086338423935789166 ) ) ;
#1825 = CARTESIAN_POINT ( 'NONE',  ( -12.75000000000000000, 2.204034631566448077, 7.567850158122311655 ) ) ;
#1826 = DIRECTION ( 'NONE',  ( -0.000000000000000000, -1.000000000000000000, -0.000000000000000000 ) ) ;
#1827 = DIRECTION ( 'NONE',  ( 1.836638480190445004E-16, -0.000000000000000000, 1.000000000000000000 ) ) ;
#1828 = CARTESIAN_POINT ( 'NONE',  ( -12.74999999999999822, 2.204034631566456959, 7.567850158122312543 ) ) ;
#1829 = EDGE_LOOP ( 'NONE', ( #2446, #3290, #3303, #3210, #2464 ) ) ;
#1830 = DIRECTION ( 'NONE',  ( 0.000000000000000000, 0.000000000000000000, 1.000000000000000000 ) ) ;
#1831 = DIRECTION ( 'NONE',  ( 0.000000000000000000, 0.000000000000000000, -1.000000000000000000 ) ) ;
#1832 = CARTESIAN_POINT ( 'NONE',  ( 12.03982824935247464, 6.623796154613355469, -11.14841308658718688 ) ) ;
#1833 = EDGE_LOOP ( 'NONE', ( #3378, #2781 ) ) ;
#1834 = ADVANCED_FACE ( 'NONE', ( #759 ), #1273, .T. ) ;
#1835 = ORIENTED_EDGE ( 'NONE', *, *, #1727, .F. ) ;
#1836 = CARTESIAN_POINT ( 'NONE',  ( -12.05591063232341931, 7.579286901973467216, -11.14417432743448622 ) ) ;
#1837 = CARTESIAN_POINT ( 'NONE',  ( 10.36976812269611159, 8.361167352287777632, -13.16074002330811155 ) ) ;
#1838 = DIRECTION ( 'NONE',  ( 1.000000000000000000, -0.000000000000000000, -0.000000000000000000 ) ) ;
#1839 = CARTESIAN_POINT ( 'NONE',  ( -15.40468664080962569, -3.000000000000024425, 4.296152422706614793 ) ) ;
#1840 = DIRECTION ( 'NONE',  ( -1.000000000000000000, 0.000000000000000000, 0.000000000000000000 ) ) ;
#1841 = CARTESIAN_POINT ( 'NONE',  ( 4.764993072368731042, 2.531745297835314989, -27.50000000000001066 ) ) ;
#1842 = CARTESIAN_POINT ( 'NONE',  ( -1.098883445349049470, 12.51501631806713632, -17.05722148743380018 ) ) ;
#1843 = EDGE_LOOP ( 'NONE', ( #1766, #2567, #2245, #2607, #1359 ) ) ;
#1844 = EDGE_CURVE ( 'NONE', #1194, #350, #2494, .T. ) ;
#1845 = CARTESIAN_POINT ( 'NONE',  ( 15.22302705782250598, -0.8097522706123286840, -2.636173442628246821 ) ) ;
#1846 = CARTESIAN_POINT ( 'NONE',  ( -12.70792207799551932, -6.567484863440164133, -10.73874945897862254 ) ) ;
#1847 = CARTESIAN_POINT ( 'NONE',  ( -15.40468664080962569, -3.000000000000024425, 6.096152422706615504 ) ) ;
#1848 = DIRECTION ( 'NONE',  ( 1.000000000000000000, 0.000000000000000000, 0.000000000000000000 ) ) ;
#1849 = VERTEX_POINT ( 'NONE', #1582 ) ;
#1850 = ADVANCED_FACE ( 'NONE', ( #2887, #1060 ), #297, .T. ) ;
#1851 = DIRECTION ( 'NONE',  ( 1.000000000000000000, 0.000000000000000000, 0.000000000000000000 ) ) ;
#1852 = CARTESIAN_POINT ( 'NONE',  ( -11.87320190039090306, 6.784133368149338317, -11.47593959153021537 ) ) ;
#1853 = CARTESIAN_POINT ( 'NONE',  ( -5.235006927631268958, 28.00000000000001776, -21.00000000000001066 ) ) ;
#1855 = DIRECTION ( 'NONE',  ( -1.828608376399323524E-15, 0.07326547977373132348, 0.9973124733369803652 ) ) ;
#1854 = VECTOR ( 'NONE', #1463, 1000.000000000000000 ) ;
#1856 = CARTESIAN_POINT ( 'NONE',  ( 9.600203592371544303, -9.668665310062779739, -13.76371264495960567 ) ) ;
#1857 = DIRECTION ( 'NONE',  ( -1.000000000000000000, 0.000000000000000000, 1.028723352537439825E-16 ) ) ;
#1858 = AXIS2_PLACEMENT_3D ( 'NONE', #2919, #2404, #1366 ) ;
#1859 = EDGE_CURVE ( 'NONE', #2903, #3214, #1087, .T. ) ;
#1860 = FACE_OUTER_BOUND ( 'NONE', #2313, .T. ) ;
#1861 = AXIS2_PLACEMENT_3D ( 'NONE', #2217, #1412, #2705 ) ;
#1862 = CARTESIAN_POINT ( 'NONE',  ( 2.578376087421246243, 12.10657641522074535, -16.55828911415472504 ) ) ;
#1863 = ORIENTED_EDGE ( 'NONE', *, *, #1751, .T. ) ;
#1864 = AXIS2_PLACEMENT_3D ( 'NONE', #2941, #1094, #1851 ) ;
#1865 =( BOUNDED_SURFACE ( )  B_SPLINE_SURFACE ( 3, 2, ( 
 ( #3340, #1519, #2028 ),
 ( #175, #424, #2593 ),
 ( #2561, #159, #1228 ),
 ( #2381, #3427, #1033 ),
 ( #3190, #764, #2695 ),
 ( #1066, #316, #1312 ),
 ( #3168, #525, #3153 ),
 ( #2422, #2368, #3439 ),
 ( #2146, #275, #2111 ),
 ( #40, #800, #1883 ),
 ( #245, #2916, #3227 ),
 ( #1045, #1900, #21 ),
 ( #2934, #299, #2401 ),
 ( #1343, #1364, #1842 ),
 ( #1570, #1085, #2639 ),
 ( #1588, #2, #502 ),
 ( #2127, #541, #579 ),
 ( #2659, #778, #261 ),
 ( #1862, #2675, #1603 ),
 ( #2165, #3209, #1325 ),
 ( #822, #2949, #560 ),
 ( #1624, #2441, #2893 ),
 ( #1103, #2184, #838 ),
 ( #1920, #2969, #1643 ),
 ( #2709, #2272, #1741 ),
 ( #2987, #1941, #2458 ),
 ( #94, #2764, #1994 ),
 ( #2496, #1454, #1193 ) ),
 .UNSPECIFIED., .F., .F., .F. ) 
 B_SPLINE_SURFACE_WITH_KNOTS ( ( 4, 2, 2, 2, 2, 2, 2, 2, 2, 2, 2, 2, 2, 4 ),
 ( 3, 3 ),
 ( 0.000000000000000000, 0.003160874333093387657, 0.004741311499640081702, 0.006321748666186775313, 0.009482622999280163403, 0.01027284158255351021, 0.01106306016582685701, 0.01264349733237355063, 0.01422393449892024597, 0.01580437166546693958, 0.01738480883201363320, 0.01896524599856032681, 0.02212612033165371403, 0.02528699466474710125 ),
 ( 0.000000000000000000, 1.000000000000000000 ),
 .UNSPECIFIED. ) 
 GEOMETRIC_REPRESENTATION_ITEM ( )  RATIONAL_B_SPLINE_SURFACE ( (
 ( 1.000000000000000000, 0.3939602675160004952, 1.000000000000000000),
 ( 1.000000000000000000, 0.4189494888853217414, 1.000000000000000000),
 ( 1.000000000000000000, 0.4425521652039777210, 1.000000000000000000),
 ( 1.000000000000000000, 0.4751532513472659369, 1.000000000000000000),
 ( 1.000000000000000000, 0.4855519067060482530, 1.000000000000000000),
 ( 1.000000000000000000, 0.5052292292169910937, 1.000000000000000000),
 ( 1.000000000000000000, 0.5145362255560564924, 1.000000000000000000),
 ( 1.000000000000000000, 0.5397952090857245366, 1.000000000000000000),
 ( 1.000000000000000000, 0.5533479699661016937, 1.000000000000000000),
 ( 1.000000000000000000, 0.5651238856460862880, 1.000000000000000000),
 ( 1.000000000000000000, 0.5672195630599159433, 1.000000000000000000),
 ( 1.000000000000000000, 0.5708045433955568626, 1.000000000000000000),
 ( 1.000000000000000000, 0.5723034265199233861, 1.000000000000000000),
 ( 1.000000000000000000, 0.5759168499191300583, 1.000000000000000000),
 ( 1.000000000000000000, 0.5771491122959556686, 1.000000000000000000),
 ( 1.000000000000000000, 0.5772234136527051307, 1.000000000000000000),
 ( 1.000000000000000000, 0.5760637025721921933, 1.000000000000000000),
 ( 1.000000000000000000, 0.5712925899303735733, 1.000000000000000000),
 ( 1.000000000000000000, 0.5677365990827617503, 1.000000000000000000),
 ( 1.000000000000000000, 0.5585011560645259943, 1.000000000000000000),
 ( 1.000000000000000000, 0.5528213827714347772, 1.000000000000000000),
 ( 1.000000000000000000, 0.5395005621019426378, 1.000000000000000000),
 ( 1.000000000000000000, 0.5318123360224766838, 1.000000000000000000),
 ( 1.000000000000000000, 0.5065892633183798344, 1.000000000000000000),
 ( 1.000000000000000000, 0.4868386438309159070, 1.000000000000000000),
 ( 1.000000000000000000, 0.4428718694428166458, 1.000000000000000000),
 ( 1.000000000000000000, 0.4189298942931735104, 1.000000000000000000),
 ( 1.000000000000000000, 0.3939602675159962208, 1.000000000000000000) ) ) 
 REPRESENTATION_ITEM ( '' )  SURFACE ( )  );
#1866 = LINE ( 'NONE', #1069, #2036 ) ;
#1867 = CARTESIAN_POINT ( 'NONE',  ( 12.50000000000000178, -7.940342464058542937, -2.677380958330749294 ) ) ;
#1868 = CARTESIAN_POINT ( 'NONE',  ( -2.280955151671903103, 4.890003765734197927, -16.99999999999999645 ) ) ;
#1869 = DIRECTION ( 'NONE',  ( 0.000000000000000000, 0.000000000000000000, -1.000000000000000000 ) ) ;
#1870 = ORIENTED_EDGE ( 'NONE', *, *, #1286, .T. ) ;
#1871 = PRESENTATION_LAYER_ASSIGNMENT (  '', '', ( #2271 ) ) ;
#1872 = EDGE_CURVE ( 'NONE', #1742, #2660, #2120, .T. ) ;
#1873 = CIRCLE ( 'NONE', #1417, 0.2500000000000002220 ) ;
#1874 = LINE ( 'NONE', #2173, #1988 ) ;
#1875 = CARTESIAN_POINT ( 'NONE',  ( -12.46773099319095124, 7.491734826774078648, -9.670683662713438267 ) ) ;
#1876 = UNCERTAINTY_MEASURE_WITH_UNIT (LENGTH_MEASURE( 1.000000000000000082E-05 ), #3332, 'distance_accuracy_value', 'NONE');
#1877 = CARTESIAN_POINT ( 'NONE',  ( -7.770892782387512909, 10.27622481680140076, -14.84586198470100982 ) ) ;
#1878 = DIRECTION ( 'NONE',  ( -1.836638480190444758E-16, -0.000000000000000000, -1.000000000000000000 ) ) ;
#1879 = AXIS2_PLACEMENT_3D ( 'NONE', #1013, #3088, #2559 ) ;
#1880 = CARTESIAN_POINT ( 'NONE',  ( 8.445029093179964974, -10.22261477328854973, -14.91947629345247783 ) ) ;
#1881 = CARTESIAN_POINT ( 'NONE',  ( 12.95771957161495536, 6.598625780601320656, -9.495549010591005867 ) ) ;
#1882 = LINE ( 'NONE', #3426, #499 ) ;
#1883 = CARTESIAN_POINT ( 'NONE',  ( -2.964444092173966538, 12.28024663866763433, -16.83341759461529463 ) ) ;
#1884 = ORIENTED_EDGE ( 'NONE', *, *, #1310, .T. ) ;
#1885 = B_SPLINE_CURVE_WITH_KNOTS ( 'NONE', 3,
 ( #3085, #3317, #397, #1720, #681, #141, #1467, #3380, #166, #1221 ),
 .UNSPECIFIED., .F., .F.,
 ( 4, 2, 2, 2, 4 ),
 ( 1.734723475976807094E-18, 0.002444066618316352493, 0.004888133236632703250, 0.007332199854949050973, 0.009776266473265399562 ),
 .UNSPECIFIED. ) ;
#1886 = DIRECTION ( 'NONE',  ( 1.836638480190444758E-16, 0.000000000000000000, 1.000000000000000000 ) ) ;
#1887 = CARTESIAN_POINT ( 'NONE',  ( -10.85106382978724326, 8.038243187928575395, -13.08642096838867985 ) ) ;
#1888 = CARTESIAN_POINT ( 'NONE',  ( -11.16747471103806433, -7.534888055499370019, -12.46005175864049619 ) ) ;
#1889 = ORIENTED_EDGE ( 'NONE', *, *, #2507, .F. ) ;
#1890 = ORIENTED_EDGE ( 'NONE', *, *, #3276, .T. ) ;
#1891 = CARTESIAN_POINT ( 'NONE',  ( 12.75000000000000178, -2.204034631566447633, 7.567850158122307214 ) ) ;
#1892 = CARTESIAN_POINT ( 'NONE',  ( -14.55449113544274375, -2.944978493637748773, 3.433833201993663931 ) ) ;
#1893 = DIRECTION ( 'NONE',  ( -1.000000000000000000, 0.000000000000000000, 1.028723352537439825E-16 ) ) ;
#1894 = VERTEX_POINT ( 'NONE', #2360 ) ;
#1895 = FACE_OUTER_BOUND ( 'NONE', #893, .T. ) ;
#1896 = CARTESIAN_POINT ( 'NONE',  ( -12.95790815743395541, 6.599241407533062542, -9.493012782255071613 ) ) ;
#1897 = CARTESIAN_POINT ( 'NONE',  ( 12.96234058003345702, 8.052920208022932513, -0.2328172820452760750 ) ) ;
#1898 = CARTESIAN_POINT ( 'NONE',  ( 12.49999999999999822, -7.639753157909855652, -5.091353048335126807 ) ) ;
#1899 = EDGE_CURVE ( 'NONE', #2177, #1682, #2194, .T. ) ;
#1900 = CARTESIAN_POINT ( 'NONE',  ( -2.140756885077657490, 12.52824646818791798, -16.61480700376438335 ) ) ;
#1901 = ORIENTED_EDGE ( 'NONE', *, *, #2409, .F. ) ;
#1902 = CYLINDRICAL_SURFACE ( 'NONE', #131, 2.750000000000000000 ) ;
#1903 = CARTESIAN_POINT ( 'NONE',  ( 0.000000000000000000, 0.000000000000000000, -27.50000000000001066 ) ) ;
#1904 = DIRECTION ( 'NONE',  ( -0.000000000000000000, -0.000000000000000000, 1.000000000000000000 ) ) ;
#1905 = ORIENTED_EDGE ( 'NONE', *, *, #3136, .T. ) ;
#1906 = CARTESIAN_POINT ( 'NONE',  ( -12.50000000000000000, 7.126254171865526565, -7.489247751463121716 ) ) ;
#1907 = ADVANCED_FACE ( 'NONE', ( #535 ), #14, .T. ) ;
#1908 = ORIENTED_EDGE ( 'NONE', *, *, #748, .F. ) ;
#1909 = PLANE ( 'NONE',  #2040 ) ;
#1910 = PLANE ( 'NONE',  #2087 ) ;
#1911 = FACE_OUTER_BOUND ( 'NONE', #1403, .T. ) ;
#1912 = VERTEX_POINT ( 'NONE', #2415 ) ;
#1913 = CARTESIAN_POINT ( 'NONE',  ( -12.50000000000000355, -8.815471760525580791, -1.048576121302076336 ) ) ;
#1914 = CARTESIAN_POINT ( 'NONE',  ( -3.703681331867603177, 7.354779904922067679, -19.83886352160698863 ) ) ;
#1915 = DIRECTION ( 'NONE',  ( -1.836638480190444758E-16, -0.000000000000000000, -1.000000000000000000 ) ) ;
#1916 = EDGE_CURVE ( 'NONE', #1234, #1313, #1548, .T. ) ;
#1917 = EDGE_CURVE ( 'NONE', #692, #3068, #1409, .T. ) ;
#1918 = CIRCLE ( 'NONE', #2798, 15.23975065412817820 ) ;
#1919 = FILL_AREA_STYLE ('',( #837 ) ) ;
#1920 = CARTESIAN_POINT ( 'NONE',  ( 6.900690032488829395, 10.76506434225007069, -15.29396636523481412 ) ) ;
#1921 = ORIENTED_EDGE ( 'NONE', *, *, #3171, .F. ) ;
#1922 = CIRCLE ( 'NONE', #2745, 6.020797289396167429 ) ;
#1923 = AXIS2_PLACEMENT_3D ( 'NONE', #2824, #1495, #3098 ) ;
#1924 = DIRECTION ( 'NONE',  ( 0.000000000000000000, 0.000000000000000000, 1.000000000000000000 ) ) ;
#1925 = DIRECTION ( 'NONE',  ( -0.000000000000000000, 1.000000000000000000, -0.000000000000000000 ) ) ;
#1926 = AXIS2_PLACEMENT_3D ( 'NONE', #1652, #11, #2717 ) ;
#1927 = CARTESIAN_POINT ( 'NONE',  ( -9.681954401149541312, 5.727423584783560173, -35.96993204759647966 ) ) ;
#1928 = ORIENTED_EDGE ( 'NONE', *, *, #1668, .T. ) ;
#1929 = AXIS2_PLACEMENT_3D ( 'NONE', #2792, #2069, #416 ) ;
#1930 = VERTEX_POINT ( 'NONE', #2735 ) ;
#1931 = CARTESIAN_POINT ( 'NONE',  ( 11.00000000000000355, 0.000000000000000000, -20.90457638090298786 ) ) ;
#1932 = CARTESIAN_POINT ( 'NONE',  ( 8.439437682588520673, -10.22605514476063249, -14.92258472802132019 ) ) ;
#1933 = EDGE_CURVE ( 'NONE', #3140, #898, #1701, .T. ) ;
#1934 = DIRECTION ( 'NONE',  ( 0.000000000000000000, 0.000000000000000000, 1.000000000000000000 ) ) ;
#1935 = AXIS2_PLACEMENT_3D ( 'NONE', #861, #110, #1975 ) ;
#1936 = ORIENTED_EDGE ( 'NONE', *, *, #2431, .F. ) ;
#1937 = CARTESIAN_POINT ( 'NONE',  ( 4.092291406180097013, 3.523927594591576451, -16.24316400477211886 ) ) ;
#1938 = CARTESIAN_POINT ( 'NONE',  ( -1.042484663545751644, -12.63711211425938608, -16.72609911794108584 ) ) ;
#1939 = CARTESIAN_POINT ( 'NONE',  ( -3.182874192580181560, 4.914760434386503896, -17.45939036720560367 ) ) ;
#1940 = FACE_OUTER_BOUND ( 'NONE', #2451, .T. ) ;
#1941 = CARTESIAN_POINT ( 'NONE',  ( 9.591855532038168874, 9.675825673572820307, -13.77052478552824510 ) ) ;
#1942 = VERTEX_POINT ( 'NONE', #1147 ) ;
#1943 = FACE_OUTER_BOUND ( 'NONE', #3283, .T. ) ;
#1944 = DIRECTION ( 'NONE',  ( -0.000000000000000000, 1.000000000000000000, -0.000000000000000000 ) ) ;
#1945 = CARTESIAN_POINT ( 'NONE',  ( -12.34308871316278378, -7.473886324576230145, -10.29782327902074179 ) ) ;
#1946 = ORIENTED_EDGE ( 'NONE', *, *, #242, .T. ) ;
#1947 = VERTEX_POINT ( 'NONE', #2981 ) ;
#1948 = EDGE_CURVE ( 'NONE', #2868, #379, #1654, .T. ) ;
#1949 = CARTESIAN_POINT ( 'NONE',  ( 12.50000000000000355, 7.921008661822137142, -0.2382332290097824989 ) ) ;
#1950 = CARTESIAN_POINT ( 'NONE',  ( -1.051027811261694200, -12.51829187111360753, -17.06035109991863408 ) ) ;
#1951 = ORIENTED_EDGE ( 'NONE', *, *, #2653, .T. ) ;
#1952 = CARTESIAN_POINT ( 'NONE',  ( 4.236622934864335832, 3.349108559577462341, -16.20593202128099009 ) ) ;
#1953 = DIRECTION ( 'NONE',  ( -1.000000000000000000, 0.000000000000000000, 3.086170057612319597E-16 ) ) ;
#1954 = DIRECTION ( 'NONE',  ( 0.000000000000000000, -0.9397539854111162105, -0.3418514983204309909 ) ) ;
#1955 = DIRECTION ( 'NONE',  ( -1.000000000000000000, 0.000000000000000000, 1.978035332892873925E-16 ) ) ;
#1956 = CARTESIAN_POINT ( 'NONE',  ( -9.315639644566640953, -9.251603319297906580, -13.92742185179367453 ) ) ;
#1957 = ORIENTED_EDGE ( 'NONE', *, *, #1916, .F. ) ;
#1958 = CARTESIAN_POINT ( 'NONE',  ( -14.00000000000000000, -2.999999999999778844, -5.196152422707013052 ) ) ;
#1959 = CARTESIAN_POINT ( 'NONE',  ( 11.87320190039063839, -6.784133368149038112, -11.47593959153071630 ) ) ;
#1960 = CARTESIAN_POINT ( 'NONE',  ( -12.48180760497190889, -6.739880286742655713, -11.30658716532320085 ) ) ;
#1961 = ORIENTED_EDGE ( 'NONE', *, *, #3080, .T. ) ;
#1962 = ORIENTED_EDGE ( 'NONE', *, *, #2456, .F. ) ;
#1963 = DIRECTION ( 'NONE',  ( -1.836638480190444758E-16, -0.000000000000000000, -1.000000000000000000 ) ) ;
#1964 = CARTESIAN_POINT ( 'NONE',  ( -14.61809016209243417, -1.767232010159472955, 3.935278035167934174 ) ) ;
#1965 = FACE_OUTER_BOUND ( 'NONE', #1080, .T. ) ;
#1966 = EDGE_CURVE ( 'NONE', #513, #2423, #741, .T. ) ;
#1967 = B_SPLINE_CURVE_WITH_KNOTS ( 'NONE', 3,
 ( #100, #1730, #147, #1141, #1982, #1459, #2535, #2242, #1474, #2226, #1746, #2801, #1159, #3323, #933, #408, #1215, #2606, #734, #2830, #3373, #1000, #1262, #3139, #1246, #210, #2322, #985, #2620, #193, #3388, #2336, #3075, #2078, #3406, #3118, #720, #1811, #2303, #2817, #2063, #948 ),
 .UNSPECIFIED., .F., .F.,
 ( 4, 2, 2, 2, 2, 2, 2, 2, 2, 2, 2, 2, 2, 2, 2, 2, 2, 2, 2, 2, 4 ),
 ( 0.000000000000000000, 0.001061464958735737311, 0.002122929917471474623, 0.003184394876207212802, 0.003715127355575081457, 0.004245859834942950113, 0.005307324793678688292, 0.006368789752414427338, 0.006899522231782296428, 0.007430254711150166384, 0.008491719669885905430, 0.009553184628621645344, 0.01061464958735738526, 0.01167611454609312344, 0.01220684702546099253, 0.01273757950482885988, 0.01379904446356459459, 0.01486050942230033103, 0.01592197438103606574, 0.01645270686040393310, 0.01698343933977180045 ),
 .UNSPECIFIED. ) ;
#1968 = CIRCLE ( 'NONE', #444, 11.00000000000000888 ) ;
#1969 = ADVANCED_FACE ( 'NONE', ( #3275 ), #184, .F. ) ;
#1970 = ORIENTED_EDGE ( 'NONE', *, *, #2409, .T. ) ;
#1971 = CARTESIAN_POINT ( 'NONE',  ( -12.49999999999999822, -7.861082666726209034, 0.5774980344841326163 ) ) ;
#1972 = CARTESIAN_POINT ( 'NONE',  ( -5.714185879941212853, -11.54036195049521218, -16.13426379934269761 ) ) ;
#1973 = CARTESIAN_POINT ( 'NONE',  ( -3.703681331867603177, 5.796261221746092929, -18.48268814991502040 ) ) ;
#1974 = DIRECTION ( 'NONE',  ( -1.836638480190444758E-16, -0.000000000000000000, -1.000000000000000000 ) ) ;
#1975 = DIRECTION ( 'NONE',  ( -2.200792732666490981E-16, 0.000000000000000000, -1.000000000000000000 ) ) ;
#1976 = ORIENTED_EDGE ( 'NONE', *, *, #1844, .T. ) ;
#1977 = CARTESIAN_POINT ( 'NONE',  ( 12.50000000000000000, 3.367778697655221012E-16, -2.750000000000003553 ) ) ;
#1978 = AXIS2_PLACEMENT_3D ( 'NONE', #103, #2806, #2995 ) ;
#1979 = CARTESIAN_POINT ( 'NONE',  ( -12.74999999999999822, -2.204034631566459179, 7.567850158122312543 ) ) ;
#1980 = LINE ( 'NONE', #3308, #1058 ) ;
#1981 = VECTOR ( 'NONE', #2132, 1000.000000000000000 ) ;
#1982 = CARTESIAN_POINT ( 'NONE',  ( 5.116862439079269187, -1.748540984883609095, -15.94993590320984822 ) ) ;
#1983 = ORIENTED_EDGE ( 'NONE', *, *, #259, .F. ) ;
#1984 = CARTESIAN_POINT ( 'NONE',  ( 12.50000000000000000, 8.796495402815029507, -0.1997655033838238448 ) ) ;
#1985 = DIRECTION ( 'NONE',  ( -0.6124920114310995478, 0.6057412236299625219, 0.5078691819045152434 ) ) ;
#1986 = AXIS2_PLACEMENT_3D ( 'NONE', #3149, #2395, #2122 ) ;
#1987 = CARTESIAN_POINT ( 'NONE',  ( -12.49999999999999822, 0.000000000000000000, 1.285904190671799750E-15 ) ) ;
#1988 = VECTOR ( 'NONE', #1596, 1000.000000000000000 ) ;
#1989 = CARTESIAN_POINT ( 'NONE',  ( 1.478244058093524993, 5.194309347322956683, -16.68603894560022383 ) ) ;
#1990 = B_SPLINE_CURVE_WITH_KNOTS ( 'NONE', 3,
 ( #2872, #1290, #3452, #2160, #3400, #2616, #745, #2928 ),
 .UNSPECIFIED., .F., .F.,
 ( 4, 2, 2, 4 ),
 ( 2.168404344971008868E-18, 0.004885406199147609985, 0.007328109298721413242, 0.009770812398295216500 ),
 .UNSPECIFIED. ) ;
#1991 = CARTESIAN_POINT ( 'NONE',  ( -10.33335959028164197, -9.093178819555472359, -13.21248642386680672 ) ) ;
#1992 = TOROIDAL_SURFACE ( 'NONE', #2429, 7.882266468024040407, 0.2500000000000000000 ) ;
#1993 = CARTESIAN_POINT ( 'NONE',  ( -2.378614108316530640, 4.844450487876543754, -17.00000000000000000 ) ) ;
#1994 = CARTESIAN_POINT ( 'NONE',  ( 10.38154345352725372, 8.841428026106250115, -13.69403192149722592 ) ) ;
#1995 = ORIENTED_EDGE ( 'NONE', *, *, #347, .T. ) ;
#1996 = DIRECTION ( 'NONE',  ( -1.000000000000000000, 0.000000000000000000, 1.028723352537439825E-16 ) ) ;
#1997 = DIRECTION ( 'NONE',  ( -1.000000000000000000, 0.000000000000000000, 1.028723352537439825E-16 ) ) ;
#1998 = CYLINDRICAL_SURFACE ( 'NONE', #1389, 4.999999999999997335 ) ;
#1999 = CARTESIAN_POINT ( 'NONE',  ( -12.96920558233166965, -6.655724558752768694, -9.288339158278896335 ) ) ;
#2000 = VERTEX_POINT ( 'NONE', #1673 ) ;
#2001 = VERTEX_POINT ( 'NONE', #886 ) ;
#2002 = DIRECTION ( 'NONE',  ( -0.000000000000000000, -0.000000000000000000, -1.000000000000000000 ) ) ;
#2003 = DIRECTION ( 'NONE',  ( -1.836638480190444758E-16, -0.000000000000000000, -1.000000000000000000 ) ) ;
#2004 = VERTEX_POINT ( 'NONE', #2176 ) ;
#2005 = VERTEX_POINT ( 'NONE', #1431 ) ;
#2006 = CARTESIAN_POINT ( 'NONE',  ( 4.100000000000150635, 8.471403723159572676E-14, -30.40457638090298076 ) ) ;
#2007 = CARTESIAN_POINT ( 'NONE',  ( -12.50000000000000000, 7.126254172281671906, -7.489247751494436223 ) ) ;
#2008 = ADVANCED_FACE ( 'NONE', ( #1965 ), #3012, .F. ) ;
#2009 = PRESENTATION_STYLE_ASSIGNMENT (( #1757 ) ) ;
#2010 = CARTESIAN_POINT ( 'NONE',  ( -2.069262562084868140, -12.18154809230091118, -16.63003932700977572 ) ) ;
#2011 = VERTEX_POINT ( 'NONE', #1164 ) ;
#2012 = CARTESIAN_POINT ( 'NONE',  ( -12.50000000000000000, 8.738533316448881649, 0.6419581155002667128 ) ) ;
#2013 = ADVANCED_FACE ( 'NONE', ( #573, #3293 ), #31, .T. ) ;
#2014 = EDGE_CURVE ( 'NONE', #2903, #1369, #2588, .T. ) ;
#2015 = CARTESIAN_POINT ( 'NONE',  ( 12.05591063232203197, -7.579286901975401669, -11.14417432743591441 ) ) ;
#2016 = CARTESIAN_POINT ( 'NONE',  ( -12.44292643691409950, -6.417641793151715568, -9.823802255717634324 ) ) ;
#2017 = ORIENTED_EDGE ( 'NONE', *, *, #1859, .F. ) ;
#2018 = ORIENTED_EDGE ( 'NONE', *, *, #2400, .F. ) ;
#2019 = PLANE ( 'NONE',  #1185 ) ;
#2020 = ORIENTED_EDGE ( 'NONE', *, *, #950, .T. ) ;
#2021 = CARTESIAN_POINT ( 'NONE',  ( 13.15489754250074661, 0.000000000000000000, 7.694067236924051478 ) ) ;
#2022 = DIRECTION ( 'NONE',  ( 1.000000000000000000, 0.000000000000000000, 0.000000000000000000 ) ) ;
#2023 = CARTESIAN_POINT ( 'NONE',  ( 1.900000000000018341, 8.484874837950194552E-14, -30.40457638090298076 ) ) ;
#2024 = DIRECTION ( 'NONE',  ( 0.000000000000000000, 0.000000000000000000, -1.000000000000000000 ) ) ;
#2025 = ADVANCED_FACE ( 'NONE', ( #1911 ), #183, .T. ) ;
#2026 = CARTESIAN_POINT ( 'NONE',  ( 12.44231153174951210, 6.417103799346227433, -9.828033365024388956 ) ) ;
#2027 = VECTOR ( 'NONE', #2002, 1000.000000000000000 ) ;
#2028 = CARTESIAN_POINT ( 'NONE',  ( -11.04552720299155766, 8.182297624385782342, -13.14912914822988377 ) ) ;
#2029 = ORIENTED_EDGE ( 'NONE', *, *, #388, .F. ) ;
#2030 = CIRCLE ( 'NONE', #3353, 0.2499999999999998612 ) ;
#2031 = AXIS2_PLACEMENT_3D ( 'NONE', #665, #3362, #1734 ) ;
#2032 = EDGE_LOOP ( 'NONE', ( #1812, #216, #1936, #3128 ) ) ;
#2033 = FACE_BOUND ( 'NONE', #1230, .T. ) ;
#2034 = CARTESIAN_POINT ( 'NONE',  ( -10.85106382978724326, -8.038243187928575395, -13.08642096838867985 ) ) ;
#2035 = ORIENTED_EDGE ( 'NONE', *, *, #691, .F. ) ;
#2036 = VECTOR ( 'NONE', #2661, 1000.000000000000000 ) ;
#2038 = AXIS2_PLACEMENT_3D ( 'NONE', #2142, #3185, #2634 ) ;
#2037 = FACE_OUTER_BOUND ( 'NONE', #1535, .T. ) ;
#2039 = ADVANCED_FACE ( 'NONE', ( #1205 ), #1992, .T. ) ;
#2040 = AXIS2_PLACEMENT_3D ( 'NONE', #809, #789, #1355 ) ;
#2041 = DIRECTION ( 'NONE',  ( -0.000000000000000000, -0.000000000000000000, 1.000000000000000000 ) ) ;
#2042 = DIRECTION ( 'NONE',  ( 0.000000000000000000, 0.000000000000000000, 1.000000000000000000 ) ) ;
#2043 = VECTOR ( 'NONE', #772, 1000.000000000000000 ) ;
#2044 = CARTESIAN_POINT ( 'NONE',  ( -14.00000000000000000, 6.083153635350523558, -1.180996077376839981 ) ) ;
#2045 = CARTESIAN_POINT ( 'NONE',  ( -14.77295090030511204, -2.232779243209886744, -6.773071409534503928 ) ) ;
#2046 = AXIS2_PLACEMENT_3D ( 'NONE', #967, #225, #2349 ) ;
#2047 = CARTESIAN_POINT ( 'NONE',  ( -14.35212909290056160, -4.320246195708569381, -6.350684033533889661 ) ) ;
#2048 = CARTESIAN_POINT ( 'NONE',  ( -11.00000000000001243, 1.347111479062089588E-15, -20.90457638090298076 ) ) ;
#2049 = ORIENTED_EDGE ( 'NONE', *, *, #2977, .T. ) ;
#2050 = EDGE_CURVE ( 'NONE', #756, #2536, #2924, .T. ) ;
#2051 = CYLINDRICAL_SURFACE ( 'NONE', #1014, 1.000000000000000000 ) ;
#2052 = CARTESIAN_POINT ( 'NONE',  ( 11.58689551394514083, -7.083032974808753046, -11.94490470750070799 ) ) ;
#2053 = DIRECTION ( 'NONE',  ( 0.000000000000000000, -1.000000000000000000, 0.000000000000000000 ) ) ;
#2054 = ORIENTED_EDGE ( 'NONE', *, *, #1023, .F. ) ;
#2055 = EDGE_CURVE ( 'NONE', #322, #873, #518, .T. ) ;
#2056 = EDGE_LOOP ( 'NONE', ( #476, #2791, #493, #1928, #1297 ) ) ;
#2057 = DIRECTION ( 'NONE',  ( -1.000000000000000000, 0.000000000000000000, 1.851093278488479861E-16 ) ) ;
#2058 = CARTESIAN_POINT ( 'NONE',  ( -1.100000000000012523, -3.000000000000000000, -30.40457638090298076 ) ) ;
#2059 = DIRECTION ( 'NONE',  ( 0.000000000000000000, -1.000000000000000000, -4.857225732735055447E-14 ) ) ;
#2060 = CARTESIAN_POINT ( 'NONE',  ( 4.764993072368731042, 7.229177973502222798, -20.25126254240915458 ) ) ;
#2061 = CARTESIAN_POINT ( 'NONE',  ( -13.68410164281567276, 6.682113519090804310, 0.5871295828635773040 ) ) ;
#2062 = CARTESIAN_POINT ( 'NONE',  ( -14.64324875093986655, -4.063411797452330276, -3.787917438218786348 ) ) ;
#2063 = CARTESIAN_POINT ( 'NONE',  ( -5.395821831086831111, -0.1768697468429429043, -15.85709956981941282 ) ) ;
#2064 = ORIENTED_EDGE ( 'NONE', *, *, #1480, .T. ) ;
#2065 = CARTESIAN_POINT ( 'NONE',  ( 12.96234054440945194, 8.052927331831169155, -0.2329134670321523770 ) ) ;
#2066 = CARTESIAN_POINT ( 'NONE',  ( 12.50000000000000000, 6.616321703321405678, -9.045026257562769345 ) ) ;
#2067 = CARTESIAN_POINT ( 'NONE',  ( 12.56460203229516459, 6.669423102557793470, -11.12085768354967641 ) ) ;
#2068 = ORIENTED_EDGE ( 'NONE', *, *, #2474, .F. ) ;
#2069 = DIRECTION ( 'NONE',  ( 0.000000000000000000, 0.000000000000000000, 1.000000000000000000 ) ) ;
#2070 = CARTESIAN_POINT ( 'NONE',  ( -5.261028398177895582, 11.72516231960954514, -16.30660526288364665 ) ) ;
#2071 = EDGE_CURVE ( 'NONE', #472, #2011, #700, .T. ) ;
#2072 = ADVANCED_FACE ( 'NONE', ( #787 ), #3321, .T. ) ;
#2073 = DIRECTION ( 'NONE',  ( 8.327634814952352715E-15, -0.9601109260671171208, -0.2796194014129618211 ) ) ;
#2074 = CARTESIAN_POINT ( 'NONE',  ( 4.764993072368730154, 3.055808615354505875, -17.24589300414872639 ) ) ;
#2075 = CARTESIAN_POINT ( 'NONE',  ( -14.89141380776846546, -1.690090450902758334, -6.362205455279642763 ) ) ;
#2076 = VECTOR ( 'NONE', #864, 1000.000000000000000 ) ;
#2077 = CARTESIAN_POINT ( 'NONE',  ( -14.32110717922837217, -4.521282834532520667, -6.068831779364322720 ) ) ;
#2078 = CARTESIAN_POINT ( 'NONE',  ( -4.678182010092299059, -2.711557673429112914, -16.08471830543794212 ) ) ;
#2079 = ORIENTED_EDGE ( 'NONE', *, *, #697, .F. ) ;
#2080 = B_SPLINE_CURVE_WITH_KNOTS ( 'NONE', 3,
 ( #2842, #2828, #208, #2859, #2300, #2874 ),
 .UNSPECIFIED., .F., .F.,
 ( 4, 2, 4 ),
 ( 2.619019467237983364E-07, 0.001104676349197177866, 0.002209090796447632163 ),
 .UNSPECIFIED. ) ;
#2081 = CARTESIAN_POINT ( 'NONE',  ( -12.50000000000000355, -6.896417943017219443, -8.275038239823913955 ) ) ;
#2082 = CARTESIAN_POINT ( 'NONE',  ( -14.00000000000000000, -3.000000000000222933, 5.196152422706250107 ) ) ;
#2083 = CARTESIAN_POINT ( 'NONE',  ( -14.00000000000000000, 5.765625000000019540, 1.734234228521340793 ) ) ;
#2084 = ORIENTED_EDGE ( 'NONE', *, *, #469, .T. ) ;
#2085 = CARTESIAN_POINT ( 'NONE',  ( -9.681954401149541312, 5.727423584783560173, -13.66829393062869080 ) ) ;
#2086 = AXIS2_PLACEMENT_3D ( 'NONE', #1406, #1448, #2522 ) ;
#2087 = AXIS2_PLACEMENT_3D ( 'NONE', #1635, #63, #2506 ) ;
#2088 = EDGE_LOOP ( 'NONE', ( #78, #1427, #1901, #986, #552, #2277 ) ) ;
#2089 = CARTESIAN_POINT ( 'NONE',  ( 1.100000000000351141, -3.000000000000000000, -30.40457638090298076 ) ) ;
#2090 = CIRCLE ( 'NONE', #1858, 1.750000000000328626 ) ;
#2091 = DIRECTION ( 'NONE',  ( 1.000000000000000000, 0.000000000000000000, -1.334402673828313339E-16 ) ) ;
#2092 = B_SPLINE_CURVE_WITH_KNOTS ( 'NONE', 3,
 ( #3108, #3124, #3143, #1252 ),
 .UNSPECIFIED., .F., .F.,
 ( 4, 4 ),
 ( 0.000000000000000000, 0.001724447063471441473 ),
 .UNSPECIFIED. ) ;
#2093 = AXIS2_PLACEMENT_3D ( 'NONE', #1237, #926, #941 ) ;
#2094 = CYLINDRICAL_SURFACE ( 'NONE', #1516, 0.9000000000000005773 ) ;
#2096 = TOROIDAL_SURFACE ( 'NONE', #1073, 7.882266468024036854, 0.2500000000000000000 ) ;
#2095 = CARTESIAN_POINT ( 'NONE',  ( -15.07839622521570178, -1.844235819336195625, -3.877092388972675607 ) ) ;
#2097 = CARTESIAN_POINT ( 'NONE',  ( -14.70176767683151375, -3.873697836252119941, -3.662910530245294449 ) ) ;
#2098 = CARTESIAN_POINT ( 'NONE',  ( -12.49999999999999822, -7.861082666726203705, 0.5774980344841339486 ) ) ;
#2099 = EDGE_LOOP ( 'NONE', ( #3096, #3341, #2870, #2354 ) ) ;
#2100 = AXIS2_PLACEMENT_3D ( 'NONE', #2214, #361, #2231 ) ;
#2101 = CARTESIAN_POINT ( 'NONE',  ( -12.50000000000000178, -7.838276483104433368, -3.503418208697485881 ) ) ;
#2102 = DIRECTION ( 'NONE',  ( 0.1703391190938216282, -0.9853855004546905327, 0.000000000000000000 ) ) ;
#2103 = ORIENTED_EDGE ( 'NONE', *, *, #3208, .F. ) ;
#2104 = CARTESIAN_POINT ( 'NONE',  ( -12.48295509104436007, 6.738878586671733117, -11.30411576968757714 ) ) ;
#2105 = CARTESIAN_POINT ( 'NONE',  ( 2.069262562084870805, 12.18154809230091118, -16.63003932700977927 ) ) ;
#2106 = FACE_OUTER_BOUND ( 'NONE', #1489, .T. ) ;
#2107 = CARTESIAN_POINT ( 'NONE',  ( 2.666376244769948389, -12.45367234322866601, -16.53865722894242296 ) ) ;
#2108 = CARTESIAN_POINT ( 'NONE',  ( 12.47897435823722034, 6.742365719277019664, -11.31264198000149612 ) ) ;
#2109 = EDGE_CURVE ( 'NONE', #905, #2714, #1351, .T. ) ;
#2110 = CARTESIAN_POINT ( 'NONE',  ( 12.49999999999999645, -6.616321703321395020, -9.045026257562762240 ) ) ;
#2111 = CARTESIAN_POINT ( 'NONE',  ( -4.275831013104331113, 12.02212930222453480, -16.58810184828348255 ) ) ;
#2112 = ORIENTED_EDGE ( 'NONE', *, *, #1677, .F. ) ;
#2113 = EDGE_CURVE ( 'NONE', #2189, #503, #1414, .T. ) ;
#2114 = CARTESIAN_POINT ( 'NONE',  ( 15.23971408995153709, -3.944302257673206053E-15, -2.750000000000004441 ) ) ;
#2115 = CARTESIAN_POINT ( 'NONE',  ( -12.56204614684819632, -6.671472264827609244, -11.12697207058465310 ) ) ;
#2116 = CARTESIAN_POINT ( 'NONE',  ( 12.48895648119337665, 6.487265721151613818, -9.431454834152178890 ) ) ;
#2117 = ORIENTED_EDGE ( 'NONE', *, *, #3030, .F. ) ;
#2118 = B_SPLINE_CURVE_WITH_KNOTS ( 'NONE', 3,
 ( #996, #2074, #2286, #2858, #2603, #1275, #2060, #944 ),
 .UNSPECIFIED., .F., .F.,
 ( 4, 2, 2, 4 ),
 ( 0.000000000000000000, 0.001713610820165906070, 0.003427221640331813875, 0.006854443280663619943 ),
 .UNSPECIFIED. ) ;
#2119 = CARTESIAN_POINT ( 'NONE',  ( -11.48704071753550693, 7.190617852286046663, -12.06693126567257934 ) ) ;
#2120 = LINE ( 'NONE', #2615, #2043 ) ;
#2121 = ADVANCED_FACE ( 'NONE', ( #130, #894 ), #3215, .F. ) ;
#2122 = DIRECTION ( 'NONE',  ( 0.000000000000000000, -0.000000000000000000, 1.000000000000000000 ) ) ;
#2123 = DIRECTION ( 'NONE',  ( -1.000000000000000000, 0.000000000000000000, 1.028723352537439825E-16 ) ) ;
#2124 = CARTESIAN_POINT ( 'NONE',  ( 11.30755167971273600, 7.922188398953259103, -12.93409698253092266 ) ) ;
#2125 = PRESENTATION_LAYER_ASSIGNMENT (  '', '', ( #3450 ) ) ;
#2126 = DIRECTION ( 'NONE',  ( 0.000000000000000000, 1.000000000000000000, 0.000000000000000000 ) ) ;
#2127 = CARTESIAN_POINT ( 'NONE',  ( 1.018182374829277315, 12.28309078312782709, -16.72728921569094140 ) ) ;
#2128 = EDGE_LOOP ( 'NONE', ( #1076, #1540, #1005, #1889 ) ) ;
#2129 = FACE_OUTER_BOUND ( 'NONE', #1690, .T. ) ;
#2130 = LINE ( 'NONE', #2920, #957 ) ;
#2131 = CYLINDRICAL_SURFACE ( 'NONE', #3354, 1.750000000000328626 ) ;
#2132 = DIRECTION ( 'NONE',  ( -0.000000000000000000, -0.000000000000000000, 1.000000000000000000 ) ) ;
#2133 = ORIENTED_EDGE ( 'NONE', *, *, #2846, .T. ) ;
#2134 = CARTESIAN_POINT ( 'NONE',  ( -12.75000000000000000, 0.000000000000000000, 1.311622274485235706E-15 ) ) ;
#2135 = ORIENTED_EDGE ( 'NONE', *, *, #1222, .T. ) ;
#2136 = LINE ( 'NONE', #3234, #2633 ) ;
#2137 = CARTESIAN_POINT ( 'NONE',  ( -11.82068441562673655, 7.751027323866031438, -11.59765887867158973 ) ) ;
#2138 = AXIS2_PLACEMENT_3D ( 'NONE', #1491, #2564, #1831 ) ;
#2139 = CARTESIAN_POINT ( 'NONE',  ( 6.908506238692643464, 10.76126255972082646, -15.29044176655406773 ) ) ;
#2140 = AXIS2_PLACEMENT_3D ( 'NONE', #891, #3301, #3021 ) ;
#2142 = CARTESIAN_POINT ( 'NONE',  ( -12.75000000000000000, 2.204034631566455182, 7.567850158122312543 ) ) ;
#2141 = AXIS2_PLACEMENT_3D ( 'NONE', #3055, #395, #3036 ) ;
#2143 = CARTESIAN_POINT ( 'NONE',  ( 8.170486465417290844, -10.03795004953990677, -14.62910009666066280 ) ) ;
#2144 = CARTESIAN_POINT ( 'NONE',  ( -1.953692687343792041E-15, 0.000000000000000000, 0.5871295828635756386 ) ) ;
#2145 = CARTESIAN_POINT ( 'NONE',  ( -12.50000000000000000, -6.616321703321407455, -9.045026257562765792 ) ) ;
#2146 = CARTESIAN_POINT ( 'NONE',  ( -4.134492001685734053, 11.79846492667559055, -16.26452872858877541 ) ) ;
#2147 = ORIENTED_EDGE ( 'NONE', *, *, #1542, .T. ) ;
#2148 = AXIS2_PLACEMENT_3D ( 'NONE', #3454, #3187, #2419 ) ;
#2149 = DIRECTION ( 'NONE',  ( 0.000000000000000000, 8.881784197001252323E-16, -1.000000000000000000 ) ) ;
#2150 = DIRECTION ( 'NONE',  ( 0.000000000000000000, 0.000000000000000000, 1.000000000000000000 ) ) ;
#2151 = CARTESIAN_POINT ( 'NONE',  ( -14.46006339245223415, 4.674634989985358757, 1.154341903154078031 ) ) ;
#2152 = ORIENTED_EDGE ( 'NONE', *, *, #461, .T. ) ;
#2153 = VECTOR ( 'NONE', #3366, 1000.000000000000000 ) ;
#2154 = CIRCLE ( 'NONE', #694, 0.2500000000000003331 ) ;
#2155 = EDGE_LOOP ( 'NONE', ( #3228, #642, #3296, #2917, #331, #2940, #3252, #2490, #3032, #2503, #883, #1970, #3033, #356, #2988, #1385, #3320, #3109, #3079 ) ) ;
#2156 = CARTESIAN_POINT ( 'NONE',  ( 0.000000000000000000, 3.000000000000000000, -27.50000000000001066 ) ) ;
#2157 = CARTESIAN_POINT ( 'NONE',  ( -10.69148936170213382, 8.038243187928568290, -12.89397360120649694 ) ) ;
#2158 = DIRECTION ( 'NONE',  ( -1.334402673828313339E-16, 0.000000000000000000, -1.000000000000000000 ) ) ;
#2159 = VERTEX_POINT ( 'NONE', #1173 ) ;
#2160 = CARTESIAN_POINT ( 'NONE',  ( -12.96376874202899110, 7.767813559020067871, -5.111926455086067023 ) ) ;
#2161 = VECTOR ( 'NONE', #2041, 1000.000000000000000 ) ;
#2162 = FACE_OUTER_BOUND ( 'NONE', #3007, .T. ) ;
#2163 = DIRECTION ( 'NONE',  ( 0.000000000000000000, 2.891205793294676650E-15, -1.000000000000000000 ) ) ;
#2164 = CARTESIAN_POINT ( 'NONE',  ( 12.49999999999999822, -7.795318155172228813, -8.576558728563481893 ) ) ;
#2165 = CARTESIAN_POINT ( 'NONE',  ( 3.585502859935245645, 11.90885990739089806, -16.36976270070878670 ) ) ;
#2166 = EDGE_LOOP ( 'NONE', ( #3119, #2211, #2079, #2599 ) ) ;
#2167 = DIRECTION ( 'NONE',  ( -1.000000000000000000, -0.000000000000000000, 3.086170057612319597E-16 ) ) ;
#2168 = CARTESIAN_POINT ( 'NONE',  ( -12.75000000000000000, 2.204034631566460511, 7.567850158122312543 ) ) ;
#2169 = CARTESIAN_POINT ( 'NONE',  ( -14.30931127365833788, 5.036151099209444482, 1.469265016864174322 ) ) ;
#2170 = ORIENTED_EDGE ( 'NONE', *, *, #1211, .F. ) ;
#2171 = DIRECTION ( 'NONE',  ( -1.000000000000000000, 0.000000000000000000, 1.028723352537439825E-16 ) ) ;
#2172 = ORIENTED_EDGE ( 'NONE', *, *, #2326, .F. ) ;
#2173 = CARTESIAN_POINT ( 'NONE',  ( 4.764993072368731042, 28.00000000000001776, -27.50000000000001066 ) ) ;
#2174 = CARTESIAN_POINT ( 'NONE',  ( -2.661660435874898756, -12.33828051628333178, -16.88858946811117789 ) ) ;
#2175 = ADVANCED_FACE ( 'NONE', ( #547 ), #3161, .T. ) ;
#2176 = CARTESIAN_POINT ( 'NONE',  ( -2.280955151671934633, 4.890003765734248553, -16.59396708433705925 ) ) ;
#2177 = VERTEX_POINT ( 'NONE', #96 ) ;
#2178 = CARTESIAN_POINT ( 'NONE',  ( 4.835804911831997899, 2.404129193863213665, -16.03714728500163389 ) ) ;
#2179 = EDGE_CURVE ( 'NONE', #2295, #1551, #739, .T. ) ;
#2180 = CARTESIAN_POINT ( 'NONE',  ( 9.649694444501163204, -9.432137853104691771, -14.21140368579566982 ) ) ;
#2181 = CARTESIAN_POINT ( 'NONE',  ( 12.96920548474224333, 6.655744162436816325, -9.288285784488820696 ) ) ;
#2182 = CARTESIAN_POINT ( 'NONE',  ( 12.50000000000000178, -8.854137043246884886, -1.036835619222879368 ) ) ;
#2183 = ADVANCED_FACE ( 'NONE', ( #2530 ), #1471, .T. ) ;
#2184 = CARTESIAN_POINT ( 'NONE',  ( 5.656632570550788941, 11.70089057750525008, -15.77427578815362352 ) ) ;
#2185 = ORIENTED_EDGE ( 'NONE', *, *, #558, .T. ) ;
#2186 = DIRECTION ( 'NONE',  ( -1.000000000000000000, 0.000000000000000000, 1.028723352537439825E-16 ) ) ;
#2187 = CARTESIAN_POINT ( 'NONE',  ( -12.48907384820432043, 6.487402027037406427, -9.430560638427843756 ) ) ;
#2188 = CARTESIAN_POINT ( 'NONE',  ( -14.59350282636871476, 4.351431271397384393, 0.5871295828635768599 ) ) ;
#2189 = VERTEX_POINT ( 'NONE', #2546 ) ;
#2190 = VERTEX_POINT ( 'NONE', #1977 ) ;
#2191 = FACE_BOUND ( 'NONE', #574, .T. ) ;
#2192 = CARTESIAN_POINT ( 'NONE',  ( 9.646260455870633521, -9.434844234926988094, -14.21377500151343298 ) ) ;
#2193 = DIRECTION ( 'NONE',  ( -0.000000000000000000, -0.000000000000000000, 1.000000000000000000 ) ) ;
#2194 = B_SPLINE_CURVE_WITH_KNOTS ( 'NONE', 3,
 ( #744, #1837, #1306, #3397, #2906, #3131, #2139, #517, #2943, #3451, #480, #218, #2105, #3183, #551, #1822, #3148, #1543, #2669, #3436, #495, #791, #1287, #813, #2651, #1877, #1336, #1560, #2631, #2927 ),
 .UNSPECIFIED., .F., .F.,
 ( 4, 2, 2, 2, 2, 2, 2, 2, 2, 2, 2, 2, 2, 2, 4 ),
 ( 0.000000000000000000, 0.001578497703760032341, 0.003156995407520064682, 0.006313990815040129365, 0.007892488518800160405, 0.009470986222560189710, 0.01104948392632022075, 0.01262798163008025353, 0.01420647933384028110, 0.01499572818572029662, 0.01578497703760031040, 0.01894197244512036554, 0.02052047014888040005, 0.02209896785264043109, 0.02525596326016050011 ),
 .UNSPECIFIED. ) ;
#2195 = ORIENTED_EDGE ( 'NONE', *, *, #1226, .T. ) ;
#2196 = CARTESIAN_POINT ( 'NONE',  ( -1.216712451511396287, 5.261690782233396924, -16.70722719042940696 ) ) ;
#2197 = CARTESIAN_POINT ( 'NONE',  ( 1.413121995650728610E-15, 0.000000000000000000, 7.694067236924052366 ) ) ;
#2198 = CARTESIAN_POINT ( 'NONE',  ( 12.96203491265682395, -8.113839267181736759, -1.055317918606563987 ) ) ;
#2199 = EDGE_CURVE ( 'NONE', #676, #2714, #2334, .T. ) ;
#2200 = AXIS2_PLACEMENT_3D ( 'NONE', #2082, #737, #693 ) ;
#2201 = EDGE_CURVE ( 'NONE', #707, #2903, #3115, .T. ) ;
#2202 = DIRECTION ( 'NONE',  ( -1.000000000000000000, -0.000000000000000000, 1.028723352537439825E-16 ) ) ;
#2203 = CARTESIAN_POINT ( 'NONE',  ( -2.685513929253562360, 4.793000393951591498, -16.53352777293368092 ) ) ;
#2204 = EDGE_LOOP ( 'NONE', ( #1302, #1818, #2851, #415 ) ) ;
#2205 = EDGE_CURVE ( 'NONE', #1551, #1912, #2080, .T. ) ;
#2206 = CARTESIAN_POINT ( 'NONE',  ( -7.372574772901430151E-15, 0.000000000000000000, 7.817850158122309878 ) ) ;
#2207 = CARTESIAN_POINT ( 'NONE',  ( -12.87105870500416849, -6.514695461815407818, -10.12381611975950690 ) ) ;
#2208 = LINE ( 'NONE', #1927, #1981 ) ;
#2209 = ORIENTED_EDGE ( 'NONE', *, *, #656, .F. ) ;
#2210 = ADVANCED_FACE ( 'NONE', ( #222 ), #2366, .F. ) ;
#2211 = ORIENTED_EDGE ( 'NONE', *, *, #1023, .T. ) ;
#2212 = DIRECTION ( 'NONE',  ( -1.000000000000000000, 0.000000000000000000, 1.836638480190444758E-16 ) ) ;
#2213 = CARTESIAN_POINT ( 'NONE',  ( -11.04552720299155766, -8.182297624385782342, -13.14912914822988377 ) ) ;
#2214 = CARTESIAN_POINT ( 'NONE',  ( 12.74999999999999822, -6.616321703321268899, -9.045026257563161920 ) ) ;
#2215 = VECTOR ( 'NONE', #2378, 1000.000000000000000 ) ;
#2216 = ORIENTED_EDGE ( 'NONE', *, *, #2908, .F. ) ;
#2217 = CARTESIAN_POINT ( 'NONE',  ( 0.000000000000000000, 0.000000000000000000, -27.50000000000001066 ) ) ;
#2218 = CARTESIAN_POINT ( 'NONE',  ( 12.50000000000000000, 0.000000000000000000, 2.749999999999996003 ) ) ;
#2219 = CARTESIAN_POINT ( 'NONE',  ( -14.00000000000000000, -2.999999999999778844, -3.446152422706684870 ) ) ;
#2220 = EDGE_CURVE ( 'NONE', #120, #1177, #1578, .T. ) ;
#2221 = CARTESIAN_POINT ( 'NONE',  ( -1.899999999999779643, -8.508143127133993220E-14, -27.50000000000001066 ) ) ;
#2222 = VERTEX_POINT ( 'NONE', #171 ) ;
#2223 = DIRECTION ( 'NONE',  ( 2.164689898988068258E-16, 0.000000000000000000, 1.000000000000000000 ) ) ;
#2224 = CARTESIAN_POINT ( 'NONE',  ( -12.96920548474225043, -6.655744162436811884, -9.288285784488813590 ) ) ;
#2225 = ADVANCED_FACE ( 'NONE', ( #2815 ), #2590, .T. ) ;
#2226 = CARTESIAN_POINT ( 'NONE',  ( 4.056022726446137483, -3.562947216994883703, -16.25190812095715387 ) ) ;
#2227 = VERTEX_POINT ( 'NONE', #2061 ) ;
#2228 = ORIENTED_EDGE ( 'NONE', *, *, #288, .F. ) ;
#2229 = CARTESIAN_POINT ( 'NONE',  ( 12.75000000000000178, -2.273939481919686756, 7.807877889639088131 ) ) ;
#2230 = CARTESIAN_POINT ( 'NONE',  ( -14.55294291514348615, -1.496768662557630414, 4.274297399366526307 ) ) ;
#2231 = DIRECTION ( 'NONE',  ( 0.000000000000000000, 0.9397539854110810165, 0.3418514983205280244 ) ) ;
#2232 = ORIENTED_EDGE ( 'NONE', *, *, #1010, .T. ) ;
#2233 = CARTESIAN_POINT ( 'NONE',  ( 5.169172814293579776, 1.563882851132992302, -15.93253509153213798 ) ) ;
#2234 = CARTESIAN_POINT ( 'NONE',  ( -2.666788802338847297, -12.33747855079672284, -16.88782515978271093 ) ) ;
#2235 = CARTESIAN_POINT ( 'NONE',  ( -2.999999999999915623, -8.508143127133993220E-14, -27.50000000000001066 ) ) ;
#2236 = CARTESIAN_POINT ( 'NONE',  ( 0.000000000000000000, 0.000000000000000000, -16.99999999999999645 ) ) ;
#2237 = CARTESIAN_POINT ( 'NONE',  ( -10.03057012397922598, -8.668020393461905115, -13.42169454328242750 ) ) ;
#2238 = ORIENTED_EDGE ( 'NONE', *, *, #1011, .F. ) ;
#2239 = DIRECTION ( 'NONE',  ( -1.028723352537439825E-16, 0.000000000000000000, -1.000000000000000000 ) ) ;
#2240 = DIRECTION ( 'NONE',  ( 0.000000000000000000, 1.000000000000000000, -0.000000000000000000 ) ) ;
#2241 = CARTESIAN_POINT ( 'NONE',  ( 11.55386640975730828, -7.668250224199870679, -12.69036421274092419 ) ) ;
#2242 = CARTESIAN_POINT ( 'NONE',  ( 4.385752099551411654, -3.148176598374030188, -16.16595175190078137 ) ) ;
#2243 = ORIENTED_EDGE ( 'NONE', *, *, #309, .T. ) ;
#2244 = ADVANCED_FACE ( 'NONE', ( #2572 ), #3135, .F. ) ;
#2245 = ORIENTED_EDGE ( 'NONE', *, *, #2253, .T. ) ;
#2246 = DIRECTION ( 'NONE',  ( -1.836638480190444758E-16, 0.000000000000000000, -1.000000000000000000 ) ) ;
#2247 = CARTESIAN_POINT ( 'NONE',  ( 12.75000000000000178, -2.204034631566448521, 7.817850158122308102 ) ) ;
#2248 = AXIS2_PLACEMENT_3D ( 'NONE', #2829, #1214, #2799 ) ;
#2249 = ORIENTED_EDGE ( 'NONE', *, *, #3137, .T. ) ;
#2250 = CARTESIAN_POINT ( 'NONE',  ( -12.96245146107498947, -8.030809781970029704, -2.693556649662091296 ) ) ;
#2251 = CARTESIAN_POINT ( 'NONE',  ( -4.175036187378385222, -12.15036373234218559, -16.22960282630512907 ) ) ;
#2252 = CARTESIAN_POINT ( 'NONE',  ( 12.96264529834738610, -7.992190295667330524, 0.5871295828635731961 ) ) ;
#2253 = EDGE_CURVE ( 'NONE', #1894, #627, #1756, .T. ) ;
#2254 = ORIENTED_EDGE ( 'NONE', *, *, #1075, .T. ) ;
#2255 = CARTESIAN_POINT ( 'NONE',  ( -12.50000000000000000, 6.616321703321403902, -9.045026257562764016 ) ) ;
#2256 = DIRECTION ( 'NONE',  ( 1.000000000000000000, 0.000000000000000000, 0.000000000000000000 ) ) ;
#2257 = CARTESIAN_POINT ( 'NONE',  ( 12.90984423247699198, -6.528857109338876974, -9.905642847301015408 ) ) ;
#2258 = AXIS2_PLACEMENT_3D ( 'NONE', #2034, #1985, #2281 ) ;
#2259 = CARTESIAN_POINT ( 'NONE',  ( -12.21381630165281962, -6.987373559663630829, -11.82905823041267546 ) ) ;
#2260 = ORIENTED_EDGE ( 'NONE', *, *, #2113, .T. ) ;
#2261 = AXIS2_PLACEMENT_3D ( 'NONE', #457, #228, #1830 ) ;
#2262 = VERTEX_POINT ( 'NONE', #483 ) ;
#2263 = CARTESIAN_POINT ( 'NONE',  ( 11.30783980690578439, -7.921902377807652940, -12.93386052899385241 ) ) ;
#2264 = DIRECTION ( 'NONE',  ( 0.000000000000000000, 0.000000000000000000, -1.000000000000000000 ) ) ;
#2265 = ORIENTED_EDGE ( 'NONE', *, *, #793, .T. ) ;
#2266 = AXIS2_PLACEMENT_3D ( 'NONE', #773, #1599, #2377 ) ;
#2267 = EDGE_CURVE ( 'NONE', #85, #2436, #2453, .T. ) ;
#2268 = DIRECTION ( 'NONE',  ( -1.836638480190445004E-16, 0.000000000000000000, -1.000000000000000000 ) ) ;
#2269 = DIRECTION ( 'NONE',  ( -0.000000000000000000, 1.000000000000000000, -0.000000000000000000 ) ) ;
#2270 = EDGE_CURVE ( 'NONE', #1350, #1555, #1244, .T. ) ;
#2271 = STYLED_ITEM ( 'NONE', ( #942 ), #1823 ) ;
#2272 = CARTESIAN_POINT ( 'NONE',  ( 7.963882017291941118, 10.69365200027167262, -14.76495819703750101 ) ) ;
#2273 = ORIENTED_EDGE ( 'NONE', *, *, #2109, .F. ) ;
#2274 = CARTESIAN_POINT ( 'NONE',  ( -12.96885084570459945, 6.729889358241056385, -9.086338423935794495 ) ) ;
#2275 = CARTESIAN_POINT ( 'NONE',  ( 12.56591074363497640, -6.668374777941767917, -11.11772357165438407 ) ) ;
#2276 = DIRECTION ( 'NONE',  ( 1.000000000000000000, 0.000000000000000000, 0.000000000000000000 ) ) ;
#2277 = ORIENTED_EDGE ( 'NONE', *, *, #1703, .F. ) ;
#2278 = EDGE_CURVE ( 'NONE', #3068, #1481, #1468, .T. ) ;
#2279 = CARTESIAN_POINT ( 'NONE',  ( 12.49999999999999645, 7.124520348638497147, -7.494373569865650175 ) ) ;
#2280 = DIRECTION ( 'NONE',  ( -1.000000000000000000, 3.552713678800500929E-15, 1.340683420020330129E-16 ) ) ;
#2281 = DIRECTION ( 'NONE',  ( -0.7031775825317143624, -0.7110142666816565704, 0.000000000000000000 ) ) ;
#2282 = ORIENTED_EDGE ( 'NONE', *, *, #1211, .T. ) ;
#2283 = EDGE_CURVE ( 'NONE', #2954, #854, #1517, .T. ) ;
#2284 = LINE ( 'NONE', #2006, #3246 ) ;
#2285 = CARTESIAN_POINT ( 'NONE',  ( 0.000000000000000000, 3.000000000000000000, -30.40457638090298076 ) ) ;
#2286 = CARTESIAN_POINT ( 'NONE',  ( 4.764993072368729266, 3.550192337472337645, -17.53500350936229069 ) ) ;
#2287 = CARTESIAN_POINT ( 'NONE',  ( -8.204846667694679851, 7.354779904922067679, -20.86345815220471422 ) ) ;
#2288 = CARTESIAN_POINT ( 'NONE',  ( -12.75000000000000000, -2.204034631566448077, 7.817850158122311655 ) ) ;
#2289 = CARTESIAN_POINT ( 'NONE',  ( -12.03982824935258833, -6.623796154613351916, -11.14841308658696839 ) ) ;
#2290 = ORIENTED_EDGE ( 'NONE', *, *, #2737, .T. ) ;
#2291 = B_SPLINE_CURVE_WITH_KNOTS ( 'NONE', 3,
 ( #3223, #2965, #258, #38, #1340, #1030, #577, #295, #556, #2656, #538, #1620, #2692, #1362, #3437, #1101 ),
 .UNSPECIFIED., .F., .F.,
 ( 4, 2, 2, 2, 2, 2, 2, 4 ),
 ( 2.018074447815960764E-07, 0.0006121204888505552650, 0.001224039170256329117, 0.002447876533067876604, 0.003059795214473651215, 0.003671713895879426259, 0.004283632577285200436, 0.004895551258690974614 ),
 .UNSPECIFIED. ) ;
#2292 = CARTESIAN_POINT ( 'NONE',  ( -12.50000000000000000, 6.616321703321392356, -9.045026257562765792 ) ) ;
#2293 = DIRECTION ( 'NONE',  ( -1.000000000000000000, 0.000000000000000000, 0.000000000000000000 ) ) ;
#2294 = FACE_BOUND ( 'NONE', #829, .T. ) ;
#2295 = VERTEX_POINT ( 'NONE', #1377 ) ;
#2296 = ORIENTED_EDGE ( 'NONE', *, *, #655, .T. ) ;
#2297 = CARTESIAN_POINT ( 'NONE',  ( 4.764993072368731042, 9.914375473032988495, -30.40457638090298431 ) ) ;
#2298 = CARTESIAN_POINT ( 'NONE',  ( -8.019105165120315348, 10.47362609327989702, -15.14761183009420265 ) ) ;
#2299 = DIRECTION ( 'NONE',  ( -1.000000000000000000, 0.000000000000000000, 1.028723352537439825E-16 ) ) ;
#2300 = CARTESIAN_POINT ( 'NONE',  ( -9.454962382563213197, 5.986262360890751921, -20.49221504691392681 ) ) ;
#2301 = CIRCLE ( 'NONE', #1505, 0.8999999999999998002 ) ;
#2302 = DIRECTION ( 'NONE',  ( 1.000000000000000000, 0.000000000000000000, 0.000000000000000000 ) ) ;
#2303 = CARTESIAN_POINT ( 'NONE',  ( -5.352131983086691136, -0.7079809841605401166, -15.87190993088932345 ) ) ;
#2304 = VERTEX_POINT ( 'NONE', #775 ) ;
#2305 = EDGE_CURVE ( 'NONE', #2975, #2554, #75, .T. ) ;
#2306 = EDGE_CURVE ( 'NONE', #2436, #627, #1697, .T. ) ;
#2307 = CIRCLE ( 'NONE', #1616, 0.2500000000000003331 ) ;
#2308 = CARTESIAN_POINT ( 'NONE',  ( 12.96749157829927590, 7.014074640362586877, -8.312310285510603691 ) ) ;
#2309 = CARTESIAN_POINT ( 'NONE',  ( 12.48907384820430977, -6.487402027037385110, -9.430560638427879283 ) ) ;
#2310 = CARTESIAN_POINT ( 'NONE',  ( -15.40468664080962569, -2.999999999999952482, -6.096152422706660801 ) ) ;
#2311 = ORIENTED_EDGE ( 'NONE', *, *, #1310, .F. ) ;
#2312 = AXIS2_PLACEMENT_3D ( 'NONE', #3410, #2832, #1019 ) ;
#2313 = EDGE_LOOP ( 'NONE', ( #1775, #2521, #2017, #3342 ) ) ;
#2314 = DIRECTION ( 'NONE',  ( 0.1703391190937487143, -0.9853855004547033003, -0.000000000000000000 ) ) ;
#2315 = AXIS2_PLACEMENT_3D ( 'NONE', #19, #1915, #2398 ) ;
#2316 = CARTESIAN_POINT ( 'NONE',  ( 9.619245354955014093, 9.425591955420967949, -14.20855080352093758 ) ) ;
#2317 = CARTESIAN_POINT ( 'NONE',  ( -1.099999999999999867, 3.000000000000000000, -30.40457638090298076 ) ) ;
#2318 = DIRECTION ( 'NONE',  ( 1.000000000000000000, 0.000000000000000000, 0.000000000000000000 ) ) ;
#2319 = CARTESIAN_POINT ( 'NONE',  ( 10.69148936170213560, -8.038243187928570066, -12.89397360120649694 ) ) ;
#2320 = DIRECTION ( 'NONE',  ( 0.000000000000000000, 0.000000000000000000, 1.000000000000000000 ) ) ;
#2321 = CARTESIAN_POINT ( 'NONE',  ( -8.179682912567873387, 7.354779904922066791, -21.00000000000001066 ) ) ;
#2322 = CARTESIAN_POINT ( 'NONE',  ( -2.712667001986687421, -4.677505043993351208, -16.53152881275241270 ) ) ;
#2323 = EDGE_LOOP ( 'NONE', ( #1160, #306, #2994, #2721 ) ) ;
#2324 = AXIS2_PLACEMENT_3D ( 'NONE', #1079, #1615, #289 ) ;
#2325 = CARTESIAN_POINT ( 'NONE',  ( -13.68410164281567276, 6.682113519090804310, 0.5871295828635773040 ) ) ;
#2326 = EDGE_CURVE ( 'NONE', #460, #85, #74, .T. ) ;
#2327 = CARTESIAN_POINT ( 'NONE',  ( -13.98666266895544830, 5.984442663903744020, 0.8999999999999990230 ) ) ;
#2328 = ORIENTED_EDGE ( 'NONE', *, *, #1789, .F. ) ;
#2329 = ORIENTED_EDGE ( 'NONE', *, *, #673, .T. ) ;
#2330 = CARTESIAN_POINT ( 'NONE',  ( -2.692848598460649168, 12.32684974808199740, -16.87778043059101662 ) ) ;
#2331 = LINE ( 'NONE', #2317, #1626 ) ;
#2332 = DIRECTION ( 'NONE',  ( 1.000000000000000000, 0.000000000000000000, 0.000000000000000000 ) ) ;
#2333 = CARTESIAN_POINT ( 'NONE',  ( -14.90921403823484326, -1.615956454600519399, -6.273137567385122182 ) ) ;
#2334 = B_SPLINE_CURVE_WITH_KNOTS ( 'NONE', 3,
 ( #3024, #1092, #637, #1709, #2766, #371, #1440, #2516, #2095, #962, #1292, #2347, #1771, #2604, #730, #718, #449, #3351, #190, #3384, #157, #2333, #2075, #997, #1243, #1788, #2045, #3071, #686, #1225 ),
 .UNSPECIFIED., .F., .F.,
 ( 4, 2, 2, 2, 2, 2, 2, 2, 2, 2, 2, 2, 2, 2, 4 ),
 ( 0.004203957278713180493, 0.004549137238603466818, 0.004894317198493752276, 0.005239497158384038601, 0.005584677118274324059, 0.006275037038054896710, 0.006620216997945181300, 0.006965396957835466758, 0.007310576917725751349, 0.007655756877616036807, 0.008000936837506321397, 0.008346116797396605988, 0.008691296757286890579, 0.009036476717177176904, 0.009726836636957747820 ),
 .UNSPECIFIED. ) ;
#2335 = FACE_OUTER_BOUND ( 'NONE', #1609, .T. ) ;
#2336 = CARTESIAN_POINT ( 'NONE',  ( -4.066170794227060625, -3.564372477552260943, -16.25096502845241986 ) ) ;
#2337 = ORIENTED_EDGE ( 'NONE', *, *, #860, .T. ) ;
#2338 = CYLINDRICAL_SURFACE ( 'NONE', #1512, 0.8999999999999998002 ) ;
#2339 = FACE_BOUND ( 'NONE', #1762, .T. ) ;
#2340 = CARTESIAN_POINT ( 'NONE',  ( 12.96920558233001941, 6.655724558755645504, -9.288339158279665497 ) ) ;
#2341 = ORIENTED_EDGE ( 'NONE', *, *, #3442, .F. ) ;
#2342 = EDGE_CURVE ( 'NONE', #627, #1263, #2291, .T. ) ;
#2343 = CARTESIAN_POINT ( 'NONE',  ( -11.72978399581334052, 7.825335591245261568, -11.74640281393976338 ) ) ;
#2344 = CARTESIAN_POINT ( 'NONE',  ( -11.04552720299155766, 8.182297624385782342, -13.14912914822988377 ) ) ;
#2345 = DIRECTION ( 'NONE',  ( -1.000000000000000000, 3.552713678800500929E-15, 0.000000000000000000 ) ) ;
#2346 = CARTESIAN_POINT ( 'NONE',  ( 5.103503756489269350, -11.50289094641411580, -15.98357807181593415 ) ) ;
#2347 = CARTESIAN_POINT ( 'NONE',  ( -15.08305341375540465, -1.337511599266235418, -4.637684077001574146 ) ) ;
#2348 = SPHERICAL_SURFACE ( 'NONE', #2410, 15.23975065412817820 ) ;
#2349 = DIRECTION ( 'NONE',  ( -1.000000000000000000, 0.000000000000000000, 1.836638480190444758E-16 ) ) ;
#2350 = ORIENTED_EDGE ( 'NONE', *, *, #288, .T. ) ;
#2351 = CARTESIAN_POINT ( 'NONE',  ( -13.87070178582342805, 6.253851124042318688, 0.8729586107077512702 ) ) ;
#2352 = CARTESIAN_POINT ( 'NONE',  ( 12.49999999999999822, 6.896417943017238983, -8.275038239823924613 ) ) ;
#2353 = CARTESIAN_POINT ( 'NONE',  ( 12.34308871316294187, 7.473886324576962892, -10.29782327902156247 ) ) ;
#2354 = ORIENTED_EDGE ( 'NONE', *, *, #2278, .F. ) ;
#2355 = DIRECTION ( 'NONE',  ( 0.000000000000000000, -1.000000000000000000, 5.204170427930425701E-14 ) ) ;
#2356 = CIRCLE ( 'NONE', #3020, 0.2499999999999996392 ) ;
#2357 = EDGE_LOOP ( 'NONE', ( #740, #584, #974, #3146, #1344, #742, #262, #1098, #808 ) ) ;
#2358 = CARTESIAN_POINT ( 'NONE',  ( -12.22989491868264622, 7.491517827685931330, -10.69699561633917817 ) ) ;
#2359 = EDGE_CURVE ( 'NONE', #2011, #26, #3029, .T. ) ;
#2360 = CARTESIAN_POINT ( 'NONE',  ( 14.98957971392127497, 0.000000000000000000, 2.749999999999998224 ) ) ;
#2361 = CIRCLE ( 'NONE', #2421, 0.2500000000000001665 ) ;
#2362 = AXIS2_PLACEMENT_3D ( 'NONE', #1601, #1840, #2707 ) ;
#2363 = DIRECTION ( 'NONE',  ( -3.086170057612319597E-16, 0.000000000000000000, -1.000000000000000000 ) ) ;
#2364 = EDGE_CURVE ( 'NONE', #3091, #3214, #1132, .T. ) ;
#2365 = CARTESIAN_POINT ( 'NONE',  ( -12.90943831873005720, 6.528522475891837651, -9.908425653973424119 ) ) ;
#2366 = CYLINDRICAL_SURFACE ( 'NONE', #1879, 0.8999999999999998002 ) ;
#2367 = CARTESIAN_POINT ( 'NONE',  ( -14.91372692431494684, -3.000000000024857894, -3.446152422706684870 ) ) ;
#2368 = CARTESIAN_POINT ( 'NONE',  ( -5.237054306261848424, 11.86616298313776774, -15.94044910003662352 ) ) ;
#2369 = ORIENTED_EDGE ( 'NONE', *, *, #3013, .F. ) ;
#2370 = CIRCLE ( 'NONE', #2756, 1.100000000000065814 ) ;
#2371 = DIRECTION ( 'NONE',  ( -1.836638480190445004E-16, 0.000000000000000000, -1.000000000000000000 ) ) ;
#2372 = CARTESIAN_POINT ( 'NONE',  ( -12.00112629072385317, -7.207062739479773938, -12.14559483821192742 ) ) ;
#2373 = CARTESIAN_POINT ( 'NONE',  ( 12.21381630165281074, 6.987373559663813793, -11.82905823041230775 ) ) ;
#2374 = ORIENTED_EDGE ( 'NONE', *, *, #2715, .F. ) ;
#2375 = VERTEX_POINT ( 'NONE', #313 ) ;
#2376 = CARTESIAN_POINT ( 'NONE',  ( -12.20833773534209143, 6.998179944580323664, -11.81640182922932780 ) ) ;
#2377 = DIRECTION ( 'NONE',  ( -1.028723352537439825E-16, 0.000000000000000000, -1.000000000000000000 ) ) ;
#2378 = DIRECTION ( 'NONE',  ( 0.000000000000000000, -1.000000000000000000, 0.000000000000000000 ) ) ;
#2379 = CARTESIAN_POINT ( 'NONE',  ( -12.75000000000000355, -6.616321703321408343, -9.045026257562760463 ) ) ;
#2380 = LINE ( 'NONE', #3438, #1062 ) ;
#2381 = CARTESIAN_POINT ( 'NONE',  ( -8.170486465419578792, 10.03795004954356607, -14.62910009665930389 ) ) ;
#2382 = EDGE_LOOP ( 'NONE', ( #1411, #291 ) ) ;
#2383 = LINE ( 'NONE', #2623, #400 ) ;
#2384 = CARTESIAN_POINT ( 'NONE',  ( -12.75000000000000000, -2.273939481919699634, 7.807877889639090796 ) ) ;
#2385 = DIRECTION ( 'NONE',  ( 0.000000000000000000, 0.000000000000000000, 1.000000000000000000 ) ) ;
#2386 = CARTESIAN_POINT ( 'NONE',  ( -10.96346025474036523, -8.502322057732715876, -12.66845941919058660 ) ) ;
#2387 = EDGE_LOOP ( 'NONE', ( #1229, #267, #1138, #2249, #325, #992 ) ) ;
#2388 = DIRECTION ( 'NONE',  ( 1.000000000000000000, 0.000000000000000000, -0.000000000000000000 ) ) ;
#2389 = EDGE_CURVE ( 'NONE', #503, #2189, #633, .T. ) ;
#2390 = APPLICATION_CONTEXT ( 'automotive_design' ) ;
#2391 = LINE ( 'NONE', #323, #1298 ) ;
#2392 = CARTESIAN_POINT ( 'NONE',  ( -10.96346025474035635, 8.502322057732721206, -12.66845941919059193 ) ) ;
#2393 =( NAMED_UNIT ( * ) SI_UNIT ( $, .STERADIAN. ) SOLID_ANGLE_UNIT ( ) );
#2394 = B_SPLINE_CURVE_WITH_KNOTS ( 'NONE', 3,
 ( #118, #2485, #3272, #3327, #3034, #150, #3010, #2539, #623, #359, #604, #1162, #2263, #3256 ),
 .UNSPECIFIED., .F., .F.,
 ( 4, 2, 2, 2, 2, 2, 4 ),
 ( 1.734723475976807094E-18, 0.0006357407535189393919, 0.001271481507037877049, 0.001907222260556814706, 0.002542963014075752363, 0.003814444521113632448, 0.005085926028151513401 ),
 .UNSPECIFIED. ) ;
#2395 = DIRECTION ( 'NONE',  ( 0.000000000000000000, 1.000000000000000000, 0.000000000000000000 ) ) ;
#2396 = B_SPLINE_CURVE_WITH_KNOTS ( 'NONE', 3,
 ( #2325, #179, #708, #2351, #3141, #753 ),
 .UNSPECIFIED., .F., .F.,
 ( 4, 2, 4 ),
 ( 2.703054077825807857E-07, 0.0004127696230412810068, 0.0008252689406747793768 ),
 .UNSPECIFIED. ) ;
#2397 = CARTESIAN_POINT ( 'NONE',  ( 10.69148936170214093, -8.038243187928573619, -12.89397360120649694 ) ) ;
#2398 = DIRECTION ( 'NONE',  ( -1.000000000000000000, 0.000000000000000000, 1.851093278488479861E-16 ) ) ;
#2399 = DIRECTION ( 'NONE',  ( -1.000000000000000000, 0.000000000000000000, 1.028723352537439825E-16 ) ) ;
#2400 = EDGE_CURVE ( 'NONE', #1767, #26, #2891, .T. ) ;
#2401 = CARTESIAN_POINT ( 'NONE',  ( -1.899755608537542884, 12.43664935079429235, -16.98242993180667426 ) ) ;
#2402 = ORIENTED_EDGE ( 'NONE', *, *, #1328, .T. ) ;
#2403 = CIRCLE ( 'NONE', #2248, 0.8999999999999998002 ) ;
#2404 = DIRECTION ( 'NONE',  ( 1.000000000000000000, 0.000000000000000000, -1.028723352537439825E-16 ) ) ;
#2405 = DIRECTION ( 'NONE',  ( 0.000000000000000000, 1.000000000000000000, 0.000000000000000000 ) ) ;
#2406 = EDGE_CURVE ( 'NONE', #2696, #1464, #2910, .T. ) ;
#2407 = CARTESIAN_POINT ( 'NONE',  ( -14.22235709258829495, 5.537136472891376116, -1.693141843544970992 ) ) ;
#2408 = ORIENTED_EDGE ( 'NONE', *, *, #314, .F. ) ;
#2409 = EDGE_CURVE ( 'NONE', #1930, #2227, #1165, .T. ) ;
#2410 = AXIS2_PLACEMENT_3D ( 'NONE', #966, #2816, #1810 ) ;
#2411 = VERTEX_POINT ( 'NONE', #2252 ) ;
#2412 = DIRECTION ( 'NONE',  ( -0.000000000000000000, -0.000000000000000000, -1.000000000000000000 ) ) ;
#2413 = DIRECTION ( 'NONE',  ( -1.000000000000000000, 0.000000000000000000, 0.000000000000000000 ) ) ;
#2414 = CIRCLE ( 'NONE', #1978, 0.2500000000000003886 ) ;
#2415 = CARTESIAN_POINT ( 'NONE',  ( -9.681954401149541312, 5.727423584783560173, -20.34759515940072561 ) ) ;
#2417 = CARTESIAN_POINT ( 'NONE',  ( -15.40468664080962569, -3.000000000000024425, 5.196152422706615148 ) ) ;
#2416 = CIRCLE ( 'NONE', #66, 1.100000000000065814 ) ;
#2418 = CARTESIAN_POINT ( 'NONE',  ( -10.69148936170213737, 8.038243187928575395, -12.89397360120649338 ) ) ;
#2419 = DIRECTION ( 'NONE',  ( 1.000000000000000000, 0.000000000000000000, 0.000000000000000000 ) ) ;
#2420 = CARTESIAN_POINT ( 'NONE',  ( -14.81382519497527817, -3.450209178330986060, -3.501296411632660810 ) ) ;
#2421 = AXIS2_PLACEMENT_3D ( 'NONE', #815, #1855, #2911 ) ;
#2422 = CARTESIAN_POINT ( 'NONE',  ( -5.095296963476065422, 11.50565091858066857, -15.98618767607900359 ) ) ;
#2423 = VERTEX_POINT ( 'NONE', #876 ) ;
#2424 = CIRCLE ( 'NONE', #346, 13.15489754250074483 ) ;
#2425 = CARTESIAN_POINT ( 'NONE',  ( -14.00000000000000000, -3.000000000000222933, 5.196152422706250107 ) ) ;
#2426 = DIRECTION ( 'NONE',  ( 0.000000000000000000, -0.2796194014129476657, -0.9601109260671211176 ) ) ;
#2427 = DIRECTION ( 'NONE',  ( -1.000000000000000000, -0.000000000000000000, 1.028723352537439825E-16 ) ) ;
#2428 = ORIENTED_EDGE ( 'NONE', *, *, #2863, .T. ) ;
#2429 = AXIS2_PLACEMENT_3D ( 'NONE', #2134, #201, #1267 ) ;
#2430 = B_SPLINE_CURVE_WITH_KNOTS ( 'NONE', 3,
 ( #1272, #202, #2192, #1932, #1130, #339, #2718, #850, #3273, #3011, #324, #360, #1407, #2487, #1694, #1356, #1950, #2980, #2174, #1387, #1163, #87, #2958, #1146, #2996, #588, #1653, #1095, #2466, #2213 ),
 .UNSPECIFIED., .F., .F.,
 ( 4, 2, 2, 2, 2, 2, 2, 2, 2, 2, 2, 2, 2, 2, 4 ),
 ( 0.000000000000000000, 0.003214542748770213287, 0.004821814123155317329, 0.006429085497540422238, 0.009643628246310632923, 0.01044726393350318451, 0.01125089962069573783, 0.01285817099508084274, 0.01446544236946594765, 0.01607271374385104909, 0.01767998511823615226, 0.01928725649262125544, 0.02250179924139146873, 0.02410907061577657190, 0.02571634199016167854 ),
 .UNSPECIFIED. ) ;
#2431 = EDGE_CURVE ( 'NONE', #1481, #3068, #3184, .T. ) ;
#2432 = ORIENTED_EDGE ( 'NONE', *, *, #3294, .F. ) ;
#2433 = FACE_OUTER_BOUND ( 'NONE', #2056, .T. ) ;
#2434 = CARTESIAN_POINT ( 'NONE',  ( -14.63523367305573331, -2.216678473774020830, 3.627430590334780547 ) ) ;
#2435 = CARTESIAN_POINT ( 'NONE',  ( -13.86746354174859341, -3.888561461076681880, 4.985009601076019869 ) ) ;
#2436 = VERTEX_POINT ( 'NONE', #2741 ) ;
#2437 = CARTESIAN_POINT ( 'NONE',  ( -12.49999999999999822, -8.796495402805764030, -0.1997655033848846351 ) ) ;
#2438 = CARTESIAN_POINT ( 'NONE',  ( 5.268953718262046060, -11.72251684840937180, -16.30411085961628714 ) ) ;
#2439 = CARTESIAN_POINT ( 'NONE',  ( 12.87105870500416316, 6.514695461815379396, -10.12381611975952111 ) ) ;
#2440 = CARTESIAN_POINT ( 'NONE',  ( 12.96224425246268197, -8.072538205052287807, -2.684981439933143310 ) ) ;
#2441 = CARTESIAN_POINT ( 'NONE',  ( 5.166720344984266688, 11.86697146171737316, -15.94221244105237467 ) ) ;
#2442 = ORIENTED_EDGE ( 'NONE', *, *, #3132, .F. ) ;
#2443 = DIRECTION ( 'NONE',  ( 1.000000000000000000, 0.000000000000000000, -1.028723352537439825E-16 ) ) ;
#2444 = CARTESIAN_POINT ( 'NONE',  ( -12.40631910957938366, 6.403736394001195542, -10.02937851524292512 ) ) ;
#2445 = CARTESIAN_POINT ( 'NONE',  ( -13.64136817328504847, -2.999999999999564793, 6.096152422708232876 ) ) ;
#2446 = ORIENTED_EDGE ( 'NONE', *, *, #656, .T. ) ;
#2447 = VERTEX_POINT ( 'NONE', #3299 ) ;
#2448 = CARTESIAN_POINT ( 'NONE',  ( -9.681954401149539535, 5.221087910968490675, -20.90457638090297721 ) ) ;
#2449 = CARTESIAN_POINT ( 'NONE',  ( -14.16896953316971164, -4.109392863120080008, 3.827562745371496877 ) ) ;
#2450 = B_SPLINE_CURVE_WITH_KNOTS ( 'NONE', 3,
 ( #746, #1470, #2044, #3087 ),
 .UNSPECIFIED., .F., .F.,
 ( 4, 4 ),
 ( 0.004242457947414336912, 0.005092471309741531359 ),
 .UNSPECIFIED. ) ;
#2451 = EDGE_LOOP ( 'NONE', ( #590, #430, #1594, #3076, #735 ) ) ;
#2452 = CARTESIAN_POINT ( 'NONE',  ( -12.96264529834738433, -7.992190295667342959, 0.5871295828635766378 ) ) ;
#2453 = B_SPLINE_CURVE_WITH_KNOTS ( 'NONE', 3,
 ( #1547, #2618, #3370, #983, #3102, #421, #1486, #1260, #1897, #498 ),
 .UNSPECIFIED., .F., .F.,
 ( 4, 2, 2, 2, 4 ),
 ( 0.000000000000000000, 0.002444066618316351625, 0.004888133236632703250, 0.007332199854949053575, 0.009776266473265404766 ),
 .UNSPECIFIED. ) ;
#2454 = CARTESIAN_POINT ( 'NONE',  ( -10.38154345352566743, -8.841428026111602279, -13.69403192148985227 ) ) ;
#2455 = CARTESIAN_POINT ( 'NONE',  ( -12.49999999999999822, -3.000000000000024425, 5.196152422706615148 ) ) ;
#2456 = EDGE_CURVE ( 'NONE', #873, #1420, #2481, .T. ) ;
#2457 =( NAMED_UNIT ( * ) SI_UNIT ( $, .STERADIAN. ) SOLID_ANGLE_UNIT ( ) );
#2458 = CARTESIAN_POINT ( 'NONE',  ( 9.640370997112800211, 9.440216281616581995, -14.21841181242620067 ) ) ;
#2459 = ORIENTED_EDGE ( 'NONE', *, *, #200, .F. ) ;
#2460 = CARTESIAN_POINT ( 'NONE',  ( 1.435856443277038715E-15, 0.000000000000000000, 7.817850158122309878 ) ) ;
#2461 = CARTESIAN_POINT ( 'NONE',  ( 11.98475200459487588, -7.626832179699824188, -11.29594262341678856 ) ) ;
#2462 = CARTESIAN_POINT ( 'NONE',  ( -14.00000000000000000, -2.198292292302590933, 5.605132558432701195 ) ) ;
#2463 = ORIENTED_EDGE ( 'NONE', *, *, #2050, .F. ) ;
#2464 = ORIENTED_EDGE ( 'NONE', *, *, #2283, .F. ) ;
#2465 = DIRECTION ( 'NONE',  ( 1.000000000000000000, 0.000000000000000000, 0.000000000000000000 ) ) ;
#2466 = CARTESIAN_POINT ( 'NONE',  ( -10.71193079717417440, -8.513455628439585254, -13.42289730344171694 ) ) ;
#2467 = ORIENTED_EDGE ( 'NONE', *, *, #2715, .T. ) ;
#2468 = CARTESIAN_POINT ( 'NONE',  ( -12.96450492023887868, -7.620412637137848222, -5.940043195601983683 ) ) ;
#2469 = AXIS2_PLACEMENT_3D ( 'NONE', #821, #1623, #93 ) ;
#2470 = CARTESIAN_POINT ( 'NONE',  ( 1.098883445349211563, -12.51501631806697290, -17.05722148743422650 ) ) ;
#2471 = CARTESIAN_POINT ( 'NONE',  ( 12.96264529834738610, -7.992190295667330524, 0.5871295828635731961 ) ) ;
#2472 = AXIS2_PLACEMENT_3D ( 'NONE', #1903, #1348, #248 ) ;
#2473 = CIRCLE ( 'NONE', #2258, 0.2500000000000007772 ) ;
#2474 = EDGE_CURVE ( 'NONE', #3003, #2982, #233, .T. ) ;
#2475 = DIRECTION ( 'NONE',  ( -1.000000000000000000, 0.000000000000000000, 0.000000000000000000 ) ) ;
#2476 = CARTESIAN_POINT ( 'NONE',  ( -3.650820958449949138, 5.464568886888202748, -16.34730780869757183 ) ) ;
#2477 = VERTEX_POINT ( 'NONE', #2493 ) ;
#2478 = AXIS2_PLACEMENT_3D ( 'NONE', #1189, #1754, #122 ) ;
#2479 = CARTESIAN_POINT ( 'NONE',  ( -12.50000000000000000, -2.999999999999952482, -4.296152422706661866 ) ) ;
#2480 = CARTESIAN_POINT ( 'NONE',  ( 11.82068441562641148, -7.751027323868663998, -11.59765887867095202 ) ) ;
#2481 = CIRCLE ( 'NONE', #1074, 1.000000000000000000 ) ;
#2482 = CARTESIAN_POINT ( 'NONE',  ( -10.69148936170213737, -15.26367969708133288, -12.89397360120649338 ) ) ;
#2483 = EDGE_LOOP ( 'NONE', ( #2961, #1093, #2029, #1086, #2836 ) ) ;
#2484 = ORIENTED_EDGE ( 'NONE', *, *, #1933, .F. ) ;
#2485 = CARTESIAN_POINT ( 'NONE',  ( 12.96920570092334479, -6.655698964949391616, -9.288408887721129048 ) ) ;
#2486 = AXIS2_PLACEMENT_3D ( 'NONE', #1530, #1759, #1499 ) ;
#2487 = CARTESIAN_POINT ( 'NONE',  ( 1.096564697855513693, -12.51513540760212884, -17.05733542168052352 ) ) ;
#2488 = CARTESIAN_POINT ( 'NONE',  ( -13.74657880520623721, -3.907934470331253074, 5.295034973347089391 ) ) ;
#2489 = AXIS2_PLACEMENT_3D ( 'NONE', #1774, #2878, #2576 ) ;
#2490 = ORIENTED_EDGE ( 'NONE', *, *, #2947, .F. ) ;
#2491 = CARTESIAN_POINT ( 'NONE',  ( -0.5515811832493631162, 5.386482600899835660, -16.74680795039555292 ) ) ;
#2492 = CARTESIAN_POINT ( 'NONE',  ( -9.591855532039771148, -9.675825673566604834, -13.77052478552981007 ) ) ;
#2493 = CARTESIAN_POINT ( 'NONE',  ( 1.900000000000018341, 8.484874837950194552E-14, -30.40457638090298076 ) ) ;
#2494 = CIRCLE ( 'NONE', #1425, 0.8999999999999998002 ) ;
#2495 = CARTESIAN_POINT ( 'NONE',  ( -32.20767203787246302, -3.944302246916821764E-15, -1.241760900627661757 ) ) ;
#2496 = CARTESIAN_POINT ( 'NONE',  ( 10.69148936170213204, 8.038243187928568290, -12.89397360120650227 ) ) ;
#2498 = EDGE_CURVE ( 'NONE', #2447, #1200, #2866, .T. ) ;
#2497 = ORIENTED_EDGE ( 'NONE', *, *, #1672, .F. ) ;
#2499 = CARTESIAN_POINT ( 'NONE',  ( -12.96749084240378025, 7.014228425352952101, -8.311891427075282834 ) ) ;
#2500 = DIRECTION ( 'NONE',  ( -1.000000000000000000, 0.000000000000000000, 0.000000000000000000 ) ) ;
#2501 = CARTESIAN_POINT ( 'NONE',  ( 12.39928646544741042, -7.477330944625628639, -10.04926241017965083 ) ) ;
#2502 = CARTESIAN_POINT ( 'NONE',  ( -12.31230134747889871, -7.473194782503155942, -10.42195008845037663 ) ) ;
#2503 = ORIENTED_EDGE ( 'NONE', *, *, #1226, .F. ) ;
#2504 = CARTESIAN_POINT ( 'NONE',  ( 12.96224193681011805, 8.072513043643548158, -1.053068243778414459 ) ) ;
#2505 = LINE ( 'NONE', #1145, #1288 ) ;
#2506 = DIRECTION ( 'NONE',  ( 0.000000000000000000, 0.000000000000000000, -1.000000000000000000 ) ) ;
#2507 = EDGE_CURVE ( 'NONE', #2411, #513, #451, .T. ) ;
#2508 = DIRECTION ( 'NONE',  ( -1.000000000000000000, 0.000000000000000000, 1.836638480190444758E-16 ) ) ;
#2509 = ORIENTED_EDGE ( 'NONE', *, *, #2629, .F. ) ;
#2510 = CARTESIAN_POINT ( 'NONE',  ( -12.96635616749884079, -7.245430549690666133, -7.527476247166422496 ) ) ;
#2511 = CARTESIAN_POINT ( 'NONE',  ( -10.04740716240122289, -8.684733628510963754, -13.42803689269974932 ) ) ;
#2512 = CARTESIAN_POINT ( 'NONE',  ( -3.372058015714525236, 5.048481949040214189, -17.67520060928100989 ) ) ;
#2513 = CARTESIAN_POINT ( 'NONE',  ( -5.786116784122396162, 1.165525236073639670, -15.71920458857383274 ) ) ;
#2514 = DIRECTION ( 'NONE',  ( 1.000000000000000000, 0.000000000000000000, 0.000000000000000000 ) ) ;
#2515 = ORIENTED_EDGE ( 'NONE', *, *, #562, .T. ) ;
#2516 = CARTESIAN_POINT ( 'NONE',  ( -15.07122210029385911, -1.934622596810306572, -3.803027294811163195 ) ) ;
#2517 = FACE_OUTER_BOUND ( 'NONE', #3393, .T. ) ;
#2518 = CARTESIAN_POINT ( 'NONE',  ( 12.40748555637836681, -6.404020170123687627, -10.02322776780712665 ) ) ;
#2519 = CARTESIAN_POINT ( 'NONE',  ( -11.55305264899089401, -7.669092003522118617, -12.69109907550827110 ) ) ;
#2520 = VERTEX_POINT ( 'NONE', #2724 ) ;
#2521 = ORIENTED_EDGE ( 'NONE', *, *, #3043, .F. ) ;
#2522 = DIRECTION ( 'NONE',  ( -1.000000000000000000, 0.000000000000000000, 1.851093278488479861E-16 ) ) ;
#2523 = LINE ( 'NONE', #3328, #1854 ) ;
#2524 = ORIENTED_EDGE ( 'NONE', *, *, #1027, .T. ) ;
#2525 = CARTESIAN_POINT ( 'NONE',  ( 1.694280744631914535E-13, -3.000000000000000000, -30.40457638090298076 ) ) ;
#2526 = CARTESIAN_POINT ( 'NONE',  ( 12.50000000000000178, -15.26367969708133288, 7.567850158122307214 ) ) ;
#2527 = CARTESIAN_POINT ( 'NONE',  ( -2.775433276188344678, 4.794851316379669548, -17.14393881469234415 ) ) ;
#2528 = CARTESIAN_POINT ( 'NONE',  ( -3.619078935209327330, 5.385124002027766643, -16.35440260263754908 ) ) ;
#2529 = VERTEX_POINT ( 'NONE', #329 ) ;
#2530 = FACE_OUTER_BOUND ( 'NONE', #3196, .T. ) ;
#2531 = AXIS2_PLACEMENT_3D ( 'NONE', #2609, #1523, #2293 ) ;
#2532 = AXIS2_PLACEMENT_3D ( 'NONE', #471, #750, #2844 ) ;
#2533 = DIRECTION ( 'NONE',  ( 0.000000000000000000, 0.000000000000000000, 1.000000000000000000 ) ) ;
#2534 = AXIS2_PLACEMENT_3D ( 'NONE', #1002, #1503, #3122 ) ;
#2535 = CARTESIAN_POINT ( 'NONE',  ( 4.679357743471606490, -2.709664352496556461, -16.08438314647556311 ) ) ;
#2536 = VERTEX_POINT ( 'NONE', #71 ) ;
#2537 = VECTOR ( 'NONE', #2268, 1000.000000000000000 ) ;
#2538 = VERTEX_POINT ( 'NONE', #2219 ) ;
#2539 = CARTESIAN_POINT ( 'NONE',  ( 12.56337490814625646, -6.670404184578941909, -11.12380180942188979 ) ) ;
#2540 = CARTESIAN_POINT ( 'NONE',  ( 0.000000000000000000, 0.000000000000000000, 0.000000000000000000 ) ) ;
#2541 = ORIENTED_EDGE ( 'NONE', *, *, #259, .T. ) ;
#2542 = CARTESIAN_POINT ( 'NONE',  ( -1.953692687343792041E-15, 0.000000000000000000, 0.5871295828635756386 ) ) ;
#2543 = FILL_AREA_STYLE ('',( #3058 ) ) ;
#2544 = AXIS2_PLACEMENT_3D ( 'NONE', #2682, #3284, #3335 ) ;
#2545 = CARTESIAN_POINT ( 'NONE',  ( 7.770892782387513797, -10.27622481680139721, -14.84586198470101159 ) ) ;
#2546 = CARTESIAN_POINT ( 'NONE',  ( -12.49999999999999822, -3.000000000000024425, 6.096152422706615504 ) ) ;
#2547 = EDGE_CURVE ( 'NONE', #1604, #2001, #2854, .T. ) ;
#2548 = DIRECTION ( 'NONE',  ( 0.000000000000000000, 0.000000000000000000, 1.000000000000000000 ) ) ;
#2549 = CARTESIAN_POINT ( 'NONE',  ( -11.44401738755239784, -8.069576808700302806, -12.15910393285326307 ) ) ;
#2550 = EDGE_LOOP ( 'NONE', ( #3440, #2716, #3065, #2341 ) ) ;
#2551 = CARTESIAN_POINT ( 'NONE',  ( 12.49999999999999822, 7.838276483183083343, -3.503418208713666715 ) ) ;
#2552 = DIRECTION ( 'NONE',  ( 1.000000000000000000, 0.000000000000000000, 0.000000000000000000 ) ) ;
#2553 = CARTESIAN_POINT ( 'NONE',  ( -12.75000000000000000, 2.204034631566448077, 7.817850158122311655 ) ) ;
#2554 = VERTEX_POINT ( 'NONE', #571 ) ;
#2555 = VERTEX_POINT ( 'NONE', #532 ) ;
#2556 = DIRECTION ( 'NONE',  ( -0.000000000000000000, -0.000000000000000000, 1.000000000000000000 ) ) ;
#2557 = SURFACE_SIDE_STYLE ('',( #2793 ) ) ;
#2558 = FACE_OUTER_BOUND ( 'NONE', #609, .T. ) ;
#2559 = DIRECTION ( 'NONE',  ( 0.000000000000000000, 0.000000000000000000, -1.000000000000000000 ) ) ;
#2560 = CARTESIAN_POINT ( 'NONE',  ( 12.03434621674958116, 6.628810444253819156, -11.16019524313554534 ) ) ;
#2561 = CARTESIAN_POINT ( 'NONE',  ( -9.337813485613873254, 9.263691350717053297, -13.93511443033800745 ) ) ;
#2562 = ORIENTED_EDGE ( 'NONE', *, *, #1446, .F. ) ;
#2563 = CARTESIAN_POINT ( 'NONE',  ( 12.96378877312794842, 7.763801859759241530, -5.137357249437854101 ) ) ;
#2564 = DIRECTION ( 'NONE',  ( 0.000000000000000000, -1.000000000000000000, 0.000000000000000000 ) ) ;
#2565 = CARTESIAN_POINT ( 'NONE',  ( 1.389940481272277602E-15, 0.000000000000000000, 7.567850158122309878 ) ) ;
#2566 = EDGE_LOOP ( 'NONE', ( #1983, #1439 ) ) ;
#2567 = ORIENTED_EDGE ( 'NONE', *, *, #1051, .T. ) ;
#2568 = CARTESIAN_POINT ( 'NONE',  ( -13.97998569384104428, 6.000000000000000000, 0.8999999999999990230 ) ) ;
#2569 = CARTESIAN_POINT ( 'NONE',  ( -9.646260455870631745, 9.434844234926995199, -14.21377500151343654 ) ) ;
#2570 = DIRECTION ( 'NONE',  ( 0.000000000000000000, 0.000000000000000000, -1.000000000000000000 ) ) ;
#2571 = CARTESIAN_POINT ( 'NONE',  ( 2.872026579985556882, -12.04961097997351338, -16.50396371390478834 ) ) ;
#2572 = FACE_OUTER_BOUND ( 'NONE', #22, .T. ) ;
#2573 = EDGE_CURVE ( 'NONE', #487, #3176, #2136, .T. ) ;
#2574 = EDGE_CURVE ( 'NONE', #1912, #1396, #1663, .T. ) ;
#2575 = CARTESIAN_POINT ( 'NONE',  ( -14.48018693291066405, -4.506935571445917610, -4.299236912945360700 ) ) ;
#2576 = DIRECTION ( 'NONE',  ( -1.000000000000000000, 0.000000000000000000, 3.154042683594192162E-16 ) ) ;
#2577 = ORIENTED_EDGE ( 'NONE', *, *, #2613, .T. ) ;
#2578 = AXIS2_PLACEMENT_3D ( 'NONE', #3251, #2938, #25 ) ;
#2579 = DIRECTION ( 'NONE',  ( -0.7031775825317143624, -0.7110142666816565704, 0.000000000000000000 ) ) ;
#2580 = CARTESIAN_POINT ( 'NONE',  ( 1.099999999999999867, 3.000000000000000000, -27.50000000000001066 ) ) ;
#2581 = FACE_BOUND ( 'NONE', #1109, .T. ) ;
#2582 = ORIENTED_EDGE ( 'NONE', *, *, #219, .T. ) ;
#2583 = LINE ( 'NONE', #1255, #2967 ) ;
#2584 = VECTOR ( 'NONE', #1309, 1000.000000000000000 ) ;
#2585 = LINE ( 'NONE', #2825, #2161 ) ;
#2586 = DIRECTION ( 'NONE',  ( 1.000000000000000000, 0.000000000000000000, -3.154042683594192162E-16 ) ) ;
#2587 = APPLICATION_PROTOCOL_DEFINITION ( 'draft international standard', 'automotive_design', 1998, #3095 ) ;
#2588 = CIRCLE ( 'NONE', #3035, 7.882266468024040407 ) ;
#2589 = FACE_OUTER_BOUND ( 'NONE', #1632, .T. ) ;
#2590 = SPHERICAL_SURFACE ( 'NONE', #2486, 0.2500000000000000000 ) ;
#2591 = ADVANCED_FACE ( 'NONE', ( #3180, #770, #2191, #2957 ), #1909, .F. ) ;
#2592 = DIRECTION ( 'NONE',  ( 0.000000000000000000, 3.552713678800500929E-15, 1.000000000000000000 ) ) ;
#2593 = CARTESIAN_POINT ( 'NONE',  ( -10.38090588852620044, 8.842060930847138067, -13.69455514358798887 ) ) ;
#2594 = EDGE_LOOP ( 'NONE', ( #2577, #751, #386, #2701 ) ) ;
#2595 = AXIS2_PLACEMENT_3D ( 'NONE', #625, #1696, #2508 ) ;
#2596 = CARTESIAN_POINT ( 'NONE',  ( 12.96264529834738966, 2.240793659158398121, 7.694067236924051478 ) ) ;
#2597 = CARTESIAN_POINT ( 'NONE',  ( 12.49999999999999645, 7.635763236763637885, -5.116841737429760784 ) ) ;
#2598 = ORIENTED_EDGE ( 'NONE', *, *, #811, .F. ) ;
#2599 = ORIENTED_EDGE ( 'NONE', *, *, #2283, .T. ) ;
#2600 = CARTESIAN_POINT ( 'NONE',  ( -11.58958556636720694, 7.080283790971679814, -11.92712294937106066 ) ) ;
#2601 = DIRECTION ( 'NONE',  ( 0.000000000000000000, 0.000000000000000000, 1.000000000000000000 ) ) ;
#2602 = LINE ( 'NONE', #3004, #910 ) ;
#2603 = CARTESIAN_POINT ( 'NONE',  ( 4.764993072368730154, 4.975409064304848528, -18.48669539676117779 ) ) ;
#2604 = CARTESIAN_POINT ( 'NONE',  ( -15.06407925894602506, -1.260002040108752608, -4.976598602986864961 ) ) ;
#2605 = CARTESIAN_POINT ( 'NONE',  ( -14.31454076649648677, -4.576679812947089587, -5.964304657055133241 ) ) ;
#2606 = CARTESIAN_POINT ( 'NONE',  ( 1.406612455316395005, -5.212272003820658917, -16.69170332635885501 ) ) ;
#2607 = ORIENTED_EDGE ( 'NONE', *, *, #2306, .F. ) ;
#2608 = FACE_BOUND ( 'NONE', #1091, .T. ) ;
#2609 = CARTESIAN_POINT ( 'NONE',  ( 4.764993072368731042, 28.00000000000001776, -21.00000000000001066 ) ) ;
#2610 = CARTESIAN_POINT ( 'NONE',  ( 12.90941944413440901, 6.528570820796739227, -9.908382379996353961 ) ) ;
#2611 = EDGE_LOOP ( 'NONE', ( #2374, #1216, #2704, #801 ) ) ;
#2612 = EDGE_CURVE ( 'NONE', #1502, #2001, #1874, .T. ) ;
#2613 = EDGE_CURVE ( 'NONE', #1551, #2011, #3200, .T. ) ;
#2614 = CARTESIAN_POINT ( 'NONE',  ( -12.31327663397263628, 6.422284237346774560, -10.41347820248444300 ) ) ;
#2615 = CARTESIAN_POINT ( 'NONE',  ( 11.00000000000000178, 0.000000000000000000, -30.40457638090298786 ) ) ;
#2616 = CARTESIAN_POINT ( 'NONE',  ( -12.96634726940689397, 7.247254766910073975, -7.522060259779029145 ) ) ;
#2617 = CARTESIAN_POINT ( 'NONE',  ( 4.242875339077150088, -12.16028821139167171, -16.23955163197084062 ) ) ;
#2618 = CARTESIAN_POINT ( 'NONE',  ( 12.96749306619026498, 7.013763430950449518, -8.313157921933433059 ) ) ;
#2619 = CARTESIAN_POINT ( 'NONE',  ( -12.50000000000000178, -6.543247202547097352, -9.236343118474811931 ) ) ;
#2620 = CARTESIAN_POINT ( 'NONE',  ( -3.289949144090809519, -4.280432334699749930, -16.42431212837236743 ) ) ;
#2621 = ORIENTED_EDGE ( 'NONE', *, *, #1443, .F. ) ;
#2622 = CIRCLE ( 'NONE', #1178, 7.882266468024040407 ) ;
#2623 = CARTESIAN_POINT ( 'NONE',  ( -9.681954401149541312, 5.221087910968490675, -30.40457638090298431 ) ) ;
#2624 = CARTESIAN_POINT ( 'NONE',  ( 12.40631910957938189, -6.403736394001185772, -10.02937851524294999 ) ) ;
#2625 = DIRECTION ( 'NONE',  ( 1.000000000000000000, -1.165112782372482366E-16, 1.776356839400250465E-15 ) ) ;
#2626 = ORIENTED_EDGE ( 'NONE', *, *, #2199, .F. ) ;
#2627 = VECTOR ( 'NONE', #2898, 1000.000000000000000 ) ;
#2628 = CARTESIAN_POINT ( 'NONE',  ( -12.77220789118305788, 6.533943259597485564, -10.53082008949268022 ) ) ;
#2629 = EDGE_CURVE ( 'NONE', #2536, #2822, #853, .T. ) ;
#2630 = CLOSED_SHELL ( 'NONE', ( #32, #236, #450, #1283, #3425, #602, #2183, #998, #2025, #1907, #682, #1641, #865, #1584, #2013, #1537, #2720, #1327, #393, #401, #3048, #516, #946, #935, #1850, #3243, #1416, #586, #1531, #698, #3113, #348, #2008, #2244, #73, #3145, #2989, #2591, #1646, #370, #33, #2072, #1422, #1113, #2877, #1457, #557, #903, #3316, #2175, #3179, #1561, #1744, #607, #1296, #2826, #3274, #657, #2225, #2039, #2968, #1044, #975, #2210, #142, #3073, #305, #1196, #2121, #328, #568, #3385, #715, #468, #2929, #1834, #2657, #1208, #434, #1969 ) ) ;
#2631 = CARTESIAN_POINT ( 'NONE',  ( -10.04889639509659105, 8.683238828891880701, -13.42680204330327953 ) ) ;
#2632 = AXIS2_PLACEMENT_3D ( 'NONE', #1958, #1997, #1240 ) ;
#2633 = VECTOR ( 'NONE', #1129, 1000.000000000000000 ) ;
#2634 = DIRECTION ( 'NONE',  ( 0.000000000000000000, -1.000000000000000000, -2.775557561562888827E-14 ) ) ;
#2635 = CARTESIAN_POINT ( 'NONE',  ( -11.55156087839235468, 7.670632385767486738, -12.69269914066206617 ) ) ;
#2636 = DIRECTION ( 'NONE',  ( -1.836638480190444758E-16, -0.000000000000000000, -1.000000000000000000 ) ) ;
#2637 = CARTESIAN_POINT ( 'NONE',  ( -12.31007322184942865, -6.423569394650314734, -10.42503017113131492 ) ) ;
#2638 = EDGE_CURVE ( 'NONE', #116, #756, #2424, .T. ) ;
#2639 = CARTESIAN_POINT ( 'NONE',  ( -0.5629570965781478531, 12.54159959700184857, -17.08264244096040230 ) ) ;
#2640 = ORIENTED_EDGE ( 'NONE', *, *, #219, .F. ) ;
#2641 = AXIS2_PLACEMENT_3D ( 'NONE', #3356, #486, #438 ) ;
#2642 = B_SPLINE_CURVE_WITH_KNOTS ( 'NONE', 3,
 ( #2860, #3387, #3355, #146, #3138, #2047, #999, #2077, #2605, #3089, #3116, #732, #470, #209, #437, #1277, #2575, #173, #1015, #2062, #2097, #1363, #2420, #20, #2694, #2367 ),
 .UNSPECIFIED., .F., .F.,
 ( 4, 2, 2, 2, 2, 2, 2, 2, 2, 2, 2, 2, 4 ),
 ( 0.009726836636957747820, 0.01042185564519902512, 0.01111687465344030241, 0.01146438415756093933, 0.01181189366168157624, 0.01215940316580221316, 0.01250691266992285007, 0.01320193167816412390, 0.01354944118228475908, 0.01389695068640539599, 0.01459196969464666982, 0.01493947919876730673, 0.01528698870288794365 ),
 .UNSPECIFIED. ) ;
#2643 = CARTESIAN_POINT ( 'NONE',  ( 15.18919725548834698, -1.370696345148252782, -2.392745329563492618 ) ) ;
#2644 = CARTESIAN_POINT ( 'NONE',  ( -12.75000000000000000, 0.000000000000000000, 7.817850158122311655 ) ) ;
#2645 = CARTESIAN_POINT ( 'NONE',  ( 12.22911589676500022, 7.491769889239623836, -10.69937034285666932 ) ) ;
#2646 = CARTESIAN_POINT ( 'NONE',  ( -13.64136817328504847, -2.999999999999564793, 6.096152422708232876 ) ) ;
#2647 = ORIENTED_EDGE ( 'NONE', *, *, #3013, .T. ) ;
#2648 = VERTEX_POINT ( 'NONE', #1334 ) ;
#2649 = DIRECTION ( 'NONE',  ( -0.000000000000000000, -0.000000000000000000, 1.000000000000000000 ) ) ;
#2650 = CARTESIAN_POINT ( 'NONE',  ( -10.93870090107623483, 7.781532029970054332, -12.68898950359201905 ) ) ;
#2651 = CARTESIAN_POINT ( 'NONE',  ( -6.920403398284858731, 10.72816989062663318, -15.26087839900312915 ) ) ;
#2652 = AXIS2_PLACEMENT_3D ( 'NONE', #2495, #2763, #3245 ) ;
#2653 = EDGE_CURVE ( 'NONE', #1038, #1947, #2804, .T. ) ;
#2654 = CARTESIAN_POINT ( 'NONE',  ( -5.235006927631268958, 7.802318267616403347, -21.00000000000001066 ) ) ;
#2655 = CARTESIAN_POINT ( 'NONE',  ( 6.465557078597311325, -10.94217338091884706, -15.45957659684147067 ) ) ;
#2656 = CARTESIAN_POINT ( 'NONE',  ( 15.17456498814704524, 1.547698508281694529, -2.282242091016156493 ) ) ;
#2657 = ADVANCED_FACE ( 'NONE', ( #2433 ), #830, .T. ) ;
#2658 = CARTESIAN_POINT ( 'NONE',  ( 12.96885084570459590, -6.729889358241047503, -9.086338423935792719 ) ) ;
#2659 = CARTESIAN_POINT ( 'NONE',  ( 2.065193961180624704, 12.18204016092046871, -16.63051032760229120 ) ) ;
#2660 = VERTEX_POINT ( 'NONE', #1931 ) ;
#2661 = DIRECTION ( 'NONE',  ( 1.000000000000000000, -0.000000000000000000, -0.000000000000000000 ) ) ;
#2662 = DIRECTION ( 'NONE',  ( 0.7031775825317143624, -0.7110142666816565704, 0.000000000000000000 ) ) ;
#2663 = CYLINDRICAL_SURFACE ( 'NONE', #1563, 1.000000000000000000 ) ;
#2664 = ORIENTED_EDGE ( 'NONE', *, *, #1307, .F. ) ;
#2665 = EDGE_LOOP ( 'NONE', ( #2484, #41, #2408, #2950 ) ) ;
#2666 = CARTESIAN_POINT ( 'NONE',  ( -5.925804410653300991, 1.354779904922068123, -27.50000000000001066 ) ) ;
#2667 = CARTESIAN_POINT ( 'NONE',  ( -12.34346020673872779, 7.473896823708877868, -10.29626809126784437 ) ) ;
#2668 = PRODUCT_DEFINITION_CONTEXT ( 'detailed design', #3095, 'design' ) ;
#2669 = CARTESIAN_POINT ( 'NONE',  ( -2.098722274546037880, 12.17108113767751121, -16.62003547191051567 ) ) ;
#2670 = CARTESIAN_POINT ( 'NONE',  ( 12.75000000000000178, 0.000000000000000000, -3.934866823455707511E-15 ) ) ;
#2671 = CARTESIAN_POINT ( 'NONE',  ( -12.96920570092336433, 6.655698964949503527, -9.288408887720738250 ) ) ;
#2672 = CARTESIAN_POINT ( 'NONE',  ( 12.56204614684819987, 6.671472264827606580, -11.12697207058465665 ) ) ;
#2673 =( GEOMETRIC_REPRESENTATION_CONTEXT ( 3 ) GLOBAL_UNCERTAINTY_ASSIGNED_CONTEXT ( ( #534 ) ) GLOBAL_UNIT_ASSIGNED_CONTEXT ( ( #1210, #2794, #419 ) ) REPRESENTATION_CONTEXT ( 'NONE', 'WORKASPACE' ) );
#2674 = CARTESIAN_POINT ( 'NONE',  ( -11.58477977534654002, -7.085309489504199476, -11.94774057261284916 ) ) ;
#2675 = CARTESIAN_POINT ( 'NONE',  ( 2.638743895641434634, 12.46396039125999167, -16.54910368465372628 ) ) ;
#2676 = ORIENTED_EDGE ( 'NONE', *, *, #2638, .F. ) ;
#2677 = EDGE_CURVE ( 'NONE', #322, #101, #307, .T. ) ;
#2678 = DIRECTION ( 'NONE',  ( 1.000000000000000000, 0.000000000000000000, -1.028723352537439825E-16 ) ) ;
#2679 = CYLINDRICAL_SURFACE ( 'NONE', #1562, 1.749999999999999778 ) ;
#2680 = CARTESIAN_POINT ( 'NONE',  ( -14.00000000000000000, 6.074321647363666976, -1.748421085646460593 ) ) ;
#2681 = ORIENTED_EDGE ( 'NONE', *, *, #2810, .F. ) ;
#2682 = CARTESIAN_POINT ( 'NONE',  ( -12.75000000000000000, -2.204034631566454294, 7.567850158122312543 ) ) ;
#2683 = EDGE_LOOP ( 'NONE', ( #1493, #3232, #2084, #226, #182 ) ) ;
#2684 = DIRECTION ( 'NONE',  ( -3.469446951953610639E-15, -1.000000000000000000, 0.000000000000000000 ) ) ;
#2685 = CARTESIAN_POINT ( 'NONE',  ( -14.00000000000000000, -4.384703398012619324, 4.126060604433343215 ) ) ;
#2686 = CIRCLE ( 'NONE', #1508, 11.00000000000000888 ) ;
#2687 = DIRECTION ( 'NONE',  ( -1.836638480190444758E-16, -0.000000000000000000, -1.000000000000000000 ) ) ;
#2688 = ORIENTED_EDGE ( 'NONE', *, *, #803, .F. ) ;
#2690 = CARTESIAN_POINT ( 'NONE',  ( -12.49999999999719513, -8.715706254510928730, -3.589194784335109301 ) ) ;
#2689 = TOROIDAL_SURFACE ( 'NONE', #283, 12.93909844839060952, 0.2500000000000000000 ) ;
#2691 = CARTESIAN_POINT ( 'NONE',  ( 8.025339280566289091, -10.47007605499669225, -15.14437721352171451 ) ) ;
#2692 = CARTESIAN_POINT ( 'NONE',  ( 15.22299859459666571, 0.8098133651229855179, -2.635970716213653642 ) ) ;
#2693 = AXIS2_PLACEMENT_3D ( 'NONE', #2460, #1886, #2711 ) ;
#2694 = CARTESIAN_POINT ( 'NONE',  ( -14.89074882700596980, -3.114229689525825240, -3.446152422708314678 ) ) ;
#2695 = CARTESIAN_POINT ( 'NONE',  ( -8.025339280566385014, 10.47007605499621796, -15.14437721352276967 ) ) ;
#2696 = VERTEX_POINT ( 'NONE', #1371 ) ;
#2697 = EDGE_CURVE ( 'NONE', #905, #2538, #1807, .T. ) ;
#2698 = DIRECTION ( 'NONE',  ( 0.000000000000000000, 3.469446951953622866E-15, 1.000000000000000000 ) ) ;
#2699 = CARTESIAN_POINT ( 'NONE',  ( -10.69148936170213737, 8.038243187928575395, -12.89397360120649338 ) ) ;
#2700 = CARTESIAN_POINT ( 'NONE',  ( -14.63401995853140214, 4.252883457608190199, 0.3104226193199352557 ) ) ;
#2701 = ORIENTED_EDGE ( 'NONE', *, *, #2205, .F. ) ;
#2702 = DIRECTION ( 'NONE',  ( -1.000000000000000000, 0.000000000000000000, -0.000000000000000000 ) ) ;
#2703 = DIRECTION ( 'NONE',  ( -1.154588794620809120E-16, -1.000000000000000000, 0.000000000000000000 ) ) ;
#2704 = ORIENTED_EDGE ( 'NONE', *, *, #3137, .F. ) ;
#2705 = DIRECTION ( 'NONE',  ( 1.000000000000000000, 0.000000000000000000, 0.000000000000000000 ) ) ;
#2706 = DIRECTION ( 'NONE',  ( -1.000000000000000000, 0.000000000000000000, 1.978035332892873925E-16 ) ) ;
#2707 = DIRECTION ( 'NONE',  ( 0.000000000000000000, 0.000000000000000000, 1.000000000000000000 ) ) ;
#2708 = CARTESIAN_POINT ( 'NONE',  ( -5.897042048855784202, 1.236452425450191184, -15.67812642498538445 ) ) ;
#2709 = CARTESIAN_POINT ( 'NONE',  ( 7.749606309489216471, 10.31513719549007746, -14.87778457383005737 ) ) ;
#2710 = ORIENTED_EDGE ( 'NONE', *, *, #2278, .T. ) ;
#2711 = DIRECTION ( 'NONE',  ( -1.000000000000000000, -1.421085471520200372E-14, 1.340683420020330129E-16 ) ) ;
#2712 = CARTESIAN_POINT ( 'NONE',  ( 12.34346020673844535, -7.473896823713335635, -10.29626809126718001 ) ) ;
#2713 = CARTESIAN_POINT ( 'NONE',  ( -14.27404707675573015, 5.403403620166636223, -1.650969613482458520 ) ) ;
#2714 = VERTEX_POINT ( 'NONE', #268 ) ;
#2715 = EDGE_CURVE ( 'NONE', #2447, #2000, #2391, .T. ) ;
#2716 = ORIENTED_EDGE ( 'NONE', *, *, #2055, .F. ) ;
#2717 = DIRECTION ( 'NONE',  ( 0.000000000000000000, 0.000000000000000000, -1.000000000000000000 ) ) ;
#2718 = CARTESIAN_POINT ( 'NONE',  ( 6.676987387454226486, -11.14981372498482770, -15.76994919556119790 ) ) ;
#2719 = EDGE_CURVE ( 'NONE', #3345, #1571, #3244, .T. ) ;
#2720 = ADVANCED_FACE ( 'NONE', ( #1077 ), #62, .F. ) ;
#2721 = ORIENTED_EDGE ( 'NONE', *, *, #1899, .F. ) ;
#2722 = CARTESIAN_POINT ( 'NONE',  ( -12.50000000000000000, -8.738533316448885202, 0.6419581155002653805 ) ) ;
#2723 = CARTESIAN_POINT ( 'NONE',  ( -2.638743895640773829, -12.46396039126015154, -16.54910368465480275 ) ) ;
#2724 = CARTESIAN_POINT ( 'NONE',  ( -5.395821831086830223, 6.601790640617593896E-16, -15.85709956981940216 ) ) ;
#2725 = CYLINDRICAL_SURFACE ( 'NONE', #2739, 2.750000000000000000 ) ;
#2726 = DIRECTION ( 'NONE',  ( 0.000000000000000000, 0.9397539854111141011, -0.3418514983204372082 ) ) ;
#2727 = ORIENTED_EDGE ( 'NONE', *, *, #1659, .F. ) ;
#2728 = FACE_OUTER_BOUND ( 'NONE', #1067, .T. ) ;
#2729 = CARTESIAN_POINT ( 'NONE',  ( 12.31327663397269490, -6.422284237348533154, -10.41347820248414457 ) ) ;
#2730 = CARTESIAN_POINT ( 'NONE',  ( -14.00000000000000178, -3.755041041031239590, 4.706343249293596820 ) ) ;
#2731 = ORIENTED_EDGE ( 'NONE', *, *, #2907, .T. ) ;
#2732 = EDGE_LOOP ( 'NONE', ( #1644, #10, #369, #1611 ) ) ;
#2733 = CARTESIAN_POINT ( 'NONE',  ( -6.385974327702107267, 1.354779904922068123, -35.96993204759647966 ) ) ;
#2734 = CARTESIAN_POINT ( 'NONE',  ( -14.38859778736903472, -1.268990593283793489, 4.863721267338696030 ) ) ;
#2735 = CARTESIAN_POINT ( 'NONE',  ( -14.00000000000000000, 6.077961531293088804, -0.8966169748774768244 ) ) ;
#2736 = ORIENTED_EDGE ( 'NONE', *, *, #1156, .T. ) ;
#2737 = EDGE_CURVE ( 'NONE', #2935, #765, #841, .T. ) ;
#2738 = CARTESIAN_POINT ( 'NONE',  ( 3.290174038689921421, 4.300528167319164652, -16.42824151090208318 ) ) ;
#2739 = AXIS2_PLACEMENT_3D ( 'NONE', #634, #1170, #3281 ) ;
#2740 = CARTESIAN_POINT ( 'NONE',  ( 0.5560974794635444862, -12.65967086122187624, -16.74919711438529646 ) ) ;
#2741 = CARTESIAN_POINT ( 'NONE',  ( 12.96264529834739143, 7.992190295667323419, 0.5871295828635731961 ) ) ;
#2742 = CARTESIAN_POINT ( 'NONE',  ( -6.908506238692645240, -10.76126255972083356, -15.29044176655406595 ) ) ;
#2743 = EDGE_LOOP ( 'NONE', ( #1056, #1365, #1494, #1780 ) ) ;
#2745 = AXIS2_PLACEMENT_3D ( 'NONE', #1664, #2443, #2971 ) ;
#2744 = CARTESIAN_POINT ( 'NONE',  ( -12.50000000000000000, 6.896557003347870918, -8.274655959242423364 ) ) ;
#2746 = B_SPLINE_CURVE_WITH_KNOTS ( 'NONE', 3,
 ( #605, #1671, #885, #2755, #2734, #1430, #2230, #1964, #104, #2434, #3201, #810, #3218, #1892, #2942, #550, #1614, #2449, #47, #2685 ),
 .UNSPECIFIED., .F., .F.,
 ( 4, 2, 2, 2, 2, 2, 2, 2, 2, 4 ),
 ( 5.046504515875406491E-07, 0.0006495246070199864243, 0.001298544563588385162, 0.001947564520156784117, 0.002596584476725183072, 0.002921094455009382983, 0.003245604433293582461, 0.003894624389861982283, 0.004543644346430382105, 0.005192664302998781060 ),
 .UNSPECIFIED. ) ;
#2747 = CARTESIAN_POINT ( 'NONE',  ( -12.49999999999999822, -3.000000000000024425, 4.296152422706614793 ) ) ;
#2748 = CARTESIAN_POINT ( 'NONE',  ( 12.49999999999997513, -7.527804354203611048, -9.376593577025785109 ) ) ;
#2749 = AXIS2_PLACEMENT_3D ( 'NONE', #1276, #1515, #3402 ) ;
#2750 = CARTESIAN_POINT ( 'NONE',  ( -11.83663735730722522, -7.733970293922391548, -11.59229210268777877 ) ) ;
#2751 = ORIENTED_EDGE ( 'NONE', *, *, #3442, .T. ) ;
#2752 = CARTESIAN_POINT ( 'NONE',  ( 12.49999999999999822, 7.940334677659718565, -1.054061962358086468 ) ) ;
#2753 = FACE_OUTER_BOUND ( 'NONE', #165, .T. ) ;
#2754 = AXIS2_PLACEMENT_3D ( 'NONE', #3202, #237, #254 ) ;
#2755 = CARTESIAN_POINT ( 'NONE',  ( -14.32032349030361118, -1.242692083367171962, 5.067746254690036700 ) ) ;
#2756 = AXIS2_PLACEMENT_3D ( 'NONE', #207, #3114, #2332 ) ;
#2757 = ORIENTED_EDGE ( 'NONE', *, *, #3043, .T. ) ;
#2758 = CARTESIAN_POINT ( 'NONE',  ( -12.50000000000071410, -8.020396830790454956, -7.750566452123552885 ) ) ;
#2759 = CARTESIAN_POINT ( 'NONE',  ( -5.526262448018027129, -11.32747953943374952, -15.81971968405195383 ) ) ;
#2760 = CARTESIAN_POINT ( 'NONE',  ( -13.93220140719822631, 6.233881544961497490, -0.8830596105125554374 ) ) ;
#2761 = EDGE_CURVE ( 'NONE', #3357, #1481, #2505, .T. ) ;
#2762 = COLOUR_RGB ( '',0.7921568627450980005, 0.8196078431372548767, 0.9333333333333333481 ) ;
#2763 = DIRECTION ( 'NONE',  ( -1.224646799147353207E-16, 1.000000000000000000, 2.249233435956087740E-32 ) ) ;
#2764 = CARTESIAN_POINT ( 'NONE',  ( 10.33335959027835393, 9.093178819550825409, -13.21248642386553485 ) ) ;
#2765 = VERTEX_POINT ( 'NONE', #884 ) ;
#2766 = CARTESIAN_POINT ( 'NONE',  ( -15.01176412559106588, -2.439438230950546238, -3.534419338729009041 ) ) ;
#2767 = EDGE_CURVE ( 'NONE', #116, #251, #2414, .T. ) ;
#2768 = CYLINDRICAL_SURFACE ( 'NONE', #72, 11.00000000000000888 ) ;
#2769 = CARTESIAN_POINT ( 'NONE',  ( -1.100000000000012523, -3.000000000000000000, -30.40457638090298076 ) ) ;
#2770 = CARTESIAN_POINT ( 'NONE',  ( -12.17878470493409182, -7.510722548746678662, -10.84585845281206318 ) ) ;
#2771 = ORIENTED_EDGE ( 'NONE', *, *, #1054, .T. ) ;
#2772 = FACE_OUTER_BOUND ( 'NONE', #3248, .T. ) ;
#2773 = CARTESIAN_POINT ( 'NONE',  ( 11.55305264898980333, 7.669092003525656231, -12.69109907550430449 ) ) ;
#2774 = VERTEX_POINT ( 'NONE', #137 ) ;
#2775 = CARTESIAN_POINT ( 'NONE',  ( -12.96264529834738255, -2.240793659158413220, 7.694067236924055919 ) ) ;
#2776 = CARTESIAN_POINT ( 'NONE',  ( -11.04552720299155411, -8.182297624385769907, -13.14912914822989087 ) ) ;
#2777 = CARTESIAN_POINT ( 'NONE',  ( 12.96634726940688864, -7.247254766909997592, -7.522060259779371094 ) ) ;
#2778 = DIRECTION ( 'NONE',  ( 0.000000000000000000, 0.000000000000000000, 1.000000000000000000 ) ) ;
#2779 = EDGE_CURVE ( 'NONE', #2774, #322, #394, .T. ) ;
#2780 = CARTESIAN_POINT ( 'NONE',  ( -4.086391380638509929, -11.78477470957048823, -16.25171206502173504 ) ) ;
#2781 = ORIENTED_EDGE ( 'NONE', *, *, #1659, .T. ) ;
#2782 = CARTESIAN_POINT ( 'NONE',  ( -12.50000000000000000, 7.639753157915503579, -5.091353048334886111 ) ) ;
#2783 = LINE ( 'NONE', #3306, #3026 ) ;
#2784 = CARTESIAN_POINT ( 'NONE',  ( 12.11895634435666302, -6.553749186863314868, -10.96949025228300734 ) ) ;
#2785 = EDGE_CURVE ( 'NONE', #873, #1820, #86, .T. ) ;
#2786 = CARTESIAN_POINT ( 'NONE',  ( -11.78784833104151630, -6.866351222814663480, -11.64338409175602074 ) ) ;
#2787 = ORIENTED_EDGE ( 'NONE', *, *, #3337, .T. ) ;
#2788 = ORIENTED_EDGE ( 'NONE', *, *, #1630, .T. ) ;
#2789 = CARTESIAN_POINT ( 'NONE',  ( -5.385974327702107267, 0.3547799049220680678, -27.50000000000001066 ) ) ;
#2790 = DIRECTION ( 'NONE',  ( 1.000000000000000000, -0.000000000000000000, -0.000000000000000000 ) ) ;
#2791 = ORIENTED_EDGE ( 'NONE', *, *, #2612, .T. ) ;
#2792 = CARTESIAN_POINT ( 'NONE',  ( -2.999999999999915623, -8.508143127133993220E-14, -30.40457638090298076 ) ) ;
#2793 = SURFACE_STYLE_FILL_AREA ( #2543 ) ;
#2794 =( NAMED_UNIT ( * ) PLANE_ANGLE_UNIT ( ) SI_UNIT ( $, .RADIAN. ) );
#2795 = CARTESIAN_POINT ( 'NONE',  ( -3.703681331867603621, 5.711016496339619941, -16.33539851341176430 ) ) ;
#2796 = ORIENTED_EDGE ( 'NONE', *, *, #1916, .T. ) ;
#2797 = CARTESIAN_POINT ( 'NONE',  ( -8.229892920117105604, 7.354779904922067679, -20.82229142520101561 ) ) ;
#2798 = AXIS2_PLACEMENT_3D ( 'NONE', #2540, #710, #3067 ) ;
#2799 = DIRECTION ( 'NONE',  ( 0.000000000000000000, 0.000000000000000000, 1.000000000000000000 ) ) ;
#2800 = CIRCLE ( 'NONE', #2963, 0.2500000000000007772 ) ;
#2801 = CARTESIAN_POINT ( 'NONE',  ( 3.567567199565092384, -4.063183244763340696, -16.36763204397169957 ) ) ;
#2802 = ORIENTED_EDGE ( 'NONE', *, *, #34, .F. ) ;
#2803 = CIRCLE ( 'NONE', #2909, 0.2500000000000001665 ) ;
#2804 = CIRCLE ( 'NONE', #911, 0.2500000000000002220 ) ;
#2805 = CARTESIAN_POINT ( 'NONE',  ( 12.49999999999857003, 8.020396830797249521, -7.750566452133847761 ) ) ;
#2806 = DIRECTION ( 'NONE',  ( -1.401961798697455985E-14, -0.9601109260671070178, 0.2796194014129965710 ) ) ;
#2807 = LINE ( 'NONE', #2310, #844 ) ;
#2808 = ORIENTED_EDGE ( 'NONE', *, *, #255, .T. ) ;
#2809 = CIRCLE ( 'NONE', #1018, 0.2499999999999993616 ) ;
#2810 = EDGE_CURVE ( 'NONE', #363, #1820, #868, .T. ) ;
#2811 = ORIENTED_EDGE ( 'NONE', *, *, #818, .T. ) ;
#2812 = DIRECTION ( 'NONE',  ( -1.000000000000000000, -0.000000000000000000, 3.086170057612319597E-16 ) ) ;
#2813 = VECTOR ( 'NONE', #3101, 1000.000000000000000 ) ;
#2814 = CARTESIAN_POINT ( 'NONE',  ( -8.254823189887430246, 7.354779904922067679, -20.78107682728133909 ) ) ;
#2815 = FACE_OUTER_BOUND ( 'NONE', #1460, .T. ) ;
#2816 = DIRECTION ( 'NONE',  ( 0.000000000000000000, -1.000000000000000000, -0.000000000000000000 ) ) ;
#2817 = CARTESIAN_POINT ( 'NONE',  ( -5.387146891785518754, -0.3538392355831146419, -15.86005958327295673 ) ) ;
#2818 = EDGE_LOOP ( 'NONE', ( #463, #1282, #2296, #919, #1206, #1479, #2831, #68, #585, #600 ) ) ;
#2819 = DIRECTION ( 'NONE',  ( 1.000000000000000000, 0.000000000000000000, 0.000000000000000000 ) ) ;
#2820 = CARTESIAN_POINT ( 'NONE',  ( -13.99333409933352712, 5.968887101555123920, 0.8995968871881222517 ) ) ;
#2821 = DIRECTION ( 'NONE',  ( -1.000000000000000000, 0.000000000000000000, 1.836638480190444758E-16 ) ) ;
#2822 = VERTEX_POINT ( 'NONE', #2229 ) ;
#2823 = ORIENTED_EDGE ( 'NONE', *, *, #920, .T. ) ;
#2824 = CARTESIAN_POINT ( 'NONE',  ( 0.000000000000000000, 3.000000000000000000, -30.40457638090298076 ) ) ;
#2825 = CARTESIAN_POINT ( 'NONE',  ( 5.395821831086830223, 0.000000000000000000, -27.50000000000001066 ) ) ;
#2826 = ADVANCED_FACE ( 'NONE', ( #2772 ), #728, .T. ) ;
#2827 = LINE ( 'NONE', #435, #795 ) ;
#2828 = CARTESIAN_POINT ( 'NONE',  ( -8.501359833574671399, 7.073654411986237456, -20.78758555299400967 ) ) ;
#2829 = CARTESIAN_POINT ( 'NONE',  ( -12.50000000000000000, -2.999999999999952482, -5.196152422706661334 ) ) ;
#2830 = CARTESIAN_POINT ( 'NONE',  ( 0.7089355309843390351, -5.360867408101619880, -16.73864175993272241 ) ) ;
#2831 = ORIENTED_EDGE ( 'NONE', *, *, #920, .F. ) ;
#2832 = DIRECTION ( 'NONE',  ( -1.000000000000000000, -0.000000000000000000, 3.086170057612319597E-16 ) ) ;
#2833 = CARTESIAN_POINT ( 'NONE',  ( -13.97998569384104428, 6.000000000000000000, 0.8999999999999990230 ) ) ;
#2834 = CARTESIAN_POINT ( 'NONE',  ( 11.22324754768530930, 8.269205469228932515, -12.42186941145098622 ) ) ;
#2835 = ORIENTED_EDGE ( 'NONE', *, *, #2270, .F. ) ;
#2836 = ORIENTED_EDGE ( 'NONE', *, *, #1645, .F. ) ;
#2837 = DIRECTION ( 'NONE',  ( -0.9853855004547031893, -0.1703391190937488808, 3.469446951953611822E-15 ) ) ;
#2838 = EDGE_CURVE ( 'NONE', #513, #1942, #2394, .T. ) ;
#2839 = CARTESIAN_POINT ( 'NONE',  ( -12.50000000000000533, 6.896567243456363627, -8.274627811075205841 ) ) ;
#2840 = DIRECTION ( 'NONE',  ( 1.836638480190445004E-16, -0.000000000000000000, 1.000000000000000000 ) ) ;
#2841 = DIRECTION ( 'NONE',  ( -0.000000000000000000, -0.000000000000000000, 1.000000000000000000 ) ) ;
#2842 = CARTESIAN_POINT ( 'NONE',  ( -8.254823189887430246, 7.354779904922067679, -20.78107682728133909 ) ) ;
#2843 = CARTESIAN_POINT ( 'NONE',  ( -5.900942105143005111E-15, 0.000000000000000000, -20.90457638090298431 ) ) ;
#2844 = DIRECTION ( 'NONE',  ( 1.000000000000000000, 0.000000000000000000, 0.000000000000000000 ) ) ;
#2845 = EDGE_LOOP ( 'NONE', ( #1144, #1961, #596 ) ) ;
#2846 = EDGE_CURVE ( 'NONE', #1742, #3346, #2686, .T. ) ;
#2847 = AXIS2_PLACEMENT_3D ( 'NONE', #806, #826, #250 ) ;
#2848 = FACE_OUTER_BOUND ( 'NONE', #164, .T. ) ;
#2849 = FACE_BOUND ( 'NONE', #3199, .T. ) ;
#2850 = CARTESIAN_POINT ( 'NONE',  ( 12.77150732612049921, 6.534199545394152153, -10.53337944637266688 ) ) ;
#2851 = ORIENTED_EDGE ( 'NONE', *, *, #2737, .F. ) ;
#2852 = CIRCLE ( 'NONE', #1346, 1.100000000000181721 ) ;
#2853 = CARTESIAN_POINT ( 'NONE',  ( -12.50000000000000355, 6.543416867323561092, -9.235898904311671487 ) ) ;
#2854 = CIRCLE ( 'NONE', #1864, 5.395821831086830223 ) ;
#2855 = CARTESIAN_POINT ( 'NONE',  ( -12.50000000000000178, 7.639753158080297979, -5.091353048347569299 ) ) ;
#2856 = CARTESIAN_POINT ( 'NONE',  ( -5.387514005267366457, 0.2993093314302207597, -15.85992411214656350 ) ) ;
#2857 = CIRCLE ( 'NONE', #352, 0.2500000000000000555 ) ;
#2858 = CARTESIAN_POINT ( 'NONE',  ( 4.764993072368731042, 4.510267046648277045, -18.15500501885719231 ) ) ;
#2859 = CARTESIAN_POINT ( 'NONE',  ( -9.219536262597227250, 6.254718534527029306, -20.60495942279352732 ) ) ;
#2860 = CARTESIAN_POINT ( 'NONE',  ( -14.61497296274891688, -2.999999999999772182, -6.946152422707341678 ) ) ;
#2861 = CYLINDRICAL_SURFACE ( 'NONE', #2532, 1.100000000000135758 ) ;
#2862 = ORIENTED_EDGE ( 'NONE', *, *, #422, .F. ) ;
#2863 = EDGE_CURVE ( 'NONE', #1038, #1104, #899, .T. ) ;
#2864 = CARTESIAN_POINT ( 'NONE',  ( 12.96264529834738610, 7.992190295667337629, 0.5871295828635715308 ) ) ;
#2865 = CARTESIAN_POINT ( 'NONE',  ( -3.703681331867603177, 7.354779904922067679, -19.83886352160698863 ) ) ;
#2866 = B_SPLINE_CURVE_WITH_KNOTS ( 'NONE', 3,
 ( #1973, #1117, #1453, #383, #1393, #3000, #2512, #3018, #1939, #651, #631, #2527, #108, #1169, #1993, #3041 ),
 .UNSPECIFIED., .F., .F.,
 ( 4, 2, 2, 2, 2, 2, 2, 4 ),
 ( 0.000000000000000000, 0.0006342996632734600876, 0.0009514494949101926250, 0.001268599326546925163, 0.001585749158183657808, 0.001902898989820390237, 0.002220048821457122883, 0.002537198653093855529 ),
 .UNSPECIFIED. ) ;
#2867 = CARTESIAN_POINT ( 'NONE',  ( 12.31261573804656173, 6.422533421499371009, -10.41590284860914117 ) ) ;
#2868 = VERTEX_POINT ( 'NONE', #1693 ) ;
#2869 = CARTESIAN_POINT ( 'NONE',  ( -8.254823189887430246, 7.354779904922066791, -14.57464902162987919 ) ) ;
#2870 = ORIENTED_EDGE ( 'NONE', *, *, #2761, .T. ) ;
#2871 = CARTESIAN_POINT ( 'NONE',  ( -13.60557674370094361, -3.162748022803701708, 6.096152422706976104 ) ) ;
#2872 = CARTESIAN_POINT ( 'NONE',  ( -12.96264529834739676, 7.992190295667325195, 0.5871295828635779701 ) ) ;
#2873 = DIRECTION ( 'NONE',  ( -0.000000000000000000, 1.000000000000000000, -0.000000000000000000 ) ) ;
#2874 = CARTESIAN_POINT ( 'NONE',  ( -9.681954401149541312, 5.727423584783560173, -20.34759515940072561 ) ) ;
#2875 = EDGE_CURVE ( 'NONE', #3003, #3214, #1397, .T. ) ;
#2876 = FACE_OUTER_BOUND ( 'NONE', #2128, .T. ) ;
#2877 = ADVANCED_FACE ( 'NONE', ( #2753 ), #1429, .T. ) ;
#2878 = DIRECTION ( 'NONE',  ( -1.836638480190444758E-16, -0.000000000000000000, -1.000000000000000000 ) ) ;
#2879 = ORIENTED_EDGE ( 'NONE', *, *, #2431, .T. ) ;
#2880 = DIRECTION ( 'NONE',  ( 1.000000000000000000, -0.000000000000000000, -0.000000000000000000 ) ) ;
#2881 = CARTESIAN_POINT ( 'NONE',  ( 11.78279288795306279, -6.871651349724215763, -11.65164269482428594 ) ) ;
#2882 = CARTESIAN_POINT ( 'NONE',  ( 12.50000000000003197, 6.543226999703405156, -9.236395991281314721 ) ) ;
#2883 = ORIENTED_EDGE ( 'NONE', *, *, #2697, .T. ) ;
#2884 = CARTESIAN_POINT ( 'NONE',  ( -12.95797239555101221, 6.599595264274284112, -9.491759309815938295 ) ) ;
#2885 = EDGE_CURVE ( 'NONE', #2227, #478, #3349, .T. ) ;
#2886 = COLOUR_RGB ( '',0.7921568627450980005, 0.8196078431372548767, 0.9333333333333333481 ) ;
#2887 = FACE_OUTER_BOUND ( 'NONE', #3052, .T. ) ;
#2888 = B_SPLINE_CURVE_WITH_KNOTS ( 'NONE', 3,
 ( #368, #2795, #3282, #2476, #2528, #1153, #1379, #330, #1724, #3265, #3002, #2203, #349, #1438, #1120, #1395 ),
 .UNSPECIFIED., .F., .F.,
 ( 4, 2, 2, 2, 2, 2, 2, 4 ),
 ( 8.673617379884035472E-19, 0.0002520591134822458513, 0.0005041182269644908353, 0.001008236453928980803, 0.001260295567411227847, 0.001512354680893474891, 0.001764413794375721935, 0.002016472907857968979 ),
 .UNSPECIFIED. ) ;
#2889 = DIRECTION ( 'NONE',  ( 0.000000000000000000, 0.000000000000000000, -1.000000000000000000 ) ) ;
#2890 = DIRECTION ( 'NONE',  ( 1.000000000000000000, -0.000000000000000000, -0.000000000000000000 ) ) ;
#2891 = LINE ( 'NONE', #243, #2584 ) ;
#2892 = CARTESIAN_POINT ( 'NONE',  ( 12.50000000000000000, -8.738533316448867438, 0.6419581155002614947 ) ) ;
#2893 = CARTESIAN_POINT ( 'NONE',  ( 5.220775402317324065, 11.71316995861472243, -16.29669749487371178 ) ) ;
#2894 = ORIENTED_EDGE ( 'NONE', *, *, #3379, .F. ) ;
#2895 = AXIS2_PLACEMENT_3D ( 'NONE', #338, #1963, #2212 ) ;
#2896 = CARTESIAN_POINT ( 'NONE',  ( -12.50000000000000000, 6.000000000000000000, -7.347880794884118750E-16 ) ) ;
#2897 = LINE ( 'NONE', #2644, #1398 ) ;
#2898 = DIRECTION ( 'NONE',  ( 1.000000000000000000, -0.000000000000000000, -0.000000000000000000 ) ) ;
#2899 = CARTESIAN_POINT ( 'NONE',  ( -14.25140951925136434, 5.174040666990405768, 1.550629092597747505 ) ) ;
#2900 = ORIENTED_EDGE ( 'NONE', *, *, #2574, .F. ) ;
#2901 = AXIS2_PLACEMENT_3D ( 'NONE', #1607, #507, #1574 ) ;
#2902 = EDGE_CURVE ( 'NONE', #1420, #530, #1684, .T. ) ;
#2903 = VERTEX_POINT ( 'NONE', #1752 ) ;
#2904 = CARTESIAN_POINT ( 'NONE',  ( 3.000000000000084821, 8.471403723159572676E-14, -27.50000000000001066 ) ) ;
#2905 = CARTESIAN_POINT ( 'NONE',  ( -11.44485701716144987, 8.068808223222085019, -12.15815999466761177 ) ) ;
#2906 = CARTESIAN_POINT ( 'NONE',  ( 8.938811233217005991, 9.529035254928547971, -14.17286506612836661 ) ) ;
#2907 = EDGE_CURVE ( 'NONE', #2222, #2262, #3166, .T. ) ;
#2908 = EDGE_CURVE ( 'NONE', #45, #2423, #3008, .T. ) ;
#2909 = AXIS2_PLACEMENT_3D ( 'NONE', #3347, #2314, #2837 ) ;
#2910 = CIRCLE ( 'NONE', #456, 0.2499999999999997780 ) ;
#2911 = DIRECTION ( 'NONE',  ( 0.000000000000000000, -0.9973124733369802541, 0.07326547977373140674 ) ) ;
#2912 = CARTESIAN_POINT ( 'NONE',  ( -9.681954401149541312, 5.221087910968490675, -27.50000000000001066 ) ) ;
#2913 = CARTESIAN_POINT ( 'NONE',  ( 0.000000000000000000, 7.354779904922066791, 0.000000000000000000 ) ) ;
#2914 =( GEOMETRIC_REPRESENTATION_CONTEXT ( 3 ) GLOBAL_UNCERTAINTY_ASSIGNED_CONTEXT ( ( #812 ) ) GLOBAL_UNIT_ASSIGNED_CONTEXT ( ( #859, #1680, #2457 ) ) REPRESENTATION_CONTEXT ( 'NONE', 'WORKASPACE' ) );
#2915 = LINE ( 'NONE', #39, #563 ) ;
#2916 = CARTESIAN_POINT ( 'NONE',  ( -2.666376244770066073, 12.45367234322843153, -16.53865722894241586 ) ) ;
#2917 = ORIENTED_EDGE ( 'NONE', *, *, #2179, .T. ) ;
#2918 = TOROIDAL_SURFACE ( 'NONE', #3367, -32.20767203787246302, 47.47135173495379235 ) ;
#2919 = CARTESIAN_POINT ( 'NONE',  ( -14.00000000000000000, -2.999999999999778844, -5.196152422707013052 ) ) ;
#2920 = CARTESIAN_POINT ( 'NONE',  ( -12.50000000000000000, -15.26367969708133288, -9.045026257562765792 ) ) ;
#2921 = FACE_OUTER_BOUND ( 'NONE', #2611, .T. ) ;
#2922 = FACE_OUTER_BOUND ( 'NONE', #3255, .T. ) ;
#2923 = EDGE_LOOP ( 'NONE', ( #2265, #1318, #2170, #2463, #2676 ) ) ;
#2924 = CIRCLE ( 'NONE', #3371, 13.15489754250074483 ) ;
#2925 = DIRECTION ( 'NONE',  ( 1.000000000000000000, -3.469446951953611033E-15, 0.000000000000000000 ) ) ;
#2926 = CARTESIAN_POINT ( 'NONE',  ( -12.71067976504388852, 6.565877658888649826, -10.73032553775338904 ) ) ;
#2927 = CARTESIAN_POINT ( 'NONE',  ( -10.69148936170213737, 8.038243187928575395, -12.89397360120649338 ) ) ;
#2928 = CARTESIAN_POINT ( 'NONE',  ( -12.96885084570460300, 6.729889358241046615, -9.086338423935789166 ) ) ;
#2929 = ADVANCED_FACE ( 'NONE', ( #754 ), #441, .T. ) ;
#2930 = CARTESIAN_POINT ( 'NONE',  ( 7.763912034164553333, -10.28024248902234206, -14.84952666411400379 ) ) ;
#2931 = EDGE_CURVE ( 'NONE', #786, #120, #1816, .T. ) ;
#2932 = CARTESIAN_POINT ( 'NONE',  ( -14.00000000000000000, -3.000000000000024425, 5.196152422706615148 ) ) ;
#2933 = CARTESIAN_POINT ( 'NONE',  ( -12.11283826793179585, -6.558851762491328508, -10.98422693818212359 ) ) ;
#2934 = CARTESIAN_POINT ( 'NONE',  ( -1.836716280557620262, 12.20344462386512419, -16.65101174583390176 ) ) ;
#2935 = VERTEX_POINT ( 'NONE', #2580 ) ;
#2936 = DIRECTION ( 'NONE',  ( -1.836638480190444758E-16, 0.000000000000000000, -1.000000000000000000 ) ) ;
#2937 = CARTESIAN_POINT ( 'NONE',  ( -12.31077020966120905, 6.423300117168540879, -10.42249007271733596 ) ) ;
#2938 = DIRECTION ( 'NONE',  ( -0.1703391190937629529, -0.9853855004547006358, -1.485693595928401911E-14 ) ) ;
#2939 = ORIENTED_EDGE ( 'NONE', *, *, #2498, .F. ) ;
#2940 = ORIENTED_EDGE ( 'NONE', *, *, #2574, .T. ) ;
#2941 = CARTESIAN_POINT ( 'NONE',  ( 0.000000000000000000, 0.000000000000000000, -27.50000000000001066 ) ) ;
#2942 = CARTESIAN_POINT ( 'NONE',  ( -14.50705572004168253, -3.162361110130644359, 3.441205294403655301 ) ) ;
#2943 = CARTESIAN_POINT ( 'NONE',  ( 5.056550008186957434, 11.49385835122607347, -15.97648401791940032 ) ) ;
#2944 = ORIENTED_EDGE ( 'NONE', *, *, #3336, .F. ) ;
#2945 = CARTESIAN_POINT ( 'NONE',  ( -12.00337075926975317, 7.204750765914076815, -12.14260756274661368 ) ) ;
#2946 = CARTESIAN_POINT ( 'NONE',  ( 12.77008797748744229, 6.534766417072212619, -10.53843535007247567 ) ) ;
#2947 = EDGE_CURVE ( 'NONE', #2975, #1370, #1007, .T. ) ;
#2948 = CARTESIAN_POINT ( 'NONE',  ( 12.50000000000141398, -8.522890456363294120, -5.237368335650208984 ) ) ;
#2949 = CARTESIAN_POINT ( 'NONE',  ( 4.175036187378163177, 12.15036373233990652, -16.22960282630604212 ) ) ;
#2950 = ORIENTED_EDGE ( 'NONE', *, *, #512, .F. ) ;
#2951 = CARTESIAN_POINT ( 'NONE',  ( 12.50000000000000178, 2.204034631566447633, 7.567850158122307214 ) ) ;
#2952 = SPHERICAL_SURFACE ( 'NONE', #614, 15.23975065412817820 ) ;
#2953 = CARTESIAN_POINT ( 'NONE',  ( -14.59772453719182828, 4.454448581068865209, -0.8335827357192928666 ) ) ;
#2954 = VERTEX_POINT ( 'NONE', #1795 ) ;
#2955 = CARTESIAN_POINT ( 'NONE',  ( -12.96203510465877962, 8.113801070422310246, -1.054802211468382156 ) ) ;
#2956 = ORIENTED_EDGE ( 'NONE', *, *, #2810, .T. ) ;
#2957 = FACE_OUTER_BOUND ( 'NONE', #1633, .T. ) ;
#2958 = CARTESIAN_POINT ( 'NONE',  ( -5.706368759022188542, -11.54323768193810018, -16.13695996980272795 ) ) ;
#2959 = AXIS2_PLACEMENT_3D ( 'NONE', #458, #3391, #1003 ) ;
#2960 = VECTOR ( 'NONE', #3051, 1000.000000000000000 ) ;
#2961 = ORIENTED_EDGE ( 'NONE', *, *, #1293, .F. ) ;
#2963 = AXIS2_PLACEMENT_3D ( 'NONE', #1776, #1048, #2579 ) ;
#2962 = CARTESIAN_POINT ( 'NONE',  ( 4.931476484620151979, 2.201452913033922432, -16.00783140978651176 ) ) ;
#2964 = CARTESIAN_POINT ( 'NONE',  ( -5.166720344984029545, -11.86697146171504258, -15.94221244105330548 ) ) ;
#2965 = CARTESIAN_POINT ( 'NONE',  ( 14.98957971392128385, 2.730769625794444266, 0.3849831759981667267 ) ) ;
#2966 = SURFACE_STYLE_FILL_AREA ( #1919 ) ;
#2967 = VECTOR ( 'NONE', #2812, 1000.000000000000000 ) ;
#2968 = ADVANCED_FACE ( 'NONE', ( #2849, #1020, #2339, #2033, #952 ), #3081, .T. ) ;
#2969 = CARTESIAN_POINT ( 'NONE',  ( 7.087815578012441442, 11.14295943097845765, -15.21309342448372526 ) ) ;
#2970 = EDGE_LOOP ( 'NONE', ( #2808, #3154, #648, #135 ) ) ;
#2971 = DIRECTION ( 'NONE',  ( 0.000000000000000000, 0.000000000000000000, -1.000000000000000000 ) ) ;
#2972 = FACE_OUTER_BOUND ( 'NONE', #2683, .T. ) ;
#2973 = EDGE_CURVE ( 'NONE', #3023, #2555, #224, .T. ) ;
#2974 = CARTESIAN_POINT ( 'NONE',  ( -13.73486745089617145, -2.661204641174521601, 6.045832339054864946 ) ) ;
#2975 = VERTEX_POINT ( 'NONE', #1815 ) ;
#2976 = CIRCLE ( 'NONE', #1472, 0.2500000000000003331 ) ;
#2977 = EDGE_CURVE ( 'NONE', #1767, #2447, #976, .T. ) ;
#2978 = ORIENTED_EDGE ( 'NONE', *, *, #2973, .F. ) ;
#2979 = CARTESIAN_POINT ( 'NONE',  ( -9.681954401149543088, 5.307822635933853839, -20.81411223434288260 ) ) ;
#2980 = CARTESIAN_POINT ( 'NONE',  ( -2.131819124081165473, -12.41524489810942455, -16.96199879358249873 ) ) ;
#2981 = CARTESIAN_POINT ( 'NONE',  ( 12.50000000000000178, -2.204034631566447633, 7.567850158122307214 ) ) ;
#2982 = VERTEX_POINT ( 'NONE', #162 ) ;
#2983 = FACE_OUTER_BOUND ( 'NONE', #2204, .T. ) ;
#2984 = CARTESIAN_POINT ( 'NONE',  ( 1.087634871163296602, -12.63407508532809764, -16.72299178427729416 ) ) ;
#2985 = CARTESIAN_POINT ( 'NONE',  ( 12.96224440027071090, -8.072508854672344469, -2.685354178837471295 ) ) ;
#2986 = CARTESIAN_POINT ( 'NONE',  ( -1.899999999999779643, -8.508143127133993220E-14, -30.40457638090298076 ) ) ;
#2987 = CARTESIAN_POINT ( 'NONE',  ( 9.328771522801574179, 9.271610398193447011, -13.94198313199155770 ) ) ;
#2988 = ORIENTED_EDGE ( 'NONE', *, *, #1715, .T. ) ;
#2989 = ADVANCED_FACE ( 'NONE', ( #1504, #3361 ), #489, .F. ) ;
#2990 = DIRECTION ( 'NONE',  ( 0.000000000000000000, 0.000000000000000000, 1.000000000000000000 ) ) ;
#2991 = CARTESIAN_POINT ( 'NONE',  ( 12.95797239555088964, -6.599595264274473294, -9.491759309816114154 ) ) ;
#2992 = CARTESIAN_POINT ( 'NONE',  ( -12.87178281924385281, -6.514842396723015128, -10.12005359642080116 ) ) ;
#2993 = ORIENTED_EDGE ( 'NONE', *, *, #1328, .F. ) ;
#2994 = ORIENTED_EDGE ( 'NONE', *, *, #3127, .F. ) ;
#2995 = DIRECTION ( 'NONE',  ( 0.000000000000000000, -0.2796194014129961825, -0.9601109260671071288 ) ) ;
#2996 = CARTESIAN_POINT ( 'NONE',  ( -8.004323104058581606, -10.50930309058380274, -15.17656830459204897 ) ) ;
#2997 = ORIENTED_EDGE ( 'NONE', *, *, #196, .F. ) ;
#2998 = CARTESIAN_POINT ( 'NONE',  ( -12.50000000000000000, -7.635763236685340516, -5.116841737413576396 ) ) ;
#2999 = CARTESIAN_POINT ( 'NONE',  ( -0.4958172330549680540, -12.30751792347781937, -16.75073443019152464 ) ) ;
#3000 = CARTESIAN_POINT ( 'NONE',  ( -3.427193802753660368, 5.101888301544307502, -17.75030447167388914 ) ) ;
#3001 = CARTESIAN_POINT ( 'NONE',  ( -6.259667941590132401, 1.354779904922068123, -15.53697923687675697 ) ) ;
#3002 = CARTESIAN_POINT ( 'NONE',  ( -2.850847466119493578, 4.803686553504956436, -16.50582304544382950 ) ) ;
#3003 = VERTEX_POINT ( 'NONE', #427 ) ;
#3004 = CARTESIAN_POINT ( 'NONE',  ( -9.681954401149541312, 1.354779904922068345, -27.50000000000001066 ) ) ;
#3005 = CARTESIAN_POINT ( 'NONE',  ( 11.89350053788969852, -7.318045381079282485, -12.27613722806109209 ) ) ;
#3006 = CARTESIAN_POINT ( 'NONE',  ( -12.48895648119340507, -6.487265721152703613, -9.431454834151969280 ) ) ;
#3007 = EDGE_LOOP ( 'NONE', ( #1884, #712, #199, #149 ) ) ;
#3008 = B_SPLINE_CURVE_WITH_KNOTS ( 'NONE', 3,
 ( #1218, #180, #3093, #2052, #2881, #3123, #723, #197, #1265, #2624, #3107, #2309, #3411, #3376 ),
 .UNSPECIFIED., .F., .F.,
 ( 4, 2, 2, 2, 2, 2, 4 ),
 ( 3.004629197474318078E-18, 0.001212704893074090804, 0.002425409786148178572, 0.003031762232685223431, 0.003638114679222268725, 0.004244467125759312717, 0.004850819572296358011 ),
 .UNSPECIFIED. ) ;
#3009 = ORIENTED_EDGE ( 'NONE', *, *, #987, .T. ) ;
#3010 = CARTESIAN_POINT ( 'NONE',  ( 12.70889567416972810, -6.566913637936750092, -10.73578657700840999 ) ) ;
#3011 = CARTESIAN_POINT ( 'NONE',  ( 2.958765175197657360, -12.28126231327025941, -16.83438397788773244 ) ) ;
#3012 = PLANE ( 'NONE',  #2595 ) ;
#3013 = EDGE_CURVE ( 'NONE', #3214, #854, #2030, .T. ) ;
#3014 = AXIS2_PLACEMENT_3D ( 'NONE', #1192, #2778, #1723 ) ;
#3015 = EDGE_LOOP ( 'NONE', ( #35, #1046, #1374, #194 ) ) ;
#3016 = CARTESIAN_POINT ( 'NONE',  ( 5.395821831086830223, 0.000000000000000000, -15.85709956981940572 ) ) ;
#3017 = CARTESIAN_POINT ( 'NONE',  ( -3.668288778092151148, -12.27072747941708108, -16.35211587646412212 ) ) ;
#3018 = CARTESIAN_POINT ( 'NONE',  ( -3.250001779129854107, 4.955169549511778015, -17.53001861977552167 ) ) ;
#3019 = EDGE_CURVE ( 'NONE', #3357, #692, #501, .T. ) ;
#3020 = AXIS2_PLACEMENT_3D ( 'NONE', #12, #1078, #726 ) ;
#3021 = DIRECTION ( 'NONE',  ( -1.000000000000000000, 0.000000000000000000, 1.851093278488479861E-16 ) ) ;
#3022 = DIRECTION ( 'NONE',  ( -0.000000000000000000, -0.000000000000000000, 1.000000000000000000 ) ) ;
#3023 = VERTEX_POINT ( 'NONE', #3444 ) ;
#3025 = AXIS2_PLACEMENT_3D ( 'NONE', #3172, #1628, #2698 ) ;
#3024 = CARTESIAN_POINT ( 'NONE',  ( -14.91372692431494684, -3.000000000024857894, -3.446152422706684870 ) ) ;
#3026 = VECTOR ( 'NONE', #1174, 1000.000000000000000 ) ;
#3027 = FACE_OUTER_BOUND ( 'NONE', #1637, .T. ) ;
#3028 = CARTESIAN_POINT ( 'NONE',  ( 12.44332918788567532, -6.417925900590305766, -9.821206917271990022 ) ) ;
#3029 = CIRCLE ( 'NONE', #178, 16.75000000000000000 ) ;
#3030 = EDGE_CURVE ( 'NONE', #1464, #8, #2130, .T. ) ;
#3031 = CARTESIAN_POINT ( 'NONE',  ( -12.11772468938520930, -6.554775777795568636, -10.97245940141659837 ) ) ;
#3032 = ORIENTED_EDGE ( 'NONE', *, *, #2305, .T. ) ;
#3033 = ORIENTED_EDGE ( 'NONE', *, *, #2885, .T. ) ;
#3034 = CARTESIAN_POINT ( 'NONE',  ( 12.87126665017400917, -6.514778586495397761, -10.12262456845438230 ) ) ;
#3035 = AXIS2_PLACEMENT_3D ( 'NONE', #1987, #832, #1097 ) ;
#3036 = DIRECTION ( 'NONE',  ( 1.000000000000000000, 1.224646799147353207E-16, 0.000000000000000000 ) ) ;
#3037 = CARTESIAN_POINT ( 'NONE',  ( 0.000000000000000000, 0.000000000000000000, 0.000000000000000000 ) ) ;
#3038 = ORIENTED_EDGE ( 'NONE', *, *, #2071, .T. ) ;
#3039 = CARTESIAN_POINT ( 'NONE',  ( 5.395821831086831111, 0.4583529088744516811, -15.85709956981940572 ) ) ;
#3040 = CARTESIAN_POINT ( 'NONE',  ( -6.900690032486591186, -10.76506434224638475, -15.29396636523567210 ) ) ;
#3041 = CARTESIAN_POINT ( 'NONE',  ( -2.280955151671903103, 4.890003765734197927, -16.99999999999999645 ) ) ;
#3042 = VECTOR ( 'NONE', #1131, 1000.000000000000000 ) ;
#3043 = EDGE_CURVE ( 'NONE', #3214, #1022, #2897, .T. ) ;
#3044 = CARTESIAN_POINT ( 'NONE',  ( -6.135003999892404636, 1.331209677773840694, -15.58654801568013504 ) ) ;
#3045 = CARTESIAN_POINT ( 'NONE',  ( -2.583332296438557218, -12.10579333547410208, -16.55754031235403900 ) ) ;
#3046 = ORIENTED_EDGE ( 'NONE', *, *, #3258, .T. ) ;
#3047 = CARTESIAN_POINT ( 'NONE',  ( -12.96264529834738433, 7.992190295667339406, 0.5871295828635779701 ) ) ;
#3048 = ADVANCED_FACE ( 'NONE', ( #3212 ), #1049, .F. ) ;
#3049 = DIRECTION ( 'NONE',  ( 0.000000000000000000, 0.000000000000000000, 1.000000000000000000 ) ) ;
#3050 = CARTESIAN_POINT ( 'NONE',  ( 12.96885084570459945, -6.729889358240927599, -9.086338423936187070 ) ) ;
#3051 = DIRECTION ( 'NONE',  ( -0.000000000000000000, 1.000000000000000000, -0.000000000000000000 ) ) ;
#3052 = EDGE_LOOP ( 'NONE', ( #1126, #616, #930, #1326, #827, #839, #1905, #1188, #1461, #317, #2621 ) ) ;
#3053 = ORIENTED_EDGE ( 'NONE', *, *, #2305, .F. ) ;
#3054 = DIRECTION ( 'NONE',  ( -0.000000000000000000, -0.000000000000000000, 1.000000000000000000 ) ) ;
#3055 = CARTESIAN_POINT ( 'NONE',  ( 0.000000000000000000, 0.000000000000000000, 0.000000000000000000 ) ) ;
#3056 = ORIENTED_EDGE ( 'NONE', *, *, #3405, .T. ) ;
#3057 = DIRECTION ( 'NONE',  ( -0.000000000000000000, -0.000000000000000000, 1.000000000000000000 ) ) ;
#3058 = FILL_AREA_STYLE_COLOUR ( '', #2762 ) ;
#3059 = CARTESIAN_POINT ( 'NONE',  ( 1.064782898698660496, -12.27986228010335168, -16.72419366182001710 ) ) ;
#3060 = ORIENTED_EDGE ( 'NONE', *, *, #1307, .T. ) ;
#3061 = CARTESIAN_POINT ( 'NONE',  ( -12.49999999999929656, 8.384459759287286928, -6.076423512385905390 ) ) ;
#3062 = CARTESIAN_POINT ( 'NONE',  ( 12.30459392392666551, -6.903482125873889430, -11.65231069280847898 ) ) ;
#3063 = FACE_OUTER_BOUND ( 'NONE', #2387, .T. ) ;
#3064 = ORIENTED_EDGE ( 'NONE', *, *, #1706, .F. ) ;
#3065 = ORIENTED_EDGE ( 'NONE', *, *, #2779, .F. ) ;
#3066 = CARTESIAN_POINT ( 'NONE',  ( 0.000000000000000000, 0.000000000000000000, -27.50000000000001066 ) ) ;
#3067 = DIRECTION ( 'NONE',  ( 0.000000000000000000, 0.000000000000000000, 1.000000000000000000 ) ) ;
#3068 = VERTEX_POINT ( 'NONE', #3173 ) ;
#3069 = DIRECTION ( 'NONE',  ( 0.000000000000000000, 0.000000000000000000, 1.000000000000000000 ) ) ;
#3070 = CARTESIAN_POINT ( 'NONE',  ( 3.000000000000084821, 8.471403723159572676E-14, -30.40457638090298076 ) ) ;
#3071 = CARTESIAN_POINT ( 'NONE',  ( -14.70778503791070868, -2.546943361133127137, -6.901568619604581123 ) ) ;
#3072 = VECTOR ( 'NONE', #1203, 1000.000000000000000 ) ;
#3073 = ADVANCED_FACE ( 'NONE', ( #544 ), #2679, .F. ) ;
#3074 = CARTESIAN_POINT ( 'NONE',  ( -5.235006927631270734, 7.354779904922067679, -35.96993204759647966 ) ) ;
#3075 = CARTESIAN_POINT ( 'NONE',  ( -4.287749228038437721, -3.294410188992759281, -16.19317005537511278 ) ) ;
#3076 = ORIENTED_EDGE ( 'NONE', *, *, #816, .T. ) ;
#3077 = VECTOR ( 'NONE', #3421, 1000.000000000000000 ) ;
#3078 = AXIS2_PLACEMENT_3D ( 'NONE', #2932, #273, #2163 ) ;
#3079 = ORIENTED_EDGE ( 'NONE', *, *, #2306, .T. ) ;
#3080 = EDGE_CURVE ( 'NONE', #707, #403, #2307, .T. ) ;
#3081 = PLANE ( 'NONE',  #2959 ) ;
#3082 = CARTESIAN_POINT ( 'NONE',  ( 12.96264529834738255, 0.000000000000000000, -4.000492778720880917E-15 ) ) ;
#3083 = ORIENTED_EDGE ( 'NONE', *, *, #309, .F. ) ;
#3084 = ORIENTED_EDGE ( 'NONE', *, *, #2014, .T. ) ;
#3085 = CARTESIAN_POINT ( 'NONE',  ( -12.96885084570460300, -6.729889358241060826, -9.086338423935790942 ) ) ;
#3086 = CARTESIAN_POINT ( 'NONE',  ( -10.37916041738111694, 8.843793644253894470, -13.69598757478880735 ) ) ;
#3087 = CARTESIAN_POINT ( 'NONE',  ( -14.00000000000000000, 6.077961531293088804, -0.8966169748774768244 ) ) ;
#3088 = DIRECTION ( 'NONE',  ( 1.000000000000000000, -0.000000000000000000, -0.000000000000000000 ) ) ;
#3089 = CARTESIAN_POINT ( 'NONE',  ( -14.30831063356014177, -4.664331955453435263, -5.749303604343098506 ) ) ;
#3090 = CARTESIAN_POINT ( 'NONE',  ( -14.00000000000000000, -2.198292292302590933, 5.605132558432701195 ) ) ;
#3091 = VERTEX_POINT ( 'NONE', #2384 ) ;
#3092 = CARTESIAN_POINT ( 'NONE',  ( -12.50000000000000178, -7.124520348947112502, -7.494373569928810319 ) ) ;
#3093 = CARTESIAN_POINT ( 'NONE',  ( 11.16395735093679953, -7.538686000906841045, -12.46371409017275411 ) ) ;
#3094 = DIRECTION ( 'NONE',  ( 0.000000000000000000, 0.000000000000000000, -1.000000000000000000 ) ) ;
#3095 = APPLICATION_CONTEXT ( 'automotive_design' ) ;
#3096 = ORIENTED_EDGE ( 'NONE', *, *, #1917, .F. ) ;
#3097 = EDGE_CURVE ( 'NONE', #2423, #2648, #3386, .T. ) ;
#3098 = DIRECTION ( 'NONE',  ( 1.000000000000000000, 0.000000000000000000, 0.000000000000000000 ) ) ;
#3099 = CARTESIAN_POINT ( 'NONE',  ( 10.36025983718806209, 8.827911696076256476, -13.69047083238066165 ) ) ;
#3100 = CARTESIAN_POINT ( 'NONE',  ( -14.00000000000000000, 6.000000000000000000, -7.347880794884118750E-16 ) ) ;
#3101 = DIRECTION ( 'NONE',  ( -0.000000000000000000, -0.000000000000000000, 1.000000000000000000 ) ) ;
#3102 = CARTESIAN_POINT ( 'NONE',  ( 12.96379133771529624, 7.763288060471397856, -5.140483716253548607 ) ) ;
#3103 = CARTESIAN_POINT ( 'NONE',  ( 11.22354139099558878, -8.268941792936351121, -12.42159049563081474 ) ) ;
#3104 = DIRECTION ( 'NONE',  ( 1.000000000000000000, 0.000000000000000000, 0.000000000000000000 ) ) ;
#3105 = ORIENTED_EDGE ( 'NONE', *, *, #143, .F. ) ;
#3106 = CARTESIAN_POINT ( 'NONE',  ( -12.75000000000000000, 7.861082666726176171, 0.5774980344841320612 ) ) ;
#3107 = CARTESIAN_POINT ( 'NONE',  ( 12.44273643422179632, -6.417395684976882286, -9.825315411326720039 ) ) ;
#3108 = CARTESIAN_POINT ( 'NONE',  ( -5.235006927631268958, 7.354779904922067679, -20.63180714789723780 ) ) ;
#3109 = ORIENTED_EDGE ( 'NONE', *, *, #2267, .T. ) ;
#3110 = FACE_OUTER_BOUND ( 'NONE', #2594, .T. ) ;
#3111 = CARTESIAN_POINT ( 'NONE',  ( -4.268419906960519761, 12.02399058413600841, -16.58986655131817045 ) ) ;
#3112 = CARTESIAN_POINT ( 'NONE',  ( 11.04552720299155588, 8.182297624385773460, -13.14912914822988377 ) ) ;
#3113 = ADVANCED_FACE ( 'NONE', ( #2972 ), #2952, .T. ) ;
#3114 = DIRECTION ( 'NONE',  ( -0.000000000000000000, -0.000000000000000000, -1.000000000000000000 ) ) ;
#3115 = LINE ( 'NONE', #1805, #191 ) ;
#3116 = CARTESIAN_POINT ( 'NONE',  ( -14.30851459589924701, -4.697251495546274747, -5.638258856544665854 ) ) ;
#3117 = AXIS2_PLACEMENT_3D ( 'NONE', #1717, #1670, #937 ) ;
#3118 = CARTESIAN_POINT ( 'NONE',  ( -5.117599717318485730, -1.746092551399263781, -15.94969203314650130 ) ) ;
#3119 = ORIENTED_EDGE ( 'NONE', *, *, #1782, .T. ) ;
#3120 = CIRCLE ( 'NONE', #2847, 1.749999999999999778 ) ;
#3121 = CIRCLE ( 'NONE', #2578, 0.2500000000000007772 ) ;
#3122 = DIRECTION ( 'NONE',  ( 1.000000000000000000, 0.000000000000000000, 0.000000000000000000 ) ) ;
#3123 = CARTESIAN_POINT ( 'NONE',  ( 12.03545756614913742, -6.627795264398761432, -11.15780066783149316 ) ) ;
#3124 = CARTESIAN_POINT ( 'NONE',  ( -4.737182823923657971, 7.354779904922067679, -20.34312529824235227 ) ) ;
#3125 = EDGE_LOOP ( 'NONE', ( #2879, #2710 ) ) ;
#3126 = CIRCLE ( 'NONE', #2693, 12.93909844839060952 ) ;
#3127 = EDGE_CURVE ( 'NONE', #1682, #2005, #1740, .T. ) ;
#3128 = ORIENTED_EDGE ( 'NONE', *, *, #2761, .F. ) ;
#3130 = AXIS2_PLACEMENT_3D ( 'NONE', #713, #1207, #3331 ) ;
#3129 = CARTESIAN_POINT ( 'NONE',  ( -12.44332918788574993, 6.417925900590618404, -9.821206917271492642 ) ) ;
#3131 = CARTESIAN_POINT ( 'NONE',  ( 7.756514133143499912, 10.31109585168931986, -14.87409796543704665 ) ) ;
#3132 = EDGE_CURVE ( 'NONE', #1682, #8, #798, .T. ) ;
#3133 = DIRECTION ( 'NONE',  ( 1.000000000000000000, 0.000000000000000000, 0.000000000000000000 ) ) ;
#3134 = DIRECTION ( 'NONE',  ( 1.000000000000000000, 0.000000000000000000, 0.000000000000000000 ) ) ;
#3135 = CYLINDRICAL_SURFACE ( 'NONE', #2749, 4.999999999999998224 ) ;
#3136 = EDGE_CURVE ( 'NONE', #2375, #2696, #554, .T. ) ;
#3137 = EDGE_CURVE ( 'NONE', #2004, #1200, #917, .T. ) ;
#3138 = CARTESIAN_POINT ( 'NONE',  ( -14.39649753626446227, -4.073975906841120320, -6.597240850412063651 ) ) ;
#3139 = CARTESIAN_POINT ( 'NONE',  ( -1.406703042038146334, -5.221243319556347906, -16.69444939126117333 ) ) ;
#3140 = VERTEX_POINT ( 'NONE', #2769 ) ;
#3141 = CARTESIAN_POINT ( 'NONE',  ( -13.92573865224588658, 6.126395477572248893, 0.8999999999999990230 ) ) ;
#3142 = CARTESIAN_POINT ( 'NONE',  ( 12.49999999999999645, 7.899186575375147790, -2.685911008153785584 ) ) ;
#3143 = CARTESIAN_POINT ( 'NONE',  ( -4.228711934482259238, 7.354779904922067679, -20.07500442539112484 ) ) ;
#3144 = VERTEX_POINT ( 'NONE', #932 ) ;
#3145 = ADVANCED_FACE ( 'NONE', ( #1175 ), #1998, .F. ) ;
#3146 = ORIENTED_EDGE ( 'NONE', *, *, #2902, .T. ) ;
#3147 = CARTESIAN_POINT ( 'NONE',  ( -5.385974327702107267, 0.3547799049220680678, -27.50000000000001066 ) ) ;
#3148 = CARTESIAN_POINT ( 'NONE',  ( -1.064782898698656277, 12.27986228010335878, -16.72419366182001710 ) ) ;
#3149 = CARTESIAN_POINT ( 'NONE',  ( -5.209172564298480523, 7.354779904922067679, -35.96993204759647966 ) ) ;
#3150 = CARTESIAN_POINT ( 'NONE',  ( 2.698090243244133823, -12.32600218782637569, -16.87697337205847958 ) ) ;
#3151 = DIRECTION ( 'NONE',  ( -1.000000000000000000, 0.000000000000000000, 1.028723352537439825E-16 ) ) ;
#3152 = CARTESIAN_POINT ( 'NONE',  ( 12.49999999999999645, -7.527804354203645687, -9.376593577025493786 ) ) ;
#3153 = CARTESIAN_POINT ( 'NONE',  ( -6.684589087017534403, 11.14643396233342898, -15.76681030966335939 ) ) ;
#3154 = ORIENTED_EDGE ( 'NONE', *, *, #1772, .F. ) ;
#3155 = CARTESIAN_POINT ( 'NONE',  ( 15.23971408995153354, -0.2043133742292526367, -2.750000000000004441 ) ) ;
#3156 = CARTESIAN_POINT ( 'NONE',  ( 12.49999999999999645, -7.126254172281666577, -7.489247751494478855 ) ) ;
#3157 = DIRECTION ( 'NONE',  ( 1.154588794620809120E-16, 1.000000000000000000, 0.000000000000000000 ) ) ;
#3158 = ORIENTED_EDGE ( 'NONE', *, *, #205, .F. ) ;
#3159 = CARTESIAN_POINT ( 'NONE',  ( -9.681954401149541312, 5.478856875585131903, -20.63072733109606816 ) ) ;
#3160 = CARTESIAN_POINT ( 'NONE',  ( -11.16823793627091455, 7.534062404537598567, -12.45935557504280311 ) ) ;
#3161 =( BOUNDED_SURFACE ( )  B_SPLINE_SURFACE ( 3, 2, ( 
 ( #387, #2012, #3047 ),
 ( #672, #914, #2955 ),
 ( #945, #1610, #654 ),
 ( #2782, #112, #1195 ),
 ( #1456, #3061, #27 ),
 ( #1906, #617, #1213 ),
 ( #2744, #1743, #2499 ),
 ( #2255, #1726, #2274 ) ),
 .UNSPECIFIED., .F., .F., .T. ) 
 B_SPLINE_SURFACE_WITH_KNOTS ( ( 4, 2, 2, 4 ),
 ( 3, 3 ),
 ( -1.084202172485504434E-18, 0.004859505638648824871, 0.007289258457973238174, 0.009719011277297651477 ),
 ( 0.000000000000000000, 1.000000000000000000 ),
 .UNSPECIFIED. ) 
 GEOMETRIC_REPRESENTATION_ITEM ( )  RATIONAL_B_SPLINE_SURFACE ( (
 ( 1.000000000000000000, 0.2733302092803305827, 1.000000000000000000),
 ( 1.000000000000000000, 0.2755230733105958896, 1.000000000000000000),
 ( 1.000000000000000000, 0.2748191206252080243, 1.000000000000000000),
 ( 1.000000000000000000, 0.2691957619781077393, 1.000000000000000000),
 ( 1.000000000000000000, 0.2665519393265959880, 1.000000000000000000),
 ( 1.000000000000000000, 0.2594559760283455252, 1.000000000000000000),
 ( 1.000000000000000000, 0.2550418152740502320, 1.000000000000000000),
 ( 1.000000000000000000, 0.2495962912200482275, 1.000000000000000000) ) ) 
 REPRESENTATION_ITEM ( '' )  SURFACE ( )  );
#3162 = DIRECTION ( 'NONE',  ( 0.000000000000000000, 0.000000000000000000, 1.000000000000000000 ) ) ;
#3163 = DIRECTION ( 'NONE',  ( -1.000000000000000000, 0.000000000000000000, 3.154042683594192162E-16 ) ) ;
#3164 = CARTESIAN_POINT ( 'NONE',  ( -12.48013400046009025, 6.741351176413918012, -11.31015234784108792 ) ) ;
#3165 = CARTESIAN_POINT ( 'NONE',  ( -12.96264529834738433, 0.000000000000000000, 1.333497592906960437E-15 ) ) ;
#3166 = B_SPLINE_CURVE_WITH_KNOTS ( 'NONE', 3,
 ( #870, #1949, #1231, #3142, #989, #2597, #3343, #971, #2352, #2066 ),
 .UNSPECIFIED., .F., .F.,
 ( 4, 2, 2, 2, 4 ),
 ( 0.000000000000000000, 0.002447618336605242740, 0.004895236673210485480, 0.007342855009815728654, 0.009790473346420970960 ),
 .UNSPECIFIED. ) ;
#3167 = CARTESIAN_POINT ( 'NONE',  ( 12.49999999999722355, -8.812867634776194947, -2.748850986113470896 ) ) ;
#3168 = CARTESIAN_POINT ( 'NONE',  ( -6.465557078596199325, 10.94217338091470815, -15.45957659684189878 ) ) ;
#3169 = ORIENTED_EDGE ( 'NONE', *, *, #3336, .T. ) ;
#3170 = CIRCLE ( 'NONE', #1235, 13.15489754250074306 ) ;
#3171 = EDGE_CURVE ( 'NONE', #1420, #363, #1980, .T. ) ;
#3172 = CARTESIAN_POINT ( 'NONE',  ( 12.75000000000000178, 2.204034631566447633, 7.567850158122307214 ) ) ;
#3173 = CARTESIAN_POINT ( 'NONE',  ( -4.100000000000051159, -8.494672012343370082E-14, -27.50000000000001066 ) ) ;
#3174 = CARTESIAN_POINT ( 'NONE',  ( -14.00000000000000000, -2.999999999999778844, -5.196152422707013052 ) ) ;
#3175 = CARTESIAN_POINT ( 'NONE',  ( -14.11495796778632617, 5.804101348770820401, -1.744303776736405798 ) ) ;
#3176 = VERTEX_POINT ( 'NONE', #3250 ) ;
#3177 = DIRECTION ( 'NONE',  ( -0.000000000000000000, -0.000000000000000000, -1.000000000000000000 ) ) ;
#3178 = AXIS2_PLACEMENT_3D ( 'NONE', #269, #1335, #2413 ) ;
#3179 = ADVANCED_FACE ( 'NONE', ( #133 ), #3307, .T. ) ;
#3180 = FACE_BOUND ( 'NONE', #2382, .T. ) ;
#3181 = CARTESIAN_POINT ( 'NONE',  ( -11.04552720299155411, 8.182297624385775237, -13.14912914822988732 ) ) ;
#3182 = CIRCLE ( 'NONE', #907, 7.882266468024036854 ) ;
#3183 = CARTESIAN_POINT ( 'NONE',  ( 1.020081683729819444, 12.28300630486616463, -16.72720804340212553 ) ) ;
#3184 = CIRCLE ( 'NONE', #1572, 1.100000000000135758 ) ;
#3185 = DIRECTION ( 'NONE',  ( 1.000000000000000000, 0.000000000000000000, 0.000000000000000000 ) ) ;
#3186 = CARTESIAN_POINT ( 'NONE',  ( 10.38090588852667651, -8.842060930843718580, -13.69455514359437132 ) ) ;
#3187 = DIRECTION ( 'NONE',  ( -0.000000000000000000, -0.000000000000000000, -1.000000000000000000 ) ) ;
#3188 = AXIS2_PLACEMENT_3D ( 'NONE', #1026, #2687, #270 ) ;
#3189 = CARTESIAN_POINT ( 'NONE',  ( -12.48888502485350394, -6.486771291424592967, -9.433059266457750169 ) ) ;
#3190 = CARTESIAN_POINT ( 'NONE',  ( -7.763912034163056752, 10.28024248901911619, -14.84952666411473388 ) ) ;
#3191 = ORIENTED_EDGE ( 'NONE', *, *, #388, .T. ) ;
#3192 = TOROIDAL_SURFACE ( 'NONE', #858, 7.882266468024036854, 0.2500000000000000000 ) ;
#3193 = CARTESIAN_POINT ( 'NONE',  ( 12.50000000000000000, 0.000000000000000000, -3.857712572015399644E-15 ) ) ;
#3194 = DIRECTION ( 'NONE',  ( 0.000000000000000000, -0.9601109260671212287, 0.2796194014129473882 ) ) ;
#3195 = DIRECTION ( 'NONE',  ( 0.000000000000000000, 0.000000000000000000, 1.000000000000000000 ) ) ;
#3196 = EDGE_LOOP ( 'NONE', ( #1142, #1669, #2647 ) ) ;
#3197 = EDGE_CURVE ( 'NONE', #2295, #2660, #1968, .T. ) ;
#3198 = AXIS2_PLACEMENT_3D ( 'NONE', #382, #1953, #125 ) ;
#3199 = EDGE_LOOP ( 'NONE', ( #1270, #1651 ) ) ;
#3200 = LINE ( 'NONE', #46, #964 ) ;
#3201 = CARTESIAN_POINT ( 'NONE',  ( -14.63115000176871305, -2.315114970166860964, 3.582104879073382264 ) ) ;
#3202 = CARTESIAN_POINT ( 'NONE',  ( -12.75000000000000000, -2.204034631566456959, 7.567850158122312543 ) ) ;
#3203 = ORIENTED_EDGE ( 'NONE', *, *, #1269, .T. ) ;
#3204 = LINE ( 'NONE', #536, #3077 ) ;
#3205 = LINE ( 'NONE', #1308, #2215 ) ;
#3206 = CARTESIAN_POINT ( 'NONE',  ( 12.90900494593115866, 6.528235031251496068, -9.911208102319395863 ) ) ;
#3207 = CARTESIAN_POINT ( 'NONE',  ( -10.69148936170213737, -8.038243187928575395, -12.89397360120649338 ) ) ;
#3208 = EDGE_CURVE ( 'NONE', #350, #1194, #2403, .T. ) ;
#3209 = CARTESIAN_POINT ( 'NONE',  ( 3.668288778093301783, 12.27072747941691411, -16.35211587646487885 ) ) ;
#3210 = ORIENTED_EDGE ( 'NONE', *, *, #410, .T. ) ;
#3211 = DIRECTION ( 'NONE',  ( -2.200792732666490981E-16, 0.000000000000000000, -1.000000000000000000 ) ) ;
#3212 = FACE_OUTER_BOUND ( 'NONE', #2732, .T. ) ;
#3213 = CARTESIAN_POINT ( 'NONE',  ( 3.000000000000084821, 8.471403723159572676E-14, -30.40457638090298076 ) ) ;
#3214 = VERTEX_POINT ( 'NONE', #2288 ) ;
#3215 = PLANE ( 'NONE',  #138 ) ;
#3216 = ORIENTED_EDGE ( 'NONE', *, *, #1075, .F. ) ;
#3217 = DIRECTION ( 'NONE',  ( -0.000000000000000000, -0.000000000000000000, 1.000000000000000000 ) ) ;
#3218 = CARTESIAN_POINT ( 'NONE',  ( -14.60250512395893630, -2.626026814381730023, 3.483196452196944737 ) ) ;
#3219 = CARTESIAN_POINT ( 'NONE',  ( -13.61390924239274902, -3.730140393170825241, 5.746766932081517787 ) ) ;
#3220 = VERTEX_POINT ( 'NONE', #2321 ) ;
#3221 = CARTESIAN_POINT ( 'NONE',  ( -12.50000000000000000, -7.527804354203643911, -9.376593577025488457 ) ) ;
#3222 = CARTESIAN_POINT ( 'NONE',  ( 2.929883612974518492, -12.40989428899131219, -16.49398228276797695 ) ) ;
#3223 = CARTESIAN_POINT ( 'NONE',  ( 14.98957971392127497, 2.686592424043223293, 0.5871295828635727521 ) ) ;
#3224 = EDGE_CURVE ( 'NONE', #661, #310, #1487, .T. ) ;
#3225 = CARTESIAN_POINT ( 'NONE',  ( -5.385974327702094833, 0.3547799049220628498, -15.86044704733552102 ) ) ;
#3226 = EDGE_CURVE ( 'NONE', #2304, #707, #2622, .T. ) ;
#3227 = CARTESIAN_POINT ( 'NONE',  ( -2.698090243244224418, 12.32600218782633306, -16.87697337205854708 ) ) ;
#3228 = ORIENTED_EDGE ( 'NONE', *, *, #2342, .T. ) ;
#3229 = CARTESIAN_POINT ( 'NONE',  ( 1.694280744631914535E-13, -3.000000000000000000, -27.50000000000001066 ) ) ;
#3230 = CARTESIAN_POINT ( 'NONE',  ( -12.50000000000000533, 6.543201495941458390, -9.236462783258334142 ) ) ;
#3231 = CARTESIAN_POINT ( 'NONE',  ( -14.41327890244230225, 4.787299466447551666, 1.271653179627862063 ) ) ;
#3232 = ORIENTED_EDGE ( 'NONE', *, *, #2050, .T. ) ;
#3233 = ORIENTED_EDGE ( 'NONE', *, *, #1011, .T. ) ;
#3234 = CARTESIAN_POINT ( 'NONE',  ( 4.764993072368731042, 28.00000000000001776, -21.00000000000001066 ) ) ;
#3235 = DIRECTION ( 'NONE',  ( 9.408967310642731145E-16, -0.07326547977372356579, -0.9973124733369809203 ) ) ;
#3236 = AXIS2_PLACEMENT_3D ( 'NONE', #1462, #3313, #2280 ) ;
#3237 = EDGE_LOOP ( 'NONE', ( #231, #1908 ) ) ;
#3238 = CARTESIAN_POINT ( 'NONE',  ( 5.098127462788191622, 1.781839392266291622, -15.95553894845530252 ) ) ;
#3239 = DIRECTION ( 'NONE',  ( -4.325153400955380826E-16, 0.07326547977372580012, -0.9973124733369806982 ) ) ;
#3240 = CARTESIAN_POINT ( 'NONE',  ( -13.86251172622231387, 6.385861339254100599, -0.8284276546590115808 ) ) ;
#3241 = EDGE_CURVE ( 'NONE', #2262, #2177, #105, .T. ) ;
#3242 = AXIS2_PLACEMENT_3D ( 'NONE', #794, #1878, #3163 ) ;
#3243 = ADVANCED_FACE ( 'NONE', ( #2335 ), #2348, .T. ) ;
#3244 = CIRCLE ( 'NONE', #1179, 1.100000000000065814 ) ;
#3245 = DIRECTION ( 'NONE',  ( -1.000000000000000000, -1.224646799147352961E-16, 0.000000000000000000 ) ) ;
#3246 = VECTOR ( 'NONE', #1482, 1000.000000000000000 ) ;
#3247 = FACE_OUTER_BOUND ( 'NONE', #666, .T. ) ;
#3248 = EDGE_LOOP ( 'NONE', ( #2068, #337, #1698, #879 ) ) ;
#3249 = DIRECTION ( 'NONE',  ( -1.000000000000000000, 0.000000000000000000, 3.154042683594192162E-16 ) ) ;
#3250 = CARTESIAN_POINT ( 'NONE',  ( 4.764993072368731042, 8.097920035528012761, -21.00000000000001066 ) ) ;
#3251 = CARTESIAN_POINT ( 'NONE',  ( 12.75000000000000355, -2.204034631566444968, 7.567850158122308102 ) ) ;
#3252 = ORIENTED_EDGE ( 'NONE', *, *, #655, .F. ) ;
#3253 = CIRCLE ( 'NONE', #1760, 0.8999999999999998002 ) ;
#3254 = EDGE_CURVE ( 'NONE', #1502, #1735, #621, .T. ) ;
#3255 = EDGE_LOOP ( 'NONE', ( #769, #2944, #924, #234 ) ) ;
#3256 = CARTESIAN_POINT ( 'NONE',  ( 11.04552720299155588, -8.182297624385777013, -13.14912914822988377 ) ) ;
#3257 = LINE ( 'NONE', #871, #398 ) ;
#3258 = EDGE_CURVE ( 'NONE', #2714, #676, #2642, .T. ) ;
#3259 = DIRECTION ( 'NONE',  ( -0.000000000000000000, -0.000000000000000000, -1.000000000000000000 ) ) ;
#3260 = ORIENTED_EDGE ( 'NONE', *, *, #2908, .T. ) ;
#3261 = CARTESIAN_POINT ( 'NONE',  ( -0.08897679073606860889, 5.413971963774572238, -16.75583111488083077 ) ) ;
#3262 = CARTESIAN_POINT ( 'NONE',  ( -4.079442220926027929, -11.78659685671961022, -16.25344276586223913 ) ) ;
#3263 = CARTESIAN_POINT ( 'NONE',  ( -12.93909844839060774, 0.000000000000000000, 7.567850158122312543 ) ) ;
#3264 = CARTESIAN_POINT ( 'NONE',  ( -15.40468664080962569, -2.999999999999952482, -5.196152422706661334 ) ) ;
#3265 = CARTESIAN_POINT ( 'NONE',  ( -2.933827457477437672, 4.819560035454288460, -16.49125880609442163 ) ) ;
#3266 = ORIENTED_EDGE ( 'NONE', *, *, #2931, .F. ) ;
#3267 = CARTESIAN_POINT ( 'NONE',  ( -12.96264529834739676, 7.992190295667325195, 0.5871295828635779701 ) ) ;
#3268 = CARTESIAN_POINT ( 'NONE',  ( 12.50000000000000000, -6.616321703321276892, -9.045026257563137051 ) ) ;
#3269 = CARTESIAN_POINT ( 'NONE',  ( -12.56460203229466366, -6.669423102558989847, -11.12085768354914350 ) ) ;
#3270 = ORIENTED_EDGE ( 'NONE', *, *, #2474, .T. ) ;
#3271 = ORIENTED_EDGE ( 'NONE', *, *, #2400, .T. ) ;
#3272 = CARTESIAN_POINT ( 'NONE',  ( 12.95790815743393054, -6.599241407532979942, -9.493012782255453530 ) ) ;
#3273 = CARTESIAN_POINT ( 'NONE',  ( 4.268419906960520649, -12.02399058413601196, -16.58986655131817045 ) ) ;
#3274 = ADVANCED_FACE ( 'NONE', ( #1860 ), #1549, .T. ) ;
#3275 = FACE_OUTER_BOUND ( 'NONE', #1674, .T. ) ;
#3276 = EDGE_CURVE ( 'NONE', #1263, #2190, #1882, .T. ) ;
#3277 = ORIENTED_EDGE ( 'NONE', *, *, #1293, .T. ) ;
#3278 = CARTESIAN_POINT ( 'NONE',  ( -12.96749157829595056, -7.014074640368228586, -8.312310285512676700 ) ) ;
#3279 = CARTESIAN_POINT ( 'NONE',  ( -3.708175359313521824, -12.13511616969291396, -16.69547192311061323 ) ) ;
#3280 = DIRECTION ( 'NONE',  ( -0.000000000000000000, -0.000000000000000000, -1.000000000000000000 ) ) ;
#3281 = DIRECTION ( 'NONE',  ( 0.000000000000000000, 0.000000000000000000, 1.000000000000000000 ) ) ;
#3282 = CARTESIAN_POINT ( 'NONE',  ( -3.692956745404502694, 5.627656852237409524, -16.33784063882169235 ) ) ;
#3283 = EDGE_LOOP ( 'NONE', ( #3158, #1890, #1863, #1779, #2802 ) ) ;
#3284 = DIRECTION ( 'NONE',  ( 1.000000000000000000, 0.000000000000000000, -0.000000000000000000 ) ) ;
#3285 = PRODUCT_DEFINITION_FORMATION_WITH_SPECIFIED_SOURCE ( '任何', '', #522, .NOT_KNOWN. ) ;
#3286 = CYLINDRICAL_SURFACE ( 'NONE', #1695, 1.000000000000000000 ) ;
#3287 = CARTESIAN_POINT ( 'NONE',  ( -2.280955151671903103, 4.890003765734197927, -27.50000000000001066 ) ) ;
#3288 = CARTESIAN_POINT ( 'NONE',  ( -11.59119998796076700, -7.078404211410844304, -11.93896001416894315 ) ) ;
#3289 = ORIENTED_EDGE ( 'NONE', *, *, #811, .T. ) ;
#3290 = ORIENTED_EDGE ( 'NONE', *, *, #2014, .F. ) ;
#3291 = DIRECTION ( 'NONE',  ( 1.000000000000000000, 0.000000000000000000, -0.000000000000000000 ) ) ;
#3292 = DIRECTION ( 'NONE',  ( 0.000000000000000000, 0.000000000000000000, 1.000000000000000000 ) ) ;
#3293 = FACE_OUTER_BOUND ( 'NONE', #2166, .T. ) ;
#3294 = EDGE_CURVE ( 'NONE', #3346, #1370, #2915, .T. ) ;
#3295 = EDGE_CURVE ( 'NONE', #2538, #676, #2380, .T. ) ;
#3296 = ORIENTED_EDGE ( 'NONE', *, *, #3197, .F. ) ;
#3297 = CARTESIAN_POINT ( 'NONE',  ( -2.075766148809223388, 4.985714717211573443, -16.62217172707061508 ) ) ;
#3298 = CARTESIAN_POINT ( 'NONE',  ( -5.656632570552432071, -11.70089057750669426, -15.77427578815279574 ) ) ;
#3299 = CARTESIAN_POINT ( 'NONE',  ( -3.703681331867603177, 5.796261221746092929, -18.48268814991502040 ) ) ;
#3300 = CIRCLE ( 'NONE', #504, 1.099999999999999867 ) ;
#3301 = DIRECTION ( 'NONE',  ( -1.836638480190444758E-16, -0.000000000000000000, -1.000000000000000000 ) ) ;
#3302 = CARTESIAN_POINT ( 'NONE',  ( 0.000000000000000000, 0.000000000000000000, -1.241760900627667752 ) ) ;
#3303 = ORIENTED_EDGE ( 'NONE', *, *, #925, .T. ) ;
#3304 = CARTESIAN_POINT ( 'NONE',  ( -8.179682912567871611, 7.354779904922067679, -20.90457638090297721 ) ) ;
#3305 = AXIS2_PLACEMENT_3D ( 'NONE', #1802, #2840, #2586 ) ;
#3306 = CARTESIAN_POINT ( 'NONE',  ( 12.50000000000000000, -15.26367969708133288, -9.045026257562769345 ) ) ;
#3307 =( BOUNDED_SURFACE ( )  B_SPLINE_SURFACE ( 3, 2, ( 
 ( #3268, #2748, #3050 ),
 ( #1711, #1665, #1442 ),
 ( #1687, #1424, #2991 ),
 ( #3028, #881, #2257 ),
 ( #2518, #2501, #389 ),
 ( #2729, #2712, #674 ),
 ( #659, #1729, #1198 ),
 ( #2784, #1458, #2275 ),
 ( #598, #3322, #333 ),
 ( #1959, #2015, #3062 ),
 ( #1382, #2461, #55 ),
 ( #1400, #2480, #1123 ),
 ( #81, #1140, #3005 ),
 ( #98, #1158, #2241 ),
 ( #3372, #3103, #3338 ),
 ( #1745, #705, #158 ) ),
 .UNSPECIFIED., .F., .F., .T. ) 
 B_SPLINE_SURFACE_WITH_KNOTS ( ( 4, 2, 2, 2, 2, 2, 2, 4 ),
 ( 3, 3 ),
 ( 0.000000000000000000, 0.0006300660156583511159, 0.001260132031316702232, 0.001890198046975053239, 0.002520264062633404464, 0.003150330078291755688, 0.003780396093950106479, 0.005040528125266808927 ),
 ( 0.000000000000000000, 1.000000000000000000 ),
 .UNSPECIFIED. ) 
 GEOMETRIC_REPRESENTATION_ITEM ( )  RATIONAL_B_SPLINE_SURFACE ( (
 ( 1.000000000000000000, 0.2495962912200368478, 1.000000000000000000),
 ( 1.000000000000000000, 0.2418605300772520839, 1.000000000000000000),
 ( 1.000000000000000000, 0.2358195322882789824, 1.000000000000000000),
 ( 1.000000000000000000, 0.2284912588930925470, 1.000000000000000000),
 ( 1.000000000000000000, 0.2272901880033641464, 1.000000000000000000),
 ( 1.000000000000000000, 0.2304020137363492204, 1.000000000000000000),
 ( 1.000000000000000000, 0.2345842787710413491, 1.000000000000000000),
 ( 1.000000000000000000, 0.2470001090618693385, 1.000000000000000000),
 ( 1.000000000000000000, 0.2551946851022210416, 1.000000000000000000),
 ( 1.000000000000000000, 0.2733918921811904768, 1.000000000000000000),
 ( 1.000000000000000000, 0.2834704465989258404, 1.000000000000000000),
 ( 1.000000000000000000, 0.3046506149183614287, 1.000000000000000000),
 ( 1.000000000000000000, 0.3157374249525485843, 1.000000000000000000),
 ( 1.000000000000000000, 0.3490984327342464000, 1.000000000000000000),
 ( 1.000000000000000000, 0.3717113540540405436, 1.000000000000000000),
 ( 1.000000000000000000, 0.3939602675159968315, 1.000000000000000000) ) ) 
 REPRESENTATION_ITEM ( '' )  SURFACE ( )  );
#3308 = CARTESIAN_POINT ( 'NONE',  ( -5.387514005267367345, 0.2993093314302200381, -27.50000000000001066 ) ) ;
#3309 = VECTOR ( 'NONE', #3448, 1000.000000000000000 ) ;
#3310 = CARTESIAN_POINT ( 'NONE',  ( -12.39915974993461134, -7.477310737431772658, -10.04991199361039911 ) ) ;
#3311 = ORIENTED_EDGE ( 'NONE', *, *, #1480, .F. ) ;
#3312 = ORIENTED_EDGE ( 'NONE', *, *, #669, .F. ) ;
#3313 = DIRECTION ( 'NONE',  ( 1.836638480190444758E-16, 0.000000000000000000, 1.000000000000000000 ) ) ;
#3314 =( GEOMETRIC_REPRESENTATION_CONTEXT ( 3 ) GLOBAL_UNCERTAINTY_ASSIGNED_CONTEXT ( ( #1876 ) ) GLOBAL_UNIT_ASSIGNED_CONTEXT ( ( #3332, #684, #2393 ) ) REPRESENTATION_CONTEXT ( 'NONE', 'WORKASPACE' ) );
#3315 = EDGE_LOOP ( 'NONE', ( #2195, #3324, #3277 ) ) ;
#3316 = ADVANCED_FACE ( 'NONE', ( #2876 ), #3419, .T. ) ;
#3317 = CARTESIAN_POINT ( 'NONE',  ( -12.96749306619026676, -7.013763430950445965, -8.313157921933418848 ) ) ;
#3318 = CARTESIAN_POINT ( 'NONE',  ( -7.749606309491805511, -10.31513719549563746, -14.87778457382852970 ) ) ;
#3319 = DIRECTION ( 'NONE',  ( -0.000000000000000000, -0.3418514983204367641, -0.9397539854111142121 ) ) ;
#3320 = ORIENTED_EDGE ( 'NONE', *, *, #2326, .T. ) ;
#3321 = CYLINDRICAL_SURFACE ( 'NONE', #1813, 0.2500000000000002220 ) ;
#3322 = CARTESIAN_POINT ( 'NONE',  ( 12.17951803655495269, -7.510396413922807213, -10.84385131981786898 ) ) ;
#3323 = CARTESIAN_POINT ( 'NONE',  ( 2.708127931337128924, -4.680458643319972190, -16.53233911969258330 ) ) ;
#3324 = ORIENTED_EDGE ( 'NONE', *, *, #1268, .T. ) ;
#3325 = B_SPLINE_CURVE_WITH_KNOTS ( 'NONE', 3,
 ( #2680, #785, #3175, #2407, #2713, #1608, #1593, #1107, #2953, #1052, #1649, #545, #2700, #2188 ),
 .UNSPECIFIED., .F., .F.,
 ( 4, 2, 2, 2, 2, 2, 4 ),
 ( 4.965189041291311223E-07, 0.0004383097006753593206, 0.0008761228824465894455, 0.001751749245989049804, 0.002189562427760280254, 0.002627375609531510271, 0.003503001973073970737 ),
 .UNSPECIFIED. ) ;
#3326 = CARTESIAN_POINT ( 'NONE',  ( 12.49999999999999645, 7.494315484907637881, -5.915300471202186827 ) ) ;
#3327 = CARTESIAN_POINT ( 'NONE',  ( 12.90943831873000214, -6.528522475891808341, -9.908425653973768732 ) ) ;
#3328 = CARTESIAN_POINT ( 'NONE',  ( -15.40468664080962924, 7.354779904922066791, -21.00000000000001066 ) ) ;
#3329 = ORIENTED_EDGE ( 'NONE', *, *, #2389, .T. ) ;
#3330 = ORIENTED_EDGE ( 'NONE', *, *, #2220, .T. ) ;
#3331 = DIRECTION ( 'NONE',  ( -0.6593400753396387870, -0.7518448410750181443, 0.000000000000000000 ) ) ;
#3332 =( LENGTH_UNIT ( ) NAMED_UNIT ( * ) SI_UNIT ( .MILLI., .METRE. ) );
#3333 = EDGE_CURVE ( 'NONE', #2001, #3417, #763, .T. ) ;
#3334 = CARTESIAN_POINT ( 'NONE',  ( 1.900000000000018341, 8.484874837950194552E-14, -27.50000000000001066 ) ) ;
#3335 = DIRECTION ( 'NONE',  ( 0.000000000000000000, -1.000000000000000000, 2.428612866367527723E-14 ) ) ;
#3336 = EDGE_CURVE ( 'NONE', #1464, #1184, #3433, .T. ) ;
#3337 = EDGE_CURVE ( 'NONE', #2822, #1947, #277, .T. ) ;
#3338 = CARTESIAN_POINT ( 'NONE',  ( 11.30919148582262856, -7.920560577937870939, -12.93275126672923214 ) ) ;
#3339 = AXIS2_PLACEMENT_3D ( 'NONE', #1241, #2042, #2318 ) ;
#3340 = CARTESIAN_POINT ( 'NONE',  ( -10.69148936170213737, 8.038243187928575395, -12.89397360120649338 ) ) ;
#3341 = ORIENTED_EDGE ( 'NONE', *, *, #3019, .F. ) ;
#3342 = ORIENTED_EDGE ( 'NONE', *, *, #2201, .F. ) ;
#3343 = CARTESIAN_POINT ( 'NONE',  ( 12.49999999999999822, 7.494315484599027855, -5.915300471139019578 ) ) ;
#3344 = FACE_BOUND ( 'NONE', #3125, .T. ) ;
#3345 = VERTEX_POINT ( 'NONE', #315 ) ;
#3346 = VERTEX_POINT ( 'NONE', #1394 ) ;
#3347 = CARTESIAN_POINT ( 'NONE',  ( 12.75000000000000178, 2.204034631566448521, 7.567850158122308102 ) ) ;
#3348 = CARTESIAN_POINT ( 'NONE',  ( 5.213063096436586719, 11.71571043067912754, -16.29908847803738325 ) ) ;
#3349 = CIRCLE ( 'NONE', #2086, 15.22843652030393891 ) ;
#3350 = DIRECTION ( 'NONE',  ( -0.000000000000000000, -0.000000000000000000, 1.000000000000000000 ) ) ;
#3351 = CARTESIAN_POINT ( 'NONE',  ( -15.00059271710703257, -1.309197539314810310, -5.661752993305420922 ) ) ;
#3352 = EDGE_CURVE ( 'NONE', #1930, #2868, #2301, .T. ) ;
#3353 = AXIS2_PLACEMENT_3D ( 'NONE', #1280, #2102, #1553 ) ;
#3354 = AXIS2_PLACEMENT_3D ( 'NONE', #3174, #784, #3377 ) ;
#3355 = CARTESIAN_POINT ( 'NONE',  ( -14.52113479280206931, -3.456195179234186288, -6.900913706066737596 ) ) ;
#3356 = CARTESIAN_POINT ( 'NONE',  ( -12.75000000000000355, 6.616321703321392356, -9.045026257562758687 ) ) ;
#3357 = VERTEX_POINT ( 'NONE', #2986 ) ;
#3358 = VECTOR ( 'NONE', #1686, 1000.000000000000000 ) ;
#3359 = AXIS2_PLACEMENT_3D ( 'NONE', #2144, #2636, #523 ) ;
#3360 = CARTESIAN_POINT ( 'NONE',  ( 12.49999999999928946, 8.775510801402553795, -2.737912557308476380 ) ) ;
#3361 = FACE_OUTER_BOUND ( 'NONE', #862, .T. ) ;
#3362 = DIRECTION ( 'NONE',  ( -1.000000000000000000, -0.000000000000000000, 1.028723352537439825E-16 ) ) ;
#3363 = ORIENTED_EDGE ( 'NONE', *, *, #2389, .F. ) ;
#3364 = CIRCLE ( 'NONE', #578, 13.15489754250074306 ) ;
#3365 = CYLINDRICAL_SURFACE ( 'NONE', #1923, 1.099999999999999867 ) ;
#3366 = DIRECTION ( 'NONE',  ( -0.000000000000000000, -0.000000000000000000, 1.000000000000000000 ) ) ;
#3367 = AXIS2_PLACEMENT_3D ( 'NONE', #3302, #878, #912 ) ;
#3368 = CARTESIAN_POINT ( 'NONE',  ( -7.645748661323927397E-15, 0.000000000000000000, -30.40457638090298431 ) ) ;
#3369 = DIRECTION ( 'NONE',  ( 5.030698080332735525E-14, -1.000000000000000000, -0.000000000000000000 ) ) ;
#3370 = CARTESIAN_POINT ( 'NONE',  ( 12.96635842260507232, 7.244970330849008988, -7.529067678144531151 ) ) ;
#3371 = AXIS2_PLACEMENT_3D ( 'NONE', #3415, #3395, #1055 ) ;
#3372 = CARTESIAN_POINT ( 'NONE',  ( 10.93870090107704840, -7.781532029971734765, -12.68898950359134403 ) ) ;
#3373 = CARTESIAN_POINT ( 'NONE',  ( 0.3571290294438698165, -5.395661714503703799, -16.74994842027005859 ) ) ;
#3374 = ORIENTED_EDGE ( 'NONE', *, *, #2875, .T. ) ;
#3375 = CARTESIAN_POINT ( 'NONE',  ( 15.09367182324440471, -2.269891472848549530, -1.566035148780530850 ) ) ;
#3376 = CARTESIAN_POINT ( 'NONE',  ( 12.50000000000000000, -6.616321703321256464, -9.045026257562769345 ) ) ;
#3377 = DIRECTION ( 'NONE',  ( 0.000000000000000000, 0.000000000000000000, 1.000000000000000000 ) ) ;
#3378 = ORIENTED_EDGE ( 'NONE', *, *, #314, .T. ) ;
#3379 = EDGE_CURVE ( 'NONE', #1200, #3417, #1232, .T. ) ;
#3380 = CARTESIAN_POINT ( 'NONE',  ( -12.96224169464460196, -8.072561278482650593, -1.054755881758936864 ) ) ;
#3381 = CARTESIAN_POINT ( 'NONE',  ( 5.706368759022186765, 11.54323768193809308, -16.13695996980272795 ) ) ;
#3382 = CARTESIAN_POINT ( 'NONE',  ( -5.390284530945407937, 0.2494403687050202600, -15.85898298242949878 ) ) ;
#3383 = DIRECTION ( 'NONE',  ( 1.000000000000000000, 0.000000000000000000, -3.086170057612319597E-16 ) ) ;
#3384 = CARTESIAN_POINT ( 'NONE',  ( -14.95785897907465944, -1.433291397600908290, -5.984381647567523110 ) ) ;
#3385 = ADVANCED_FACE ( 'NONE', ( #1940 ), #2725, .F. ) ;
#3386 = B_SPLINE_CURVE_WITH_KNOTS ( 'NONE', 3,
 ( #24, #1629, #3156, #1089, #783, #1867, #843, #528 ),
 .UNSPECIFIED., .F., .F.,
 ( 4, 2, 2, 4 ),
 ( 3.817465841762019878E-16, 0.002454755440199067173, 0.004909510880397752706, 0.009819021760795123774 ),
 .UNSPECIFIED. ) ;
#3387 = CARTESIAN_POINT ( 'NONE',  ( -14.56841027269929967, -3.226837485382395787, -6.946152422707346119 ) ) ;
#3388 = CARTESIAN_POINT ( 'NONE',  ( -3.693497286732590368, -3.937495617669080961, -16.33820232197689748 ) ) ;
#3389 = ORIENTED_EDGE ( 'NONE', *, *, #492, .F. ) ;
#3390 = CARTESIAN_POINT ( 'NONE',  ( -15.40468664080962569, 6.000000000000000000, -7.347880794884118750E-16 ) ) ;
#3391 = DIRECTION ( 'NONE',  ( -1.836638480190444758E-16, 0.000000000000000000, -1.000000000000000000 ) ) ;
#3392 = CARTESIAN_POINT ( 'NONE',  ( 11.78784833104173835, 6.866351222814667032, -11.64338409175558198 ) ) ;
#3393 = EDGE_LOOP ( 'NONE', ( #2432, #1797, #1247, #949 ) ) ;
#3394 = EDGE_CURVE ( 'NONE', #2982, #403, #3170, .T. ) ;
#3395 = DIRECTION ( 'NONE',  ( -1.836638480190444758E-16, -0.000000000000000000, -1.000000000000000000 ) ) ;
#3396 = CARTESIAN_POINT ( 'NONE',  ( -12.48690238900833371, 7.501962413643767036, -9.534799711682302004 ) ) ;
#3397 = CARTESIAN_POINT ( 'NONE',  ( 9.315639644566644506, 9.251603319297904804, -13.92742185179367276 ) ) ;
#3398 = EDGE_CURVE ( 'NONE', #1650, #2411, #1685, .T. ) ;
#3399 = AXIS2_PLACEMENT_3D ( 'NONE', #1887, #825, #2662 ) ;
#3400 = CARTESIAN_POINT ( 'NONE',  ( -12.96448143727655733, 7.625147029366170948, -5.917653916274283610 ) ) ;
#3401 = CYLINDRICAL_SURFACE ( 'NONE', #187, 1.100000000000135758 ) ;
#3402 = DIRECTION ( 'NONE',  ( 0.000000000000000000, 0.000000000000000000, 1.000000000000000000 ) ) ;
#3403 = B_SPLINE_CURVE_WITH_KNOTS ( 'NONE', 3,
 ( #537, #2671, #1896, #2365, #761, #1322, #497, #18, #3164, #1565, #2945, #2635, #1041, #3453 ),
 .UNSPECIFIED., .F., .F.,
 ( 4, 2, 2, 2, 2, 2, 4 ),
 ( 0.000000000000000000, 0.0006357407535189956620, 0.001271481507037991324, 0.001907222260556986878, 0.002542963014075982648, 0.003814444521113981128, 0.005085926028151980041 ),
 .UNSPECIFIED. ) ;
#3404 = CARTESIAN_POINT ( 'NONE',  ( 11.78124497047884667, 6.873261446144800502, -11.65421833678391650 ) ) ;
#3405 = EDGE_CURVE ( 'NONE', #1278, #2477, #167, .T. ) ;
#3406 = CARTESIAN_POINT ( 'NONE',  ( -4.847541662333527235, -2.395830940757498251, -16.03383430907454965 ) ) ;
#3407 = EDGE_LOOP ( 'NONE', ( #603, #1236, #1166, #951, #2823 ) ) ;
#3408 = AXIS2_PLACEMENT_3D ( 'NONE', #334, #675, #2276 ) ;
#3409 = AXIS2_PLACEMENT_3D ( 'NONE', #3100, #658, #2570 ) ;
#3410 = CARTESIAN_POINT ( 'NONE',  ( 14.98957971392127497, 0.000000000000000000, -4.626039208929688386E-15 ) ) ;
#3411 = CARTESIAN_POINT ( 'NONE',  ( 12.49999999999998401, -6.543201495941318058, -9.236462783258748033 ) ) ;
#3412 = CARTESIAN_POINT ( 'NONE',  ( 12.95778922458573312, 6.598992213462614664, -9.494236557364502005 ) ) ;
#3413 = B_SPLINE_CURVE_WITH_KNOTS ( 'NONE', 3,
 ( #649, #3297, #906, #575, #2196, #2491, #3261, #1360, #1433, #49, #1989, #874, #1675, #2738, #1149, #1937, #1952, #1115, #1099, #2178, #2962, #3238, #2233, #855, #3039, #888 ),
 .UNSPECIFIED., .F., .F.,
 ( 4, 2, 2, 2, 2, 2, 2, 2, 2, 2, 2, 2, 4 ),
 ( 0.02312413894244746970, 0.02380152591665531461, 0.02447891289086315952, 0.02583368683927884935, 0.02651107381348669079, 0.02718846078769453570, 0.02854323473611022552, 0.02989800868452591187, 0.03057539565873375678, 0.03125278263294160169, 0.03193016960714945007, 0.03260755658135729151, 0.03396233052977298134 ),
 .UNSPECIFIED. ) ;
#3414 = ORIENTED_EDGE ( 'NONE', *, *, #2179, .F. ) ;
#3415 = CARTESIAN_POINT ( 'NONE',  ( 1.413121995650728807E-15, 0.000000000000000000, 7.694067236924054143 ) ) ;
#3416 = AXIS2_PLACEMENT_3D ( 'NONE', #1891, #1580, #252 ) ;
#3417 = VERTEX_POINT ( 'NONE', #613 ) ;
#3418 = CARTESIAN_POINT ( 'NONE',  ( -12.50000000000000355, 6.616321703321403014, -9.045026257562769345 ) ) ;
#3419 =( BOUNDED_SURFACE ( )  B_SPLINE_SURFACE ( 3, 2, ( 
 ( #1311, #2892, #500 ),
 ( #1102, #2182, #524 ),
 ( #1587, #3167, #2440 ),
 ( #1898, #2948, #1043 ),
 ( #1065, #485, #559 ),
 ( #1602, #244, #777 ),
 ( #1, #2164, #1032 ),
 ( #2110, #3152, #2658 ) ),
 .UNSPECIFIED., .F., .F., .T. ) 
 B_SPLINE_SURFACE_WITH_KNOTS ( ( 4, 2, 2, 4 ),
 ( 3, 3 ),
 ( -2.168404344971008868E-19, 0.004859505638649028701, 0.007289258457973542618, 0.009719011277298057402 ),
 ( 0.000000000000000000, 1.000000000000000000 ),
 .UNSPECIFIED. ) 
 GEOMETRIC_REPRESENTATION_ITEM ( )  RATIONAL_B_SPLINE_SURFACE ( (
 ( 1.000000000000000000, 0.2733302092803322481, 1.000000000000000000),
 ( 1.000000000000000000, 0.2755230733108658958, 1.000000000000000000),
 ( 1.000000000000000000, 0.2748191206248450924, 1.000000000000000000),
 ( 1.000000000000000000, 0.2691957619782847089, 1.000000000000000000),
 ( 1.000000000000000000, 0.2665519393266141956, 1.000000000000000000),
 ( 1.000000000000000000, 0.2594559760283178806, 1.000000000000000000),
 ( 1.000000000000000000, 0.2550418152740611677, 1.000000000000000000),
 ( 1.000000000000000000, 0.2495962912200497541, 1.000000000000000000) ) ) 
 REPRESENTATION_ITEM ( '' )  SURFACE ( )  );
#3420 = CARTESIAN_POINT ( 'NONE',  ( -12.50000000000000000, -2.999999999999952482, -5.196152422706661334 ) ) ;
#3421 = DIRECTION ( 'NONE',  ( -0.000000000000000000, -0.000000000000000000, 1.000000000000000000 ) ) ;
#3422 = AXIS2_PLACEMENT_3D ( 'NONE', #1137, #3022, #2514 ) ;
#3423 = CARTESIAN_POINT ( 'NONE',  ( 2.964444092173922130, -12.28024663866764321, -16.83341759461529819 ) ) ;
#3424 = CARTESIAN_POINT ( 'NONE',  ( 14.98957971392127497, 0.000000000000000000, -4.626039208929688386E-15 ) ) ;
#3425 = ADVANCED_FACE ( 'NONE', ( #1642 ), #109, .F. ) ;
#3426 = CARTESIAN_POINT ( 'NONE',  ( 15.40468664080963634, 3.367778697655221012E-16, -2.750000000000004441 ) ) ;
#3427 = CARTESIAN_POINT ( 'NONE',  ( -8.369257847296262653, 10.44107557785036633, -14.51810457886903905 ) ) ;
#3428 = ORIENTED_EDGE ( 'NONE', *, *, #2719, .T. ) ;
#3429 = CYLINDRICAL_SURFACE ( 'NONE', #2261, 16.75000000000000000 ) ;
#3430 = CARTESIAN_POINT ( 'NONE',  ( -12.21042797468870944, -6.990771691391262088, -11.83457435757046916 ) ) ;
#3431 = CARTESIAN_POINT ( 'NONE',  ( 12.87178281924381729, 6.514842396723002693, -10.12005359642098945 ) ) ;
#3432 = ORIENTED_EDGE ( 'NONE', *, *, #3337, .F. ) ;
#3433 = B_SPLINE_CURVE_WITH_KNOTS ( 'NONE', 3,
 ( #2145, #2619, #3189, #799, #223, #2637, #298, #2933, #540, #1294, #2674, #274, #1342, #3207 ),
 .UNSPECIFIED., .F., .F.,
 ( 4, 2, 2, 2, 2, 2, 4 ),
 ( 7.410741937918042371E-18, 0.0006141113378740458827, 0.001228222675748084393, 0.001842334013622122686, 0.002456445351496161413, 0.003684668027244234964, 0.004912890702992308949 ),
 .UNSPECIFIED. ) ;
#3434 = ORIENTED_EDGE ( 'NONE', *, *, #3405, .F. ) ;
#3435 = CARTESIAN_POINT ( 'NONE',  ( -12.00270872164608527, 7.205532885353026273, -12.12856131318626396 ) ) ;
#3436 = CARTESIAN_POINT ( 'NONE',  ( -2.613986052186436204, 12.09448833786352218, -16.54682118088590670 ) ) ;
#3437 = CARTESIAN_POINT ( 'NONE',  ( 15.23971408995153354, 0.2043988681423911657, -2.750000000000005329 ) ) ;
#3438 = CARTESIAN_POINT ( 'NONE',  ( -14.00000000000000000, -2.999999999999778844, -3.446152422706684870 ) ) ;
#3439 = CARTESIAN_POINT ( 'NONE',  ( -5.268953718260604546, 11.72251684841167929, -16.30411085961222284 ) ) ;
#3440 = ORIENTED_EDGE ( 'NONE', *, *, #2785, .F. ) ;
#3441 = EDGE_CURVE ( 'NONE', #1263, #2660, #1557, .T. ) ;
#3442 = EDGE_CURVE ( 'NONE', #1820, #2774, #601, .T. ) ;
#3443 = CARTESIAN_POINT ( 'NONE',  ( 15.12698063177574426, -2.011455307971170114, -1.886510251697887108 ) ) ;
#3444 = CARTESIAN_POINT ( 'NONE',  ( -14.00000000000000000, -4.384703398012619324, 4.126060604433343215 ) ) ;
#3445 = CARTESIAN_POINT ( 'NONE',  ( -12.50000000000000000, -2.999999999999952482, -6.096152422706660801 ) ) ;
#3446 = CARTESIAN_POINT ( 'NONE',  ( -14.57039335176765960, 4.407639301881799199, 0.7449530072957205595 ) ) ;
#3447 = ORIENTED_EDGE ( 'NONE', *, *, #1484, .T. ) ;
#3448 = DIRECTION ( 'NONE',  ( -1.000000000000000000, 1.154588794620809120E-16, 0.000000000000000000 ) ) ;
#3449 = CARTESIAN_POINT ( 'NONE',  ( -11.98475200459525780, 7.626832179702107695, -11.29594262341475108 ) ) ;
#3450 = STYLED_ITEM ( 'NONE', ( #2009 ), #847 ) ;
#3451 = CARTESIAN_POINT ( 'NONE',  ( 4.086391380638513482, 11.78477470957048467, -16.25171206502173149 ) ) ;
#3452 = CARTESIAN_POINT ( 'NONE',  ( -12.96224440027071445, 8.072508854672344469, -2.685354178837330075 ) ) ;
#3453 = CARTESIAN_POINT ( 'NONE',  ( -11.04552720299155766, 8.182297624385782342, -13.14912914822988377 ) ) ;
#3454 = CARTESIAN_POINT ( 'NONE',  ( -2.999999999999915623, -8.508143127133993220E-14, -27.50000000000001066 ) ) ;
ENDSEC;
END-ISO-10303-21;
